tree
version=v3
num_class=1
num_tree_per_iteration=1
label_index=0
max_feature_idx=27
objective=regression

Tree=0
num_leaves=63
num_cat=0
split_feature=4 4 14 2 1 14 4 0 17 0 4 14 8 6 0 4 13 2 0 21 4 19 21 1 4 0 14 19 19 3 19 23 4 14 4 14 1 15 0 19 4 1 21 20 1 7 1 20 14 14 2 21 4 21 21 2 1 0 3 0 1 2
threshold=-0.0711180789270 -3.04151162357 -0.246854419237 -37.0978986900 89.4700000000 -0.887818084911 -10.9951499617 182.305000000 0.589172198853 285.900000000 -5.51901401705 -0.172438734032 2.22025006034 0.0116888600164 145.053000000 -3.61082322397 0.143128537702 -8.26659301999 252.856000000 -0.0937182312575 -2.24318926726 0.00778305936144 -0.140755310962 9.49400000000 -0.830535944376 290.506000000 0.0498673096261 0.00159446936099 -0.0475823412405 -0.185421340445 0.00159446936099 -0.471410754725 3.09490633225 0.122383999960 0.318412943747 0.0610565794768 131.791000000 0.00389589576629 135.374000000 -0.00156573078836 1.59184062530 84.5470000000 0.267802785389 0.264556368195 14.1000000000 0.00815496668512 159.993000000 -0.0480919145085 0.321925094813 0.122383999960 -51.1407986400 0.157267426668 6.11085355053 0.437393903212 0.316817395879 27.7015644300 33.0280000000 290.506000000 2.93284992940 159.143000000 211.316000000 42.0882536800
decision_type=2 2 2 2 2 2 2 2 2 2 2 2 2 2 2 2 2 2 2 2 2 2 2 2 2 2 2 2 2 2 2 2 2 2 2 2 2 2 2 2 2 2 2 2 2 2 2 2 2 2 2 2 2 2 2 2 2 2 2 2 2 2
left_child=1 2 3 4 5 -1 -3 8 -5 -7 11 12 -9 -11 15 -13 -15 18 19 20 -17 -19 23 -21 -23 26 27 -25 -27 30 -29 -31 33 34 35 36 -33 -35 39 -37 -39 42 43 -41 -43 46 -45 -47 49 50 -49 -50 53 -52 -54 56 57 -56 -58 60 -60 -62
right_child=32 17 10 7 6 -2 -4 9 -6 -8 14 13 -10 -12 16 -14 -16 25 22 21 -18 -20 24 -22 -24 29 28 -26 -28 31 -30 -32 48 41 38 37 -34 -36 40 -38 -40 45 44 -42 -44 47 -46 -48 55 52 51 -51 54 -53 -55 59 58 -57 -59 61 -61 -63
leaf_value=0.477020662882 0.478757892540 0.478400376323 0.483105146740 0.487103705548 0.491801874119 0.484664921151 0.478825841280 0.489818293671 0.483697270004 0.478586311651 0.491783984127 0.494619281563 0.498652389423 0.490817080923 0.479083612197 0.494187885146 0.498007711142 0.500112653431 0.505938719720 0.478757802121 0.486585755250 0.496612381444 0.510148787042 0.501914198226 0.507060525647 0.501759001900 0.516924123303 0.481629543358 0.499616450461 0.488212381444 0.516445989716 0.502885919576 0.507900905649 0.514557549608 0.507987772185 0.507295348144 0.511802670363 0.513101749907 0.518001744486 0.512385465884 0.521666296170 0.532307806344 0.525008481932 0.517540025080 0.499288884820 0.511942733398 0.517658049052 0.476787267795 0.515468085529 0.521728807605 0.521457275818 0.525261047034 0.525579713476 0.529512238144 0.530257603969 0.535466939174 0.518057516585 0.526619974031 0.530762872085 0.526162730412 0.532670347949 0.535435030648
internal_count=0
leaf_count=0

Tree=1
num_leaves=61
num_cat=0
split_feature=4 4 14 2 0 2 14 1 8 16 14 8 1 5 7 16 4 4 0 14 4 14 0 5 0 14 1 14 8 20 9 14 4 14 4 14 8 19 1 5 20 1 21 20 1 7 0 19 14 2 21 16 4 2 21 3 2 1 14 5
threshold=-0.0711180789270 -3.94564055199 -0.344703051085 -37.0978986900 201.378000000 -58.8245610000 -0.753489055553 112.702000000 0.0549097436261 0.00519676014141 -0.172438734032 1.95929095360 239.515000000 0.194546386431 0.0570090069520 1.80765683408 -5.51901401705 -1.79145888008 238.752000000 -0.219412952710 -2.24318926726 -0.0581100847818 276.415000000 -0.330871973152 290.506000000 -0.0804062324948 89.4700000000 -0.493080888630 0.217266119482 -0.00155896747622 0.0208411115299 0.0610565794768 3.09490633225 0.122383999960 1.22940533169 0.0498673096261 4.64350586095 -0.401600114543 150.502000000 0.470126150570 -0.0480919145085 80.0090000000 0.373831299355 0.0312378953149 9.49400000000 0.00815496668512 145.053000000 -0.0475823412405 0.253056683203 -51.1407986400 0.157267426668 1.71922194776 4.09441681037 37.6781652500 0.437393903212 2.93284992940 24.9135837700 136.419000000 0.410415384778 -1.74418511906
decision_type=2 2 2 2 2 2 2 2 2 2 2 2 2 2 2 2 2 2 2 2 2 2 2 2 2 2 2 2 2 2 2 2 2 2 2 2 2 2 2 2 2 2 2 2 2 2 2 2 2 2 2 2 2 2 2 2 2 2 2 2
left_child=1 2 3 4 5 -1 -3 8 -5 -7 11 12 -9 -11 15 -13 -15 18 19 20 -17 -19 23 -21 -23 26 27 -25 -27 30 -29 -31 33 34 35 36 -33 -35 39 -37 -39 42 43 -41 -43 46 -45 -47 49 -49 51 -50 -52 54 55 -54 -56 58 -58 -60
right_child=32 17 10 7 6 -2 -4 9 -6 -8 14 13 -10 -12 16 -14 -16 25 22 21 -18 -20 24 -22 -24 29 28 -26 -28 31 -30 -32 48 41 38 37 -34 -36 40 -38 -40 45 44 -42 -44 47 -46 -48 53 50 52 -51 -53 57 56 -55 -57 59 -59 -61
leaf_value=-0.0266838222655 -0.0223385843241 -0.0279864505386 -0.0262352681748 -0.0151914110677 -0.0234237133973 -0.0240785414504 -0.0164735421804 -0.0173553382420 -0.0106774725403 -0.0232110643972 -0.0201695896057 -0.0276802763647 -0.0227240651782 -0.0149388494541 -0.0105784519771 -0.0147992416310 -0.00776963455755 -0.00962962976049 -0.00478569115238 -0.0142186506067 -0.0198158088634 -0.0220386881265 -0.0271727711674 -0.0166456109362 -0.00949437821218 -0.00147565692325 -0.00562508162199 -0.00561266634439 -0.000697501843869 -0.00138579752504 0.0121084839315 0.000688020816983 0.0157216938517 -0.00159002241932 0.00552834766613 0.00744767073986 0.0132412813958 0.00150247677780 0.00623460187983 0.00591841587409 0.0161259094860 0.0256168436094 0.0176748769267 -0.00733263780597 0.0117325648850 0.00392780193981 0.0102156852880 -0.0283321664902 0.00139518014794 0.00976125099045 0.0121686060675 0.0173023059549 0.00905797724173 0.0163627298589 0.0187786936543 0.0227611880826 0.0234666163300 0.0268307090632 0.0159700889375 0.0225368669807
internal_count=0
leaf_count=0

Tree=2
num_leaves=63
num_cat=0
split_feature=4 4 14 2 1 2 3 1 8 17 4 14 8 7 0 19 0 3 1 1 1 21 21 4 19 0 20 0 14 3 19 19 4 14 14 20 14 1 19 1 0 0 21 14 0 4 1 21 14 14 2 21 4 19 21 2 1 1 3 1 2 27
threshold=-0.0711180789270 -3.04151162357 -0.308770995518 -37.0978986900 131.791000000 -45.4388814100 -9.23134234056 117.695000000 0.0857490147627 0.589172198853 -5.10031717597 -0.172438734032 2.22025006034 0.219307389626 145.053000000 0.00159446936099 271.827000000 -1.29557689674 80.0090000000 23.5850000000 9.49400000000 -0.170981480196 -0.0937182312575 -2.24318926726 0.00156472019119 285.900000000 -0.00155896747622 248.190000000 0.0498673096261 -0.185421340445 0.00778305936144 -0.401600114543 3.09490633225 0.138255916411 0.0498673096261 0.152388349610 -0.0581100847818 33.0280000000 -0.0475823412405 235.178000000 125.862000000 252.856000000 0.0503404796097 0.708911733144 163.581000000 1.59184062530 9.49400000000 0.373831299355 0.321925094813 0.122383999960 -51.1407986400 0.157267426668 5.52468036120 -0.00155511297062 0.267802785389 27.7015644300 33.0280000000 9.49400000000 2.93284992940 131.791000000 42.0882536800 1.18726110774
decision_type=2 2 2 2 2 2 2 2 2 2 2 2 2 2 2 2 2 2 2 2 2 2 2 2 2 2 2 2 2 2 2 2 2 2 2 2 2 2 2 2 2 2 2 2 2 2 2 2 2 2 2 2 2 2 2 2 2 2 2 2 2 2
left_child=1 2 3 4 5 -1 -3 8 -5 -7 11 12 -9 -11 15 -13 -15 18 19 20 -17 -19 23 -21 -23 26 27 -25 -27 30 -29 -31 33 34 35 36 -33 -35 39 -37 -39 42 43 -41 -43 46 -45 -47 49 50 -49 -50 53 -52 -54 56 57 -56 -58 60 -60 -62
right_child=32 17 10 7 6 -2 -4 9 -6 -8 14 13 -10 -12 16 -14 -16 25 22 21 -18 -20 24 -22 -24 29 28 -26 -28 31 -30 -32 48 41 38 37 -34 -36 40 -38 -40 45 44 -42 -44 47 -46 -48 55 52 51 -51 54 -53 -55 59 58 -57 -59 61 -61 -63
leaf_value=-0.0260246725600 -0.0236379125555 -0.0247266758701 -0.0200905959993 -0.0137332446634 -0.0212662089424 -0.0180904690532 -0.0134176899399 -0.0170272539656 -0.0209732255222 -0.0246239799462 -0.0134211421744 -0.0105826146983 -0.00603472105339 -0.0145615190107 -0.0252901854578 -0.0253745581559 -0.0196241785235 -0.0155014379655 -0.00451335780979 -0.0105522245897 -0.00754736380340 -0.00624516617153 -0.00204272577701 -0.00458426314214 -0.0124427250888 -0.00243660749785 0.00970463268879 -0.0200505449898 -0.00257035067610 -0.0168433151689 0.0115299657592 -0.00240215823893 0.00106313743162 0.0166341759097 0.00451529537611 0.00194454156444 -0.00401649823747 0.00517582180411 0.00885897207720 0.00503663906447 -0.00794517239587 0.00814933897192 0.0122719092953 0.0218821580075 0.0119120107833 0.0134677432728 0.0222896102021 -0.0266435089599 0.00730232341756 0.0131778372242 0.0109195845791 0.0150139289114 0.0152463482065 0.0190234891718 0.0255052925887 0.0203962193092 0.00932885698314 0.0174347313792 0.0228754737602 0.0252616055452 0.0218675294872 0.0190779450782
internal_count=0
leaf_count=0

Tree=3
num_leaves=63
num_cat=0
split_feature=4 4 14 2 2 14 1 1 0 17 4 14 8 4 0 4 0 14 0 2 19 2 0 4 19 4 19 1 13 5 20 21 2 14 4 8 20 0 2 5 1 4 1 1 0 7 21 14 4 14 5 20 21 14 4 4 6 26 0 1 2 16
threshold=-0.0711180789270 -3.04151162357 -0.344703051085 -37.0978986900 -58.8245610000 -0.648374684503 94.1050000000 169.032000000 285.900000000 0.00747273759650 -5.51901401705 -0.172438734032 1.88187114230 -8.28138784250 140.007000000 -3.94564055199 271.827000000 -0.152147045261 229.547000000 -7.07819090000 0.00156472019119 -4.96239504000 290.506000000 -2.24318926726 0.00159446936099 -1.18771476102 0.00159446936099 14.1000000000 -0.138204252754 -0.361555380804 -0.00155896747622 -0.0586384021564 18.6897700000 0.0837077082107 1.22940533169 4.64350586095 -0.00156604562540 88.6840000000 -40.8000080600 1.14971668305 42.2580000000 1.59184062530 9.49400000000 9.49400000000 177.684000000 0.00815496668512 0.883342274276 0.321925094813 4.09441681037 0.155811516099 -0.677031752773 -0.0480919145085 0.189586937398 0.0837077082107 6.77381832772 4.09441681037 0.000193551714386 0.00000000000 271.827000000 150.502000000 42.0882536800 0.00763507090722
decision_type=2 2 2 2 2 2 2 2 2 2 2 2 2 2 2 2 2 2 2 2 2 2 2 2 2 2 2 2 2 2 2 2 2 2 2 2 2 2 2 2 2 2 2 2 2 2 2 2 2 2 2 2 2 2 2 2 2 2 2 2 2 2
left_child=1 2 3 4 5 -1 -3 8 -5 -7 11 12 -9 -11 15 -13 -15 18 19 20 -17 -19 23 -21 -23 26 27 -25 -27 30 -29 -31 33 34 35 36 -33 -35 -37 -38 41 42 -40 -42 45 -44 -46 48 49 50 -48 -50 53 -52 -54 56 57 -56 -58 60 -60 -62
right_child=32 17 10 7 6 -2 -4 9 -6 -8 14 13 -10 -12 16 -14 -16 25 22 21 -18 -20 24 -22 -24 29 28 -26 -28 31 -30 -32 47 40 38 37 -34 -36 39 -39 44 43 -41 -43 46 -45 -47 55 52 51 -49 -51 54 -53 -55 59 58 -57 -59 61 -61 -63
leaf_value=-0.0250545826068 -0.0232199611289 -0.0237032502145 -0.0194228824906 -0.0182701373396 -0.0237071924483 -0.0235842531479 -0.0119712000790 -0.0146150862011 -0.0197679752492 -0.0166140849765 -0.0119572875447 -0.0111747349700 -0.00759070016504 -0.0145641936596 -0.0237871260247 -0.00998357547533 -0.00454624483394 0.00368563909952 -0.00512643548763 -0.0183826439877 -0.0109035055102 -0.0235434408614 -0.0149521612940 -0.0208225002812 -0.00648129101716 -0.00657151557416 -0.00108003977395 -0.00334735823095 0.00374537262389 -0.00504844731722 -0.00105209918556 -0.00183073665657 0.00186924901011 0.0220460910513 0.0106988963473 -0.0252023291729 0.00429844878299 0.0105172830833 0.0203445627406 0.0118105214677 0.0241803791255 0.0197211074011 -0.00435736536787 0.00705805552051 0.00727482743735 0.0136659203661 0.00156095267778 0.00663406267785 0.00690870212740 0.0140786351863 0.00588908331386 0.0120413108733 0.0147976711711 0.0182059778462 -0.00408252589676 0.0242238649851 0.0161051690065 0.0212119093312 0.0210664540507 0.0236103151750 0.0221266296972 0.0182121024551
internal_count=0
leaf_count=0

Tree=4
num_leaves=61
num_cat=0
split_feature=4 4 14 2 14 0 8 0 19 0 4 21 4 14 0 8 16 3 1 21 1 21 19 14 4 20 1 2 21 3 0 13 14 4 14 20 1 1 19 21 1 2 21 16 4 2 0 7 3 2 0 21 4 14 4 19 5 1 2 5
threshold=-0.0711180789270 -3.04151162357 -0.219412952710 -33.7232243500 -0.648374684503 168.209000000 1.95929095360 140.007000000 0.00158269519046 281.078000000 -5.51901401705 -0.628221089709 -6.65274731568 -0.172438734032 149.498000000 2.12476563595 0.00763507090722 -1.10931758721 80.0090000000 -0.282127104250 14.1000000000 -0.114930635698 0.00156472019119 -0.152147045261 -1.79145888008 -0.00155896747622 51.8100000000 0.669401129999 -0.0937182312575 0.331081633047 159.143000000 0.262546376222 0.175391712368 2.25209925072 0.0498673096261 0.00159374664799 94.1050000000 51.8100000000 -0.0475823412405 0.0648473571345 188.257000000 -40.8000080600 0.189586937398 1.71922194776 4.09441681037 24.9135837700 187.298000000 0.00815496668512 0.927157033232 16.8950152800 271.827000000 0.0280251752848 1.83224003965 0.410415384778 6.11085355053 -0.0475823412405 -0.733153937861 211.316000000 42.0882536800 -0.361555380804
decision_type=2 2 2 2 2 2 2 2 2 2 2 2 2 2 2 2 2 2 2 2 2 2 2 2 2 2 2 2 2 2 2 2 2 2 2 2 2 2 2 2 2 2 2 2 2 2 2 2 2 2 2 2 2 2 2 2 2 2 2 2
left_child=1 2 3 4 5 -1 -3 8 -5 -7 11 12 -9 -11 15 -13 -15 18 19 20 -17 -19 23 -21 -23 26 27 -25 -27 30 -29 -31 33 34 35 36 -33 -35 39 -37 -39 -41 43 -42 -44 46 47 48 -46 -48 51 -50 -52 54 55 -54 -56 58 -58 -60
right_child=32 17 10 7 6 -2 -4 9 -6 -8 14 13 -10 -12 16 -14 -16 25 22 21 -18 -20 24 -22 -24 29 28 -26 -28 31 -30 -32 45 41 38 37 -34 -36 40 -38 -40 42 44 -43 -45 53 50 49 -47 -49 52 -51 -53 57 56 -55 -57 59 -59 -61
leaf_value=-0.0203686498887 -0.0230836257912 -0.0172970436463 -0.0209352966944 -0.0127171208721 -0.00556119868242 -0.0165425166882 -0.0210549502114 -0.0221493125886 -0.0143720673651 -0.0158913072086 -0.0120801634147 -0.00973139181785 -0.00623403705537 -0.0221655164129 -0.0125099918486 -0.0210312746594 -0.0143472864620 -0.00967665293432 -0.000378353114262 -0.00922814068095 -0.00609909325723 -0.00568548589655 -0.00129519550162 -0.0147996923090 -0.00487024902230 -0.00633770611196 -0.00302008060064 -0.000449197855694 -0.00418048991303 0.00396767258442 0.0163048276886 -0.00475841571770 0.000568487423079 0.0120880524171 0.00324329386504 -0.00391948278380 0.00130170330311 0.00769566996613 0.00438268344104 -0.0236476326782 0.00377230536168 0.00812199765849 0.00919729199406 0.0144260925577 -0.0100459696986 0.00505737831820 0.00705418799583 0.0118552613979 -0.00357093765053 0.0132779102957 0.0147802495245 0.0208269863760 0.0100613227046 0.0152172888893 0.0135439632404 0.0184299585082 0.0198425299452 0.0220394219569 0.00640486823307 0.0146855109610
internal_count=0
leaf_count=0

Tree=5
num_leaves=61
num_cat=0
split_feature=4 4 14 4 0 8 14 1 8 16 4 3 14 3 14 8 6 4 14 1 0 14 0 8 18 1 14 0 19 4 17 8 4 14 4 17 12 20 0 11 4 0 21 11 1 21 20 0 14 2 21 0 4 0 2 4 4 2 14 4
threshold=-0.305730526963 -3.94564055199 -0.219412952710 -6.65274731568 97.6330000000 1.95929095360 -0.753489055553 98.6220000000 0.0549097436261 0.00492632181315 -8.28138784250 -16.7273900130 -0.152147045261 -9.23134234056 -0.172438734032 2.22025006034 0.0145590528017 -2.24318926726 -0.308770995518 98.6220000000 290.506000000 -2.69413778997 145.053000000 2.32101311946 0.00155754263487 98.6220000000 -0.0467495563097 290.506000000 -0.401600114543 -1.18771476102 0.00540256988241 0.253504512106 3.71511591302 0.122383999960 0.318412943747 0.00867734936179 0.0992196284065 0.00159374664799 135.374000000 -0.0179063814731 2.04134410612 262.320000000 0.373831299355 0.0229474023627 164.626000000 0.189586937398 -0.609623434671 290.506000000 0.362963520416 -51.1407986400 0.189586937398 12.7700000000 6.77381832772 145.053000000 18.6897700000 5.00117569032 6.77381832772 37.6781652500 0.836570849422 11.2685095326
decision_type=2 2 2 2 2 2 2 2 2 2 2 2 2 2 2 2 2 2 2 2 2 2 2 2 2 2 2 2 2 2 2 2 2 2 2 2 2 2 2 2 2 2 2 2 2 2 2 2 2 2 2 2 2 2 2 2 2 2 2 2
left_child=1 2 3 4 5 -1 -3 8 -5 -7 11 12 -9 -11 15 -13 -15 18 19 20 -17 -19 23 -21 -23 26 27 -25 -27 30 -29 -31 33 34 35 36 -33 -35 39 -37 -39 42 43 -41 -43 46 -45 -47 49 -49 51 -50 -52 54 55 -54 -56 58 -58 -60
right_child=32 17 10 7 6 -2 -4 9 -6 -8 14 13 -10 -12 16 -14 -16 25 22 21 -18 -20 24 -22 -24 29 28 -26 -28 31 -30 -32 48 41 38 37 -34 -36 40 -38 -40 45 44 -42 -44 47 -46 -48 53 50 52 -51 -53 57 56 -55 -57 59 -59 -61
leaf_value=-0.0124499953727 -0.0179595887548 -0.0219177717957 -0.0198039903485 -0.00884718088959 -0.0191507336492 -0.0210111860287 -0.0131985037657 -0.0158397121301 0.00375937929748 -0.0178353530818 -0.0140522811240 -0.0112604173227 -0.0157486945789 -0.0183162746256 -0.00853868368130 -0.0159675242519 -0.0221174790588 -0.00586396949081 -0.0131054923591 -0.00737862377622 -0.00218222317445 -0.0123370655245 -0.00689256273650 -0.00858319003651 -0.0184508891793 -0.00799274893372 0.00415435726641 -0.0229972569798 -0.00474787893686 0.00165406984850 -0.00300054685817 0.00120000847612 0.00523191965350 -0.00236613413531 0.00205651316068 0.000998795268297 0.00416278181908 0.00554120382748 0.00979035978997 0.00260005693827 0.00799501891663 0.0115232919111 0.00718035853055 -0.00337185413226 0.0101891062174 0.0148711187319 0.0204132894021 -0.0221469999139 0.000268639276942 0.00970488352974 0.0128089374034 0.0164943057535 0.00580605757373 -0.0136943103363 0.0146270914775 0.0179352447942 0.0167157672972 0.0194923554204 0.0200632547865 0.0217028529853
internal_count=0
leaf_count=0

Tree=6
num_leaves=61
num_cat=0
split_feature=4 4 14 2 0 2 14 1 8 16 14 4 27 21 6 17 19 2 1 0 19 21 4 17 18 0 19 17 19 2 0 19 4 14 4 20 0 13 1 9 4 0 7 1 19 21 11 4 14 2 21 16 4 2 21 19 0 21 19 0
threshold=-0.305730526963 -3.94564055199 -0.246854419237 -45.4388814100 102.779000000 -68.2682700000 -0.753489055553 89.4700000000 0.0549097436261 0.00540826492897 -0.152147045261 -6.65274731568 1.50573808424 -0.140755310962 0.00184896452653 2.68019417816 0.423535691525 -8.26659301999 108.211000000 271.827000000 0.00158269519046 -0.170981480196 -2.01525026774 0.633984141587 0.00156589579303 290.506000000 0.00154619919535 0.633984141587 0.00155400179613 -2.02920675999 295.179000000 -0.00158519755211 3.09490633225 0.108432265917 0.318412943747 -0.00156604562540 191.789000000 -0.138204252754 169.032000000 -0.00794605181431 2.50530408888 219.991000000 0.00815496668512 154.947000000 -0.0475823412405 0.373831299355 0.407374050326 1.59184062530 0.253056683203 -51.1407986400 0.157267426668 1.71922194776 4.54865548792 37.6781652500 0.437393903212 -0.00155821758052 238.752000000 0.607637778975 -0.00158519755211 159.143000000
decision_type=2 2 2 2 2 2 2 2 2 2 2 2 2 2 2 2 2 2 2 2 2 2 2 2 2 2 2 2 2 2 2 2 2 2 2 2 2 2 2 2 2 2 2 2 2 2 2 2 2 2 2 2 2 2 2 2 2 2 2 2
left_child=1 2 3 4 5 -1 -3 8 -5 -7 11 12 -9 -11 15 -13 -15 18 19 20 -17 -19 23 -21 -23 26 27 -25 -27 30 -29 -31 33 34 35 36 -33 -35 39 -37 -39 42 43 -41 -43 46 -45 -47 49 -49 51 -50 -52 54 55 -54 -56 58 -58 -60
right_child=32 17 10 7 6 -2 -4 9 -6 -8 14 13 -10 -12 16 -14 -16 25 22 21 -18 -20 24 -22 -24 29 28 -26 -28 31 -30 -32 48 41 38 37 -34 -36 40 -38 -40 45 44 -42 -44 47 -46 -48 53 50 52 -51 -53 57 56 -55 -57 59 -59 -61
leaf_value=-0.0181431584705 -0.0128012281066 -0.0207058445043 -0.0190698599296 -0.0108096857517 -0.0183325754772 -0.0189210367192 -0.0129168680223 -0.0144342267616 -0.0193620930861 -0.0116743084843 -0.00106574891540 -0.0227102752096 -0.0152489685462 -0.00937615584762 -0.00477308743443 -0.0125379640634 -0.00598456283116 -0.0174176208444 -0.00462776952080 -0.0114030115034 -0.00668095378812 -0.00511804153954 -0.000659431747578 -0.00178779658836 -0.00476734546334 0.00924361807051 -0.000877513280525 -0.0128088764894 -0.0218904316823 -0.0143498823994 0.00651315303158 -0.00226420733489 -0.00771681124935 -0.00223826698719 0.00159043833774 0.00296265134890 0.00646937209706 0.00195950878454 0.00735779601785 0.00907365712572 -0.00625718881621 0.00183926078782 0.00730337785566 0.00425003726735 0.0122103119278 0.0110432975975 0.0159309909991 -0.0208658441145 -0.000680001505671 0.00717587905506 0.00925714588035 0.0129906524773 0.00718528139418 0.0120913681938 0.0144518875247 0.0174323499401 0.0144991075087 0.0173744402005 0.0172599417638 0.0198653361628
internal_count=0
leaf_count=0

Tree=7
num_leaves=63
num_cat=0
split_feature=4 4 14 2 4 17 1 1 2 0 14 8 8 14 6 17 4 2 1 0 18 4 17 4 19 4 0 19 17 5 20 0 2 14 4 14 8 19 2 5 1 4 20 1 21 13 0 21 4 21 14 20 14 4 5 0 1 2 8 4 14 17
threshold=-0.0711180789270 -3.94564055199 -0.434749823136 -45.4388814100 -10.9951499617 0.378015240471 126.784000000 47.1440000000 -25.9692494600 83.5350000000 -0.172438734032 1.95929095360 1.05954387796 -0.246854419237 0.00184896452653 2.15030088400 -8.28138784250 -10.6800062700 159.993000000 271.827000000 0.00158081797652 -1.38995274003 0.589172198853 -2.76650163521 0.557993530081 -1.18771476102 262.320000000 0.00159446936099 0.00921965501724 -0.361555380804 -0.00155896747622 173.216000000 24.9135837700 0.122383999960 1.22940533169 0.0498673096261 4.64350586095 -0.0475823412405 -40.8000080600 0.336251815261 37.6800000000 1.59184062530 -0.176402812417 9.49400000000 0.0648473571345 0.655744945849 163.581000000 0.513472264083 5.52468036120 0.157267426668 0.138255916411 -3.13001981572 0.223438817472 9.71769139368 -0.952604700979 154.113000000 235.178000000 37.6781652500 0.799551943830 11.2685095326 0.321925094813 0.378015240471
decision_type=2 2 2 2 2 2 2 2 2 2 2 2 2 2 2 2 2 2 2 2 2 2 2 2 2 2 2 2 2 2 2 2 2 2 2 2 2 2 2 2 2 2 2 2 2 2 2 2 2 2 2 2 2 2 2 2 2 2 2 2 2 2
left_child=1 2 3 4 5 -1 -3 8 -5 -7 11 12 -9 -11 15 -13 -15 18 19 20 -17 -19 23 -21 -23 26 27 -25 -27 30 -29 -31 33 34 35 36 -33 -35 -37 -38 41 42 -40 -42 45 -44 -46 48 49 50 -48 -50 53 -52 -54 56 57 -56 -58 60 -60 -62
right_child=32 17 10 7 6 -2 -4 9 -6 -8 14 13 -10 -12 16 -14 -16 25 22 21 -18 -20 24 -22 -24 29 28 -26 -28 31 -30 -32 47 40 38 37 -34 -36 39 -39 44 43 -41 -43 46 -45 -47 55 52 51 -49 -51 54 -53 -55 59 58 -57 -59 61 -61 -63
leaf_value=-0.0178530330941 -0.0198089904944 -0.0188219632505 -0.0159905929118 -0.0185806245255 -0.0139976039838 -0.00782222245233 -0.0149432616503 -0.00755610450548 -0.0125572528774 -0.0172300779884 -0.0136674845780 -0.0219710637762 -0.0146161001950 -0.0125673308028 -0.00822571250584 -0.0112016266403 -0.00404833347271 -0.0169669189961 -0.00961468737249 -0.0134990789699 -0.00802778456879 -0.00543204877871 -0.000284640827891 -0.00480046227752 -0.000590792975704 -0.00644723023974 -0.0149356482070 -0.00294291802337 0.00381726720288 -0.00187163949441 -0.00575155075445 0.000328365324179 0.0138307350002 -0.00159363517209 0.00390259972996 -0.0193683107495 0.00308235730216 0.00659085087949 0.00212115800449 0.0127811407876 0.0192066168905 0.0158496055441 0.00490053988297 -0.00506210436184 0.00643250815517 0.00977542942335 0.00285087114131 0.00778563071528 -0.00130854592095 0.0105522050846 0.0100097630111 0.0147330926429 0.0111828068644 0.0155480199021 0.0134578214328 0.0159117707790 -0.00239711978375 0.0108311966301 0.0145615840797 0.0176617404683 0.0166514302977 0.0193459279858
internal_count=0
leaf_count=0

Tree=8
num_leaves=64
num_cat=0
split_feature=4 4 14 2 1 4 3 1 1 18 4 1 19 4 0 2 6 2 1 21 7 21 8 17 0 1 3 1 15 19 0 21 4 13 19 14 14 15 1 20 21 1 4 14 1 20 3 1 14 4 21 14 19 1 2 11 2 1 8 2 21 4 1
threshold=-0.305730526963 -3.04151162357 -0.308770995518 -37.0978986900 192.856000000 -10.9951499617 -12.7178697324 136.419000000 9.49400000000 0.00159015579149 -6.06685340236 235.178000000 1.34721700559 -8.28138784250 145.053000000 -28.2444090000 0.0451961751609 -8.26659301999 51.8100000000 -0.240284137060 0.0200690351546 -0.114930635698 2.70883952793 0.00661237557012 116.865000000 14.1000000000 -0.317532316078 4.82100000000 0.490887911373 0.00778305936144 135.374000000 -0.755232197230 2.50530408888 0.143128537702 0.00156246215743 -0.0693489767319 -2.69413778997 0.00449802926447 56.3800000000 1.24308523786 0.0280251752848 42.2580000000 0.318412943747 0.321925094813 9.49400000000 -0.0480919145085 0.927157033232 117.695000000 0.321925094813 6.11085355053 0.189586937398 0.175391712368 -0.00155511297062 273.061000000 16.8950152800 1.97376379957 24.9135837700 61.2480000000 0.494265821792 18.6897700000 0.513472264083 6.77381832772 98.6220000000
decision_type=2 2 2 2 2 2 2 2 2 2 2 2 2 2 2 2 2 2 2 2 2 2 2 2 2 2 2 2 2 2 2 2 2 2 2 2 2 2 2 2 2 2 2 2 2 2 2 2 2 2 2 2 2 2 2 2 2 2 2 2 2 2 2
left_child=1 2 3 4 5 -1 -3 8 -5 -7 11 12 -9 -11 15 -13 -15 18 19 20 -17 -19 23 -21 -23 26 27 -25 -27 30 -29 -31 33 34 35 36 -33 -35 39 -37 -39 42 43 -41 -43 46 -45 -47 49 50 51 -49 -51 54 -53 -55 57 58 -57 -59 61 -61 -63
right_child=32 17 10 7 6 -2 -4 9 -6 -8 14 13 -10 -12 16 -14 -16 25 22 21 -18 -20 24 -22 -24 29 28 -26 -28 31 -30 -32 48 41 38 37 -34 -36 40 -38 -40 45 44 -42 -44 47 -46 -48 56 53 52 -50 -52 55 -54 -56 60 59 -58 -60 62 -62 -64
leaf_value=-0.0184182679741 -0.0165429043999 -0.0177157358234 -0.0117995971056 -0.0188105701435 -0.0139347051537 -0.0106767147149 -0.00182597340603 -0.0144978301562 -0.00893251019249 -0.0130226650575 -0.00619472804719 -0.00950257260608 -0.00613368726306 -0.0156639990283 -0.0102333285397 -0.00336749204193 -0.0146120825445 -0.00787482743574 0.00209118558651 -0.0130095918481 -0.00593161478202 0.00335673123549 -0.00496210077668 -0.0186542722054 -0.0118004480944 0.00567356965801 -0.0127185726943 -0.00139056334772 -0.00429017286062 -0.00687534558480 0.00206947521211 0.0105677993921 -0.00436962351382 0.00136805523667 -0.000949459371808 0.00511515157590 0.0137892568403 0.00125255881928 0.00405297827945 -0.00104565759927 0.00878886627273 0.0171182189672 0.0115006826200 -0.00619738406539 0.000665019096019 0.00879194416107 0.00519074657487 0.00489952566133 0.0108924012163 0.00678622806116 0.00982916879022 0.00199747818477 0.0129477893835 -0.00490678411264 0.00641773288641 0.0114589271514 0.0162685699924 0.00711814166581 0.0117991502319 0.0113571131838 0.0149654646014 0.0174083842391 0.0154160958758
internal_count=0
leaf_count=0

Tree=9
num_leaves=61
num_cat=0
split_feature=4 4 14 2 4 17 14 6 5 1 14 8 8 5 19 7 7 4 14 0 14 8 0 17 18 0 17 4 8 14 0 19 4 14 19 14 11 15 0 21 27 1 4 18 17 20 4 0 14 2 4 0 21 3 21 1 0 14 2 0
threshold=-0.305730526963 -3.94564055199 -0.434749823136 -45.4388814100 -10.9951499617 0.00921965501724 -0.753489055553 0.00000000000 -1.05941677639 84.5470000000 -0.172438734032 2.12476563595 1.05954387796 1.66867573793 0.254702264773 0.0570090069520 1.60939088774 -2.24318926726 -0.308770995518 173.216000000 -0.387101464888 0.182737938385 145.053000000 3.44440800215 0.00155754263487 196.413000000 0.00605813935177 -2.01525026774 0.253504512106 -0.0467495563097 290.506000000 -0.401600114543 3.09490633225 0.122383999960 0.00156246215743 0.0498673096261 -0.0179063814731 0.00449802926447 266.972000000 0.0280251752848 0.928272462731 47.1440000000 1.59184062530 -0.00160955250128 0.00605813935177 -0.0480919145085 2.25209925072 173.216000000 0.253056683203 -51.1407986400 6.11085355053 93.0430000000 0.189586937398 4.34528164187 0.437393903212 75.3570000000 285.900000000 0.410415384778 37.6781652500 125.862000000
decision_type=2 2 2 2 2 2 2 2 2 2 2 2 2 2 2 2 2 2 2 2 2 2 2 2 2 2 2 2 2 2 2 2 2 2 2 2 2 2 2 2 2 2 2 2 2 2 2 2 2 2 2 2 2 2 2 2 2 2 2 2
left_child=1 2 3 4 5 -1 -3 8 -5 -7 11 12 -9 -11 15 -13 -15 18 19 20 -17 -19 23 -21 -23 26 27 -25 -27 30 -29 -31 33 34 35 36 -33 -35 39 -37 -39 42 43 -41 -43 46 -45 -47 49 -49 51 -50 -52 54 55 -54 -56 58 -58 -60
right_child=32 17 10 7 6 -2 -4 9 -6 -8 14 13 -10 -12 16 -14 -16 25 22 21 -18 -20 24 -22 -24 29 28 -26 -28 31 -30 -32 48 41 38 37 -34 -36 40 -38 -40 45 44 -42 -44 47 -46 -48 53 50 52 -51 -53 57 56 -55 -57 59 -59 -61
leaf_value=-0.0145752681933 -0.0175234921866 -0.0169324796740 -0.0149110193204 -0.0143855895271 0.00636245171402 -0.0154828343229 -0.0130084365784 -0.00640120151897 -0.0110188106917 -0.0146952068229 -0.00833116463756 -0.0180109473245 -0.00870276514001 -0.00876884106486 -0.00289997907901 -0.0100462807648 -0.00587587705792 -0.00815664407899 -0.0137478331667 -0.00529643968835 0.00309217311133 -0.00968270363138 -0.00427867207875 -0.0237095593880 -0.00814003484210 0.00109567036496 -0.00290426391832 -0.00673476935050 -0.0145452043359 -0.00756385616104 0.00445608724050 -0.00162705686597 0.00105743554282 0.00373088952430 -0.000217156764211 0.00152778788574 0.00427522259992 0.00171183645555 0.0152726591944 -0.00689213955926 0.00964808046360 0.00610380863325 0.0150421280579 -0.000673904458629 0.00480583067853 0.00535252049778 0.00860287533751 -0.0188221939847 0.00539158084627 0.00933819227333 0.00841670128742 0.0121273199800 0.0143760128842 0.00657814443132 0.0115194177977 0.0164459320426 0.0103431387759 0.0138329939484 0.0123994930097 0.0161530724631
internal_count=0
leaf_count=0

Tree=10
num_leaves=64
num_cat=0
split_feature=4 4 14 0 3 11 17 4 14 1 21 7 12 2 2 19 10 2 14 1 17 4 0 8 4 4 1 4 11 5 19 0 2 13 19 14 8 0 1 21 4 0 20 4 5 21 5 14 21 4 14 4 18 14 4 5 2 0 4 6 0 4 1
threshold=-0.0711180789270 -3.94564055199 -0.246854419237 97.6330000000 -4.84858356806 0.249254530389 0.00781617171032 -6.65274731568 -0.753489055553 94.1050000000 -0.140755310962 0.261405387499 -6.22698649160 -37.0978986900 -51.1407986400 1.61392653345 -2.61446418718 -10.6800062700 -0.434749823136 108.211000000 0.00661237557012 -2.01525026774 140.007000000 2.32101311946 -3.04151162357 -0.997527256379 18.9220000000 -1.18771476102 0.00000000000 -0.627935832879 -0.0475823412405 257.742000000 18.6897700000 0.143128537702 0.00156246215743 -0.0581100847818 0.0262629266088 64.8220000000 230.582000000 0.157267426668 0.659270998415 205.895000000 -0.0480919145085 2.25209925072 -0.166548407827 0.226571153460 -0.0952353104031 0.321925094813 0.513472264083 5.52468036120 0.155811516099 3.71511591302 -0.00160955250128 0.223438817472 9.71769139368 -0.952604700979 37.6781652500 60.4850000000 5.00117569032 0.00000000000 78.9460000000 6.77381832772 94.1050000000
decision_type=2 2 2 2 2 2 2 2 2 2 2 2 2 2 2 2 2 2 2 2 2 2 2 2 2 2 2 2 2 2 2 2 2 2 2 2 2 2 2 2 2 2 2 2 2 2 2 2 2 2 2 2 2 2 2 2 2 2 2 2 2 2 2
left_child=1 2 3 4 5 -1 -3 8 -5 -7 11 12 -9 -11 15 -13 -15 18 19 20 -17 -19 23 -21 -23 26 27 -25 -27 30 -29 -31 33 34 35 36 -33 -35 39 -37 -39 42 43 -41 -43 46 -45 -47 49 50 51 -49 -51 54 -53 -55 57 58 -57 -59 61 -61 -63
right_child=32 17 10 7 6 -2 -4 9 -6 -8 14 13 -10 -12 16 -14 -16 25 22 21 -18 -20 24 -22 -24 29 28 -26 -28 31 -30 -32 48 41 38 37 -34 -36 40 -38 -40 45 44 -42 -44 47 -46 -48 56 53 52 -50 -52 55 -54 -56 60 59 -58 -60 62 -62 -64
leaf_value=-0.0119197299239 -0.00709217789530 -0.0158208124299 -0.00233424900409 -0.0161764986357 -0.0144432986318 -0.0138393243734 -0.0112499223872 -0.00906685910047 -0.0183503697659 -0.0102914046678 -0.00796053167941 -0.0175889786737 -0.00690770887939 -0.00880161075262 -0.00332093656279 -0.0192315110603 -0.0111119925087 -0.00992202259843 -0.00228358844051 -0.00500644322772 -0.000211926862168 -0.0102468905064 -0.00627467757833 -0.0138343589924 -0.00425430816287 -0.00490212793803 -0.00238818108339 -0.00286223404983 0.00751643838674 -0.00152101636494 -0.00634381052399 0.00854511745006 -0.00435855639315 0.000132099593716 0.00236802061517 0.00430874169041 0.00932536624182 0.00115391830183 0.00325950478238 -0.00212301728041 0.00360966903144 0.00732444548383 0.00405468845601 0.000139157630427 0.00786209084717 0.00742718379478 0.0118348513256 0.00178893833078 0.00626872032292 0.00434046287595 0.00895607268018 0.00811985337915 0.0122503723292 0.00929878169932 0.0127719841544 0.00627801941364 -0.00633589855664 0.00247599858923 0.0127028877065 -0.00431756890386 0.0108284543882 0.0156715810084 0.0140421096042
internal_count=0
leaf_count=0

Tree=11
num_leaves=60
num_cat=0
split_feature=21 4 14 2 0 4 1 1 1 20 4 21 1 4 1 16 8 4 1 2 1 19 11 17 0 17 2 16 5 20 8 19 14 4 20 14 5 1 1 1 16 2 1 2 5 4 1 19 21 0 3 2 17 21 2 4 0 0 4
threshold=0.0503404796097 -2.24318926726 -0.308770995518 -33.7232243500 196.413000000 -10.9951499617 33.0280000000 117.695000000 9.49400000000 0.621832540497 -4.68335124869 -0.204057043221 235.178000000 -8.28138784250 154.947000000 0.00492632181315 2.32101311946 -0.997527256379 33.0280000000 -3.87635164000 4.82100000000 -0.401600114543 -0.00330641958257 0.00661237557012 182.305000000 0.00867734936179 -10.6800062700 0.00435515561586 -0.166548407827 0.00159374664799 0.148162087887 -0.00156282770614 0.197866529736 3.39433786400 0.00155908949306 -0.0346358553601 1.66867573793 197.221000000 281.778000000 47.1440000000 1.11260738397 -51.1407986400 263.432000000 60.9298822300 -0.952604700979 4.09441681037 117.695000000 -0.190249554395 0.316817395879 285.900000000 2.93284992940 7.03174318000 0.435043482504 0.607637778975 15.1871396600 6.77381832772 163.581000000 50.6940000000 11.2685095326
decision_type=2 2 2 2 2 2 2 2 2 2 2 2 2 2 2 2 2 2 2 2 2 2 2 2 2 2 2 2 2 2 2 2 2 2 2 2 2 2 2 2 2 2 2 2 2 2 2 2 2 2 2 2 2 2 2 2 2 2 2
left_child=1 2 3 4 5 -1 -3 8 -5 -7 11 12 -9 -11 15 -13 -15 18 19 20 -17 -19 23 -21 -23 26 27 -25 -27 30 -29 -31 33 34 35 36 -33 -35 39 -37 -39 -41 43 -42 -44 46 47 48 -46 -48 51 -50 -52 54 -54 -55 57 -57 -59
right_child=32 17 10 7 6 -2 -4 9 -6 -8 14 13 -10 -12 16 -14 -16 25 22 21 -18 -20 24 -22 -24 29 28 -26 -28 31 -30 -32 45 41 38 37 -34 -36 40 -38 -40 42 44 -43 -45 53 50 49 -47 -49 52 -51 -53 56 55 -56 58 -58 -60
leaf_value=-0.0146543963467 -0.0116220796372 -0.0156795832339 -0.0144379924192 -0.0161366138004 -0.0114349050829 -0.00871558702786 -0.00161427514682 -0.0113929785535 -0.00779692867171 -0.0120731260652 -0.00531656282981 -0.0161621964353 -0.00735777453644 -0.00537338378820 -0.00180862377295 -0.0177702589901 -0.0104888281196 -0.00685125028904 0.00912449134231 -0.0116950171610 -0.00427879916467 -0.00110614599143 -0.00489934550342 -0.0143340513402 -0.0239977954828 0.00411499786160 0.000396227546167 0.000995794443880 -0.00297591164377 -0.00259437038869 0.00137929685632 -0.00861810850426 0.0117374213905 0.00379572787675 0.00111940853190 0.0108252017070 0.00494451437179 0.00231394872332 -0.00116736470308 -0.0174759157371 0.00785952233810 0.0125075862341 -0.00916557128086 0.00386906347445 0.0000172340160681 0.00870537886546 0.00984255645476 0.0143999935409 0.00829791295510 0.00296116225471 0.0126372037311 0.00714429815074 -0.00259288421714 0.00952671463026 0.0120251846774 -0.00256378643021 0.0120013581621 0.0137237484591 0.0152963588796
internal_count=0
leaf_count=0

Tree=12
num_leaves=63
num_cat=0
split_feature=21 4 14 1 4 14 6 8 0 13 4 2 19 3 0 27 7 3 0 19 4 8 0 19 1 20 21 1 17 5 17 14 4 14 20 16 2 17 21 8 0 0 19 23 5 4 18 17 14 21 14 4 20 2 4 3 0 17 8 1 14 18
threshold=-0.0383516807272 -3.94564055199 -0.219412952710 221.054000000 -6.65274731568 -0.563821231603 0.00000000000 1.80980033160 60.4850000000 -0.485176283674 -5.51901401705 -106.654106600 0.642601324130 -10.7065736133 12.7700000000 1.12749571311 1.53201262460 -1.10931758721 196.413000000 0.00158269519046 -2.01525026774 0.116344416679 276.415000000 0.00158269519046 4.82100000000 -0.00156604562540 -0.114930635698 42.2580000000 0.728003870988 -0.627935832879 0.00921965501724 -1.34169558889 2.50530408888 0.0837077082107 0.00155908949306 0.00678402246635 -10.6800062700 0.0598907368742 0.0280251752848 0.0857490147627 125.862000000 252.856000000 -0.0475823412405 0.289928830827 -0.244857038213 1.59184062530 -0.00160955250128 0.00605813935177 0.321925094813 0.189586937398 0.175391712368 11.2685095326 -3.13001981572 -51.1407986400 6.77381832772 3.90503470123 234.090000000 0.681161488478 0.358914747193 103.587000000 0.530166380602 -0.00157720745908
decision_type=2 2 2 2 2 2 2 2 2 2 2 2 2 2 2 2 2 2 2 2 2 2 2 2 2 2 2 2 2 2 2 2 2 2 2 2 2 2 2 2 2 2 2 2 2 2 2 2 2 2 2 2 2 2 2 2 2 2 2 2 2 2
left_child=1 2 3 4 5 -1 -3 8 -5 -7 11 12 -9 -11 15 -13 -15 18 19 20 -17 -19 23 -21 -23 26 27 -25 -27 30 -29 -31 33 34 35 36 -33 -35 39 -37 -39 42 43 -41 -43 46 -45 -47 49 50 51 -49 -51 -53 -54 56 57 -56 -58 60 -60 -62
right_child=32 17 10 7 6 -2 -4 9 -6 -8 14 13 -10 -12 16 -14 -16 25 22 21 -18 -20 24 -22 -24 29 28 -26 -28 31 -30 -32 48 41 38 37 -34 -36 40 -38 -40 45 44 -42 -44 47 -46 -48 55 53 52 -50 -52 54 -55 59 58 -57 -59 61 -61 -63
leaf_value=-0.0141734248935 -0.0123077429926 -0.00265203355203 -0.0112655808875 -0.000851117396755 -0.00691308379478 -0.0148965240346 -0.00906640522997 -0.00858110171293 0.0122200413877 -0.0133791475577 -0.00835974753415 0.0112585539975 -0.00173305764394 -0.00735705206435 -0.00443358079379 -0.00627141483059 -0.00377623934040 0.00905746983418 -0.00202535453126 -0.00867288341407 -0.00348448173651 -0.0165070302035 -0.0114082575296 -0.0106232998882 -0.00571037233297 0.000674372826148 -0.00294051184796 0.0107816197284 0.00237841298248 -0.0107829672237 -0.00134721747760 -0.0192680324192 0.00118540372451 -0.00645866645915 -0.000927068831206 0.00559607536329 0.000551601115030 0.00259593406069 0.00572646873068 -0.00219007040916 0.00477355587349 0.00685787060919 0.00346484650003 -0.00776811404359 0.00777241153170 -0.00366253662689 0.0129457449662 0.00377072402849 0.0139142884735 0.000519538030693 0.0106167259790 -0.0164535573744 0.00749084772243 0.0106521729642 0.00878544932288 0.00412977244515 0.00799397695200 0.0127822548244 0.0118689672525 0.0137571881012 0.00918558582690 0.0118308573071
internal_count=0
leaf_count=0

Tree=13
num_leaves=63
num_cat=0
split_feature=21 4 21 0 3 8 17 4 4 6 14 5 11 16 18 2 15 4 14 8 2 0 1 6 26 3 1 4 17 20 21 5 4 14 20 16 5 4 21 27 0 0 20 4 6 4 2 20 14 4 21 14 5 2 0 2 1 8 5 21 7 4
threshold=-0.0383516807272 -4.29461982557 -0.385733940842 97.6330000000 -4.84858356806 3.31748176198 0.00824569850771 -6.65274731568 -10.9951499617 0.00000000000 -0.134400627271 0.399885807796 -2.36881279972 1.16278930089 0.00159015579149 -51.1407986400 0.998974428028 -2.24318926726 -0.308770995518 0.0857490147627 -28.2444090000 168.209000000 154.947000000 0.0295350464666 0.253252651092 -1.10931758721 94.1050000000 -2.01525026774 0.00540256988241 -0.00156604562540 -0.114930635698 -0.627935832879 2.50530408888 0.0837077082107 0.00155908949306 0.00678402246635 1.01580292239 0.318412943747 0.0280251752848 0.857579980236 125.862000000 262.320000000 -0.0480919145085 1.02357174745 0.00184896452653 0.318412943747 2.92194406001 -2.52720654279 0.321925094813 4.09441681037 0.189586937398 0.175391712368 1.66867573793 -51.1407986400 41.1070000000 24.9135837700 56.3800000000 0.494265821792 0.434265890967 0.607637778975 1.39476708896 11.2685095326
decision_type=2 2 2 2 2 2 2 2 2 2 2 2 2 2 2 2 2 2 2 2 2 2 2 2 2 2 2 2 2 2 2 2 2 2 2 2 2 2 2 2 2 2 2 2 2 2 2 2 2 2 2 2 2 2 2 2 2 2 2 2 2 2
left_child=1 2 3 4 5 -1 -3 8 -5 -7 11 12 -9 -11 15 -13 -15 18 19 20 -17 -19 23 -21 -23 26 27 -25 -27 30 -29 -31 33 34 35 36 -33 -35 39 -37 -39 42 43 -41 -43 46 -45 -47 49 50 51 -49 -51 -53 -54 56 57 -56 -58 60 -60 -62
right_child=32 17 10 7 6 -2 -4 9 -6 -8 14 13 -10 -12 16 -14 -16 25 22 21 -18 -20 24 -22 -24 29 28 -26 -28 31 -30 -32 48 41 38 37 -34 -36 40 -38 -40 45 44 -42 -44 47 -46 -48 55 53 52 -50 -52 54 -55 59 58 -57 -59 61 -61 -63
leaf_value=-0.00855311639685 -0.0141652930012 -0.0163658469262 -0.00194060188928 -0.0136468230692 -0.0124030027580 -0.00208901209688 -0.0111457888012 -0.0113002371884 -0.00842614811859 0.00267406323054 -0.00648897192651 -0.0112432126941 -0.00496638296081 -0.00459250149314 0.00207117292364 0.0166008632052 -0.00513384159319 -0.00732287944140 -0.0105660952653 -0.0124621812594 -0.00647855043254 -0.00435111248434 0.00114945485969 -0.00241332189127 -0.00810128667140 -0.0157553268026 -0.00308980202335 -0.00664412429115 -0.00204047926192 0.00404246898490 -0.00194678126579 0.00156292758535 -0.00604283016448 -0.00337942651517 0.000665986470026 0.00235014459130 -0.000302462985310 0.00219994598386 0.00566015186662 -0.00277537081825 0.00115192856060 -0.000532613757159 0.00474348743382 0.00719660108935 -0.00507062785382 -0.00537400089690 0.0103727580670 0.00273342411497 0.00892913841245 0.00562153695414 0.0157069064699 -0.0155186363210 0.00387295655369 0.00876674109453 0.00882852654992 0.0125763183432 0.00866489694622 0.00475136260483 0.00882271970212 0.0119880855813 0.0119069025292 0.0133521526969
internal_count=0
leaf_count=0

Tree=14
num_leaves=62
num_cat=0
split_feature=4 4 14 2 0 4 21 1 8 19 7 11 25 3 4 18 1 3 1 19 2 21 21 17 27 19 0 0 13 5 17 14 14 4 12 21 14 5 19 22 5 4 0 20 8 2 0 4 0 21 5 11 20 1 21 16 4 5 0 2 2
threshold=-0.305730526963 -3.04151162357 -0.246854419237 -33.7232243500 210.530000000 -10.9951499617 -0.282127104250 211.316000000 1.18391307628 0.00159446936099 0.371493143891 -0.0977386241829 0.401000000000 -2.58680694527 -5.51901401705 0.00159667916222 287.230000000 -1.10931758721 47.1440000000 0.00158269519046 -13.4987001300 -0.114930635698 -0.140755310962 0.00605813935177 1.50573808424 -0.00158519755211 248.190000000 22.4340000000 0.0372284656923 -0.627935832879 0.728003870988 -1.34169558889 0.175391712368 1.22940533169 0.137522580044 1.10068672190 -2.69413778997 1.14971668305 -0.310947168515 0.00319672268456 -0.581208894231 4.09441681037 102.779000000 -0.0480919145085 2.87627588438 -51.1407986400 36.5680000000 3.71511591302 276.415000000 0.0835141761351 -0.166548407827 -0.0410114934679 -2.52720654279 4.82100000000 0.513472264083 1.01685196447 4.54865548792 -0.733153937861 159.143000000 20.6034602200 15.1871396600
decision_type=2 2 2 2 2 2 2 2 2 2 2 2 2 2 2 2 2 2 2 2 2 2 2 2 2 2 2 2 2 2 2 2 2 2 2 2 2 2 2 2 2 2 2 2 2 2 2 2 2 2 2 2 2 2 2 2 2 2 2 2 2
left_child=1 2 3 4 5 -1 -3 8 -5 -7 11 12 -9 -11 15 -13 -15 18 19 20 -17 -19 23 -21 -23 26 27 -25 -27 30 -29 -31 33 34 35 36 -33 -35 39 -37 -39 42 43 -41 -43 -45 -46 48 49 50 -48 -50 -52 -53 55 56 -55 -57 59 -59 -61
right_child=32 17 10 7 6 -2 -4 9 -6 -8 14 13 -10 -12 16 -14 -16 25 22 21 -18 -20 24 -22 -24 29 28 -26 -28 31 -30 -32 47 41 38 37 -34 -36 40 -38 -40 45 44 -42 -44 46 -47 54 52 51 -49 -51 53 -54 58 57 -56 -58 60 -60 -62
leaf_value=-0.0123129929215 -0.00938100837380 -0.0126300772404 -0.00511008027145 -0.00835369016244 -0.0109213068454 -0.00509227282886 0.00606059478873 -0.00293815324800 -0.0103196670695 -0.0101668776716 -0.0147810063255 -0.00810577471227 -0.00352957470016 -0.00494997397255 0.00227851346426 -0.0134462706577 -0.00835641409718 -0.00597316221879 0.00427176282893 -0.0109826991170 -0.00443694896371 -0.00291321775296 0.00158528757813 -0.000843957348412 -0.00403344774553 -0.0120504304722 -0.00563701032276 0.00599433106961 0.000592806019381 -0.0107824185415 -0.00118183481610 0.00905671711953 0.000199076999456 -0.00213070286970 -0.0203919515797 -0.00491404030324 0.00148790006951 0.00654561170673 0.00233951522094 -0.00210288142926 0.00294017048734 0.00586723041021 0.000900893568613 -0.0146316419986 0.00352757310032 0.00759242075402 0.00164208298850 -0.0110617327886 0.00361845308359 0.00665167595641 -0.00292354123694 0.0139859292531 0.00982011858609 0.00228801441177 0.00837763792215 0.00642214879449 0.00939162773850 -0.00106100762287 0.00957431483921 -0.000329784995698 0.0118189009048
internal_count=0
leaf_count=0

Tree=15
num_leaves=64
num_cat=0
split_feature=4 4 14 2 2 0 14 18 7 0 14 8 18 12 7 16 2 14 0 2 18 14 0 4 19 19 8 0 1 5 6 0 4 14 19 12 14 15 1 18 12 1 21 7 11 7 3 5 21 21 0 0 8 16 19 20 2 1 2 8 1 1 15
threshold=-0.0711180789270 -3.94564055199 -0.434749823136 -45.4388814100 -58.8245610000 130.968000000 -0.887818084911 0.00159667916222 0.0315904679249 271.827000000 -0.172438734032 1.95929095360 0.00156589579303 -1.95486609087 0.177110172640 1.90581103503 -58.8245610000 -0.0804062324948 238.752000000 -7.07819090000 0.00158081797652 -0.219412952710 290.506000000 -2.24318926726 0.00159446936099 -0.00156282770614 2.03974991587 46.3960000000 267.686000000 -0.627935832879 0.00000000000 26.9390000000 3.09490633225 0.108432265917 0.00156246215743 0.182397815849 -5.75143146140 0.00449802926447 37.6800000000 0.00159667916222 -0.409728050363 84.5470000000 0.226571153460 1.07391584299 -0.0281588425888 0.00815496668512 0.927157033232 -0.166548407827 0.437393903212 0.157267426668 125.862000000 12.7700000000 2.87627588438 1.01685196447 -0.401600114543 1.08368004138 37.6781652500 258.893000000 -51.1407986400 1.95929095360 221.054000000 112.702000000 0.00275813030268
decision_type=2 2 2 2 2 2 2 2 2 2 2 2 2 2 2 2 2 2 2 2 2 2 2 2 2 2 2 2 2 2 2 2 2 2 2 2 2 2 2 2 2 2 2 2 2 2 2 2 2 2 2 2 2 2 2 2 2 2 2 2 2 2 2
left_child=1 2 3 4 5 -1 -3 8 -5 -7 11 12 -9 -11 15 -13 -15 18 19 20 -17 -19 23 -21 -23 26 27 -25 -27 30 -29 -31 33 34 35 36 -33 -35 39 -37 -39 42 43 -41 -43 46 -45 -47 49 50 51 -49 -51 54 -53 -55 57 58 -57 -59 61 -61 -63
right_child=32 17 10 7 6 -2 -4 9 -6 -8 14 13 -10 -12 16 -14 -16 25 22 21 -18 -20 24 -22 -24 29 28 -26 -28 31 -30 -32 48 41 38 37 -34 -36 40 -38 -40 45 44 -42 -44 47 -46 -48 56 53 52 -50 -52 55 -54 -56 60 59 -58 -60 62 -62 -64
leaf_value=-0.0103791426568 -0.0121532134917 -0.0121557917762 -0.00966406376256 -0.00600401798083 -0.0102647470157 -0.00180179191066 -0.0104241976892 -0.00742274752541 -0.00315916563135 -0.0116073601517 -0.00909136963525 -0.0142700522682 -0.00694958120465 -0.00896497709452 -0.00432741699535 -0.00496611913311 -0.00111320676021 0.00262861137773 -0.00284381259467 -0.00903313157250 -0.00540425652237 -0.0132133795370 -0.00762563647140 -0.00214670743671 -0.00544843009013 -0.00139158618425 0.00375816869049 -0.00798422948456 0.00462723159728 0.00242015692103 -0.00185422392364 0.00988519737137 -0.000543444994147 0.00297856654946 -0.000776243307493 0.00624771781616 0.0154269600326 0.00642028510882 0.00207136724531 -0.00000815416124025 0.00713147187389 0.00592916112187 0.00939964161769 -0.0100407194167 0.00265992860224 0.00529983629145 0.00261756316297 -0.00292281927441 0.00318383636438 0.0131836741251 0.00471316260178 -0.00427842517301 0.00436361438496 0.00623818168112 0.00820765820260 -0.0137112236049 0.00879028423924 -0.0117818578700 0.00354830976363 0.0115539111979 0.0101988220212 0.0124930959588 0.00415615704883
internal_count=0
leaf_count=0

Tree=16
num_leaves=64
num_cat=0
split_feature=21 4 14 2 14 18 8 20 0 7 0 4 18 19 4 20 1 2 0 17 4 20 17 0 0 11 14 0 15 4 1 5 4 14 20 16 4 4 21 8 8 1 4 2 0 21 14 1 14 4 19 1 1 2 3 18 2 27 0 4 0 14 4
threshold=-0.0586384021564 -4.68335124869 -0.434749823136 -33.7232243500 -0.648374684503 0.00159667916222 1.95929095360 -0.00155635458854 74.5930000000 0.0315904679249 69.4180000000 -8.28138784250 0.00159667916222 0.317220918615 -6.06685340236 0.00159374664799 84.5470000000 -12.0792482300 149.498000000 0.589172198853 -1.18771476102 0.00156629336612 0.00661237557012 182.305000000 285.900000000 -0.0281588425888 0.0498673096261 205.895000000 0.00469489263463 -0.997527256379 23.5850000000 -0.627935832879 2.50530408888 0.108432265917 0.00155677277958 0.00678402246635 -0.00155504985333 0.318412943747 0.0648473571345 0.00000000000 3.31748176198 28.1730000000 0.318412943747 3.89448722000 290.506000000 0.373831299355 0.611671079234 169.032000000 0.410415384778 6.11085355053 -0.0475823412405 197.221000000 61.2480000000 20.6034602200 -0.317532316078 -0.00156479413427 24.9135837700 0.0579526845421 238.752000000 5.00117569032 88.6840000000 0.836570849422 11.2685095326
decision_type=2 2 2 2 2 2 2 2 2 2 2 2 2 2 2 2 2 2 2 2 2 2 2 2 2 2 2 2 2 2 2 2 2 2 2 2 2 2 2 2 2 2 2 2 2 2 2 2 2 2 2 2 2 2 2 2 2 2 2 2 2 2 2
left_child=1 2 3 4 5 -1 -3 8 -5 -7 11 12 -9 -11 15 -13 -15 18 19 20 -17 -19 23 -21 -23 26 27 -25 -27 30 -29 -31 33 34 35 36 -33 -35 39 -37 -39 42 43 -41 -43 46 -45 -47 49 50 51 -49 -51 54 -53 -55 57 58 -57 -59 61 -61 -63
right_child=32 17 10 7 6 -2 -4 9 -6 -8 14 13 -10 -12 16 -14 -16 25 22 21 -18 -20 24 -22 -24 29 28 -26 -28 31 -30 -32 48 41 38 37 -34 -36 40 -38 -40 45 44 -42 -44 47 -46 -48 56 53 52 -50 -52 55 -54 -56 60 59 -58 -60 62 -62 -64
leaf_value=-0.0112787528305 -0.00960705308994 -0.00845107513048 -0.0114683871430 -0.000984791925287 -0.0112072952242 -0.000915291603439 -0.00757576129096 -0.00935868214113 -0.00303740659416 -0.00469402485811 0.000534551263622 -0.00992896710017 -0.00737140753251 -0.00997422158623 -0.00558304573333 -0.00675150804850 -0.0183771095280 -0.00393302555484 -0.0000971867740802 -0.00904144095926 -0.0152491843659 -0.00663960694707 -0.0115485482848 -0.00286662880998 -0.00656842614272 0.0136130843393 -0.000983185796286 -0.00846492800898 -0.00195296461183 0.00621405795751 -0.000468943614261 0.00434694679925 0.000126401018263 -0.00205668226138 0.000417492240215 0.0118832088565 0.00112531432520 0.00293138460370 0.0108689425919 0.00673401366135 -0.00591476900000 0.00818758776107 0.0120281139399 0.00238033973033 -0.00585063468112 0.00600648029641 0.00221975393582 0.00410927142448 -0.000141171047444 0.0103719002047 0.00533397540331 0.00690352837962 -0.00573958448614 0.00629738561973 0.00871737493399 0.00229695982727 0.00853007136661 0.00882095089594 -0.00193683257693 0.00291186769896 0.0149119342564 0.00999716339158 0.0111268929978
internal_count=0
leaf_count=0

Tree=17
num_leaves=63
num_cat=0
split_feature=21 4 14 2 0 4 20 8 5 5 2 18 1 14 0 18 17 13 1 3 27 2 2 20 5 8 17 5 2 11 0 3 4 14 20 17 1 8 8 19 2 0 6 17 5 21 13 17 14 21 12 16 26 2 5 3 1 7 5 1 1 21
threshold=-0.0383516807272 -2.76650163521 -0.387101464888 -33.7232243500 234.090000000 -10.9951499617 0.00159374664799 0.116344416679 -0.867329495381 -0.361555380804 -37.0978986900 0.00159667916222 235.178000000 -0.172438734032 145.053000000 0.00156589579303 2.15030088400 -1.50276927503 159.993000000 -1.67473994434 2.79237484437 -3.87635164000 -9.45740646000 0.00156629336612 -0.867329495381 0.148162087887 0.378015240471 -0.393961159858 2.92194406001 -0.00330641958257 201.378000000 -1.10931758721 2.50530408888 0.0498673096261 0.00155677277958 0.00867734936179 51.8100000000 2.12476563595 5.78091457570 -0.00156282770614 -1.18093918001 145.053000000 0.00000000000 0.00700539996511 -0.166548407827 0.189586937398 2.13777234457 0.0598907368742 0.321925094813 0.189586937398 3.66711142195 1.71922194776 -0.00686669005767 -51.1407986400 1.66867573793 4.34528164187 70.4530000000 0.197982388258 0.434265890967 174.138000000 51.8100000000 2.97696870460
decision_type=2 2 2 2 2 2 2 2 2 2 2 2 2 2 2 2 2 2 2 2 2 2 2 2 2 2 2 2 2 2 2 2 2 2 2 2 2 2 2 2 2 2 2 2 2 2 2 2 2 2 2 2 2 2 2 2 2 2 2 2 2 2
left_child=1 2 3 4 5 -1 -3 8 -5 -7 11 12 -9 -11 15 -13 -15 18 19 20 -17 -19 23 -21 -23 26 27 -25 -27 30 -29 -31 33 34 35 36 -33 -35 39 -37 -39 42 43 -41 -43 46 -45 -47 49 50 51 -49 -51 -53 -54 56 57 -56 -58 60 -60 -62
right_child=32 17 10 7 6 -2 -4 9 -6 -8 14 13 -10 -12 16 -14 -16 25 22 21 -18 -20 24 -22 -24 29 28 -26 -28 31 -30 -32 48 41 38 37 -34 -36 40 -38 -40 45 44 -42 -44 47 -46 -48 55 53 52 -50 -52 54 -55 59 58 -57 -59 61 -61 -63
leaf_value=-0.0107211727484 -0.00831515462698 -0.0110012735371 -0.0100323815576 -0.0102443948359 0.000888830931022 -0.00636098827274 -0.00944887160724 -0.00869390530612 -0.00586812266340 -0.00591585543900 -0.00133694238545 -0.00451399401901 -0.00103786781221 -0.00755689898688 -0.00449223024724 -0.0116802303975 -0.00522855050296 -0.00419883237998 -0.0140214110913 -0.00653415565464 0.00802438188482 0.0201195445803 0.00189690991048 0.0130636191249 0.00409175809788 -0.00751351099032 0.00298759715236 -0.00264789128886 -0.00622617415805 -0.00216878035012 0.000259038623629 -0.0152557280334 0.00111304486707 -0.00247026757882 0.00128206516731 -0.00252107239583 0.00167681901463 0.00365924841170 0.0187304609102 0.00576063409438 -0.0121520316970 0.00382100008972 0.000530417533624 0.00181327842629 -0.00827166519190 0.00833865384345 0.00438523119067 0.000744869463136 0.00388441682768 0.00440571054975 0.0123133640449 -0.0133163984527 0.00589393317768 0.0103710887828 0.00559252153258 0.00964995907480 0.00707447289080 0.00288935295246 0.0105309028290 0.00928425727967 0.00593271932042 0.00983382540583
internal_count=0
leaf_count=0

Tree=18
num_leaves=62
num_cat=0
split_feature=21 4 21 1 4 10 5 16 11 3 14 16 1 1 2 2 2 0 17 16 19 16 5 18 20 1 3 1 5 4 14 14 4 19 8 7 1 14 8 5 0 2 20 4 5 18 2 3 0 7 1 2 21 5 1 21 2 19 7 1 1
threshold=-0.0586384021564 -4.29461982557 -0.628221089709 169.032000000 -6.65274731568 0.00188556109393 0.0460551844446 0.00492632181315 -0.229472134097 -4.84858356806 -0.195106916204 1.01685196447 126.784000000 244.765000000 -106.654106600 -68.2682700000 -12.0792482300 154.113000000 0.537121739772 0.00678402246635 0.00159446936099 0.00468618163054 -0.0508877817085 0.00158081797652 -0.0480919145085 56.3800000000 0.457250990502 277.566000000 -0.627935832879 -1.18771476102 -1.34169558889 0.175391712368 1.22940533169 -0.0475823412405 2.56099576449 1.22032324120 206.957000000 0.0498673096261 2.87627588438 -0.330871973152 93.0430000000 60.9298822300 -0.368607296318 13.3618989161 0.699521750108 -0.00156479413427 -37.0978986900 3.90503470123 191.789000000 0.00815496668512 154.947000000 16.8950152800 0.189586937398 -0.0729366458646 9.49400000000 0.607637778975 42.0882536800 -0.00155821758052 0.261405387499 249.306000000 140.857000000
decision_type=2 2 2 2 2 2 2 2 2 2 2 2 2 2 2 2 2 2 2 2 2 2 2 2 2 2 2 2 2 2 2 2 2 2 2 2 2 2 2 2 2 2 2 2 2 2 2 2 2 2 2 2 2 2 2 2 2 2 2 2 2
left_child=1 2 3 4 5 -1 -3 8 -5 -7 11 12 -9 -11 -13 -14 17 18 19 -16 -18 22 -20 -22 25 26 -24 -26 29 -28 -30 32 33 34 35 -32 -34 38 -36 -38 41 42 -40 -42 45 -44 -46 48 49 50 -48 -50 53 -52 -54 56 57 -56 -58 60 -60
right_child=31 16 10 7 6 -2 -4 9 -6 -8 14 13 -10 -12 15 -15 24 21 20 -17 -19 23 -21 -23 28 27 -25 -27 30 -29 -31 47 40 37 36 -33 -35 39 -37 -39 44 43 -41 -43 46 -45 -47 55 52 51 -49 -51 54 -53 -55 59 58 -57 -59 -62 -61
leaf_value=-0.0102269339884 -0.00942183291815 -0.00772931644656 -0.0103158482570 -0.00749294488648 -0.0134615611516 -0.00751765816953 -0.00223046683040 0.00146875221936 -0.00490221455457 -0.00798368943187 -0.00114956079155 0.00970060066762 -0.0104905287026 -0.00388248011554 -0.00772021440242 -0.00425045904073 -0.00338961130542 0.0000443278377208 -0.00855753630093 -0.0124319669090 -0.00637205082526 -0.00244757050316 -0.0102406461018 -0.000320235022805 -0.00392573606381 -0.000640983639417 -0.000325935917674 0.00694679746921 -0.00717753407040 -0.00180305365739 -0.00165049963684 -0.00474905005531 -0.00105378712599 0.00411293926695 0.0000128365235953 0.00411573659735 0.00494241927663 0.00137032133360 -0.00150586120185 0.00238471723032 0.00768721414389 0.0149905951647 0.000703191324947 0.00455021618895 -0.00375669212769 0.00696442925760 0.00773115979748 -0.00750500821735 0.00273141910658 0.00548341414498 -0.00108708883841 0.0131173321414 0.0109547205776 0.00640016607667 0.00357357369261 0.00650233908430 0.0160191912289 0.00750248097808 0.00935021213830 0.00776619390296 -0.00405912770299
internal_count=0
leaf_count=0

Tree=19
num_leaves=63
num_cat=0
split_feature=21 2 1 14 8 4 20 20 8 0 4 20 2 15 18 2 4 2 1 4 19 14 17 2 19 27 14 1 5 21 25 5 4 21 19 8 8 15 14 2 13 14 13 27 11 1 3 14 21 4 1 8 8 2 2 5 2 2 1 1 4 0
threshold=-0.0586384021564 -19.8935943900 136.419000000 -0.219412952710 0.0549097436261 -5.51901401705 0.00159374664799 0.00159374664799 2.03974991587 234.090000000 -8.28138784250 0.00156629336612 -68.2682700000 2.74621096442 0.00159015579149 -28.2444090000 -4.68335124869 -8.26659301999 33.0280000000 -0.830535944376 0.00158269519046 -0.648374684503 0.00605813935177 -9.45740646000 0.00156472019119 3.66124994643 0.0610565794768 178.762000000 -0.581208894231 -0.170981480196 0.200000000000 -0.0287332794340 2.50530408888 0.0648473571345 -0.00156573078836 2.70883952793 0.0549097436261 0.00994519032201 -5.75143146140 -5.98818763001 0.655744945849 0.321925094813 -0.116271217115 1.44404843394 -0.0410114934679 154.947000000 0.610244943878 2.55309681460 0.513472264083 5.52468036120 108.211000000 1.46063275777 3.63244036731 16.8950152800 10.8796863600 0.833540815858 30.6954064400 -51.1407986400 131.791000000 145.887000000 11.2685095326 78.9460000000
decision_type=2 2 2 2 2 2 2 2 2 2 2 2 2 2 2 2 2 2 2 2 2 2 2 2 2 2 2 2 2 2 2 2 2 2 2 2 2 2 2 2 2 2 2 2 2 2 2 2 2 2 2 2 2 2 2 2 2 2 2 2 2 2
left_child=1 2 3 4 5 -1 -3 8 -5 -7 11 12 -9 -11 15 -13 -15 18 19 20 -17 -19 23 -21 -23 26 27 -25 -27 30 -29 -31 33 34 35 36 -33 -35 39 -37 -39 42 43 -41 -43 46 -45 -47 49 50 51 -49 -51 54 -53 -55 57 -57 -58 60 -60 -62
right_child=32 17 10 7 6 -2 -4 9 -6 -8 14 13 -10 -12 16 -14 -16 25 22 21 -18 -20 24 -22 -24 29 28 -26 -28 31 -30 -32 48 41 38 37 -34 -36 40 -38 -40 45 44 -42 -44 47 -46 -48 56 53 52 -50 -52 55 -54 -56 59 58 -59 61 -61 -63
leaf_value=-0.00994423811486 0.00135671897625 -0.00905104693708 -0.00783243119754 -0.000513623696818 -0.00745167414268 -0.0000220425966506 -0.0101465176044 -0.00975813045575 -0.00780135264788 -0.00684736116383 0.00338339325035 -0.00589580883225 -0.00360781723977 -0.00273836996981 0.00116550221930 -0.00947592151363 -0.00499771809635 -0.00803541904908 0.00917384218678 -0.0108207166021 -0.00161434439953 -0.00376027610429 -0.00120522191826 -0.00260230207734 0.0000819200767834 0.0118851117365 -0.00206567307408 0.000502454523214 -0.0115317149432 -0.00378530162282 0.0101484204090 0.00293225032475 -0.00240051608793 -0.0133690920358 0.00172958140075 0.00214560635813 0.0220406049017 0.000889582463502 -0.00415310261987 -0.00725630112015 0.00578441659207 0.000591198956107 0.00315436007833 0.0129394657484 0.00556812137672 0.00235401628836 -0.0114625818102 0.00964006609479 0.00418751075885 0.00336322611911 -0.00103883953564 0.00308198332199 -0.0147832326133 0.00566962159990 0.00801416076553 -0.0123427707714 0.00739172907413 0.00482361720073 0.00849006183992 0.00961566684439 0.00398118526183 0.00746095078807
internal_count=0
leaf_count=0

Tree=20
num_leaves=60
num_cat=0
split_feature=21 4 14 2 14 17 8 5 0 7 4 15 7 0 0 7 8 4 0 5 17 1 17 5 20 19 0 7 15 5 1 21 4 14 20 13 27 13 0 8 17 1 20 21 3 7 4 5 21 1 20 1 4 16 16 2 1 14 0
threshold=0.0503404796097 -2.24318926726 -0.387101464888 -45.4388814100 -0.753489055553 0.633984141587 1.05954387796 0.0241368059753 257.742000000 0.00815496668512 -5.10031717597 0.00313588028446 2.17644917945 196.413000000 50.6940000000 1.53201262460 0.559693433615 -1.18771476102 262.320000000 0.470126150570 0.00605813935177 150.502000000 0.00921965501724 -0.361555380804 0.621832540497 -0.00156020308895 140.007000000 1.90284003610 0.00271080920615 -0.627935832879 37.6800000000 -3.34390898630 3.71511591302 0.223438817472 0.00155908949306 -0.116271217115 1.44404843394 1.69847923460 18.2220000000 0.526993947639 0.435043482504 140.857000000 -0.176402812417 0.316817395879 0.610244943878 0.00000000000 2.79745262504 -0.166548407827 0.437393903212 287.230000000 -4.17603236786 164.626000000 9.71769139368 2.47353627407 3.47686201287 -51.1407986400 94.1050000000 0.836570849422 60.4850000000
decision_type=2 2 2 2 2 2 2 2 2 2 2 2 2 2 2 2 2 2 2 2 2 2 2 2 2 2 2 2 2 2 2 2 2 2 2 2 2 2 2 2 2 2 2 2 2 2 2 2 2 2 2 2 2 2 2 2 2 2 2
left_child=1 2 3 4 5 -1 -3 8 -5 -7 11 12 -9 -11 15 -13 -15 18 19 20 -17 -19 23 -21 -23 26 27 -25 -27 30 -29 -31 33 34 35 36 -33 -35 39 -37 -39 42 43 -41 -43 46 -45 -47 49 50 51 -49 -51 -53 -54 -56 57 -57 -59
right_child=32 17 10 7 6 -2 -4 9 -6 -8 14 13 -10 -12 16 -14 -16 25 22 21 -18 -20 24 -22 -24 29 28 -26 -28 31 -30 -32 48 41 38 37 -34 -36 40 -38 -40 45 44 -42 -44 47 -46 -48 55 53 52 -50 -52 54 -55 56 58 -58 -60
leaf_value=-0.00829192279190 -0.00913387589408 -0.00302308269993 -0.00818573409477 -0.00521140657168 -0.00808514049177 0.000900102749605 -0.00859046584471 -0.00833137341944 -0.0127949224157 -0.00508884322299 -0.00813383739616 -0.00273310513091 0.000907951381468 -0.00949343498505 -0.00371650150381 -0.0101350828479 -0.00236372076772 -0.00264216177881 0.00388197177494 0.0126979632965 -0.00690583309360 -0.00957584452319 -0.00148171231625 -0.00143438670108 0.00197833578573 0.00207099498088 -0.00474059131990 0.0121724647786 0.00258014833167 -0.00221446500909 0.000110932853797 -0.0100618972078 0.00751012322317 0.00119523670857 0.00695837710031 -0.00183341646627 0.00124871547947 0.00646897687564 0.00328574562907 -0.00191592728262 0.00473031828230 0.0106067830248 0.00576872676715 -0.0120883183545 0.00626987800559 0.00599700406517 0.00121565190468 -0.00510786521172 0.00560239482025 0.00476049087127 0.00720866137633 0.00470871538691 -0.0132372809820 -0.00325170409506 -0.0116436246602 0.00765532176747 0.00883828040558 0.00194494253087 0.00690065164984
internal_count=0
leaf_count=0

Tree=21
num_leaves=63
num_cat=0
split_feature=21 4 14 1 8 5 4 5 3 10 21 4 1 8 8 25 3 2 1 20 8 2 17 0 14 15 0 5 26 2 7 20 14 4 19 15 5 7 27 3 1 5 8 27 14 2 21 2 1 11 21 5 7 1 11 14 19 4 1 1 4 17
threshold=-0.0586384021564 -2.24318926726 -0.387101464888 188.257000000 0.116344416679 -0.867329495381 -10.9951499617 -0.393961159858 -5.28515359938 0.0118696891604 -0.204057043221 -5.51901401705 117.695000000 0.593789644014 2.32101311946 0.399000000000 -8.01979768167 2.11568500000 98.6220000000 -0.00156604562540 3.63244036731 -0.492254420002 0.00540256988241 130.968000000 -0.493080888630 0.00440617307625 187.298000000 -0.867329495381 0.00280748524872 3.89448722000 0.605720566144 -1.41324324448 0.138255916411 1.22940533169 0.00156246215743 0.00389589576629 1.01580292239 0.177110172640 0.606112795198 0.331081633047 61.2480000000 0.368144408060 0.728812619125 1.18726110774 0.0837077082107 -40.8000080600 0.189586937398 24.9135837700 108.211000000 -0.0281588425888 0.373831299355 0.762860084669 0.00815496668512 145.887000000 -0.0410114934679 0.410415384778 -0.00155821758052 8.57206908126 235.178000000 154.947000000 11.2685095326 0.0598907368742
decision_type=2 2 2 2 2 2 2 2 2 2 2 2 2 2 2 2 2 2 2 2 2 2 2 2 2 2 2 2 2 2 2 2 2 2 2 2 2 2 2 2 2 2 2 2 2 2 2 2 2 2 2 2 2 2 2 2 2 2 2 2 2 2
left_child=1 2 3 4 5 -1 -3 8 -5 -7 11 12 -9 -11 15 -13 -15 18 19 20 -17 -19 23 -21 -23 26 27 -25 -27 30 -29 -31 33 34 35 36 -33 -35 39 -37 -39 42 43 -41 -43 -45 -46 48 49 50 -48 -50 53 -52 -54 56 57 -56 -58 60 -60 -62
right_child=32 17 10 7 6 -2 -4 9 -6 -8 14 13 -10 -12 16 -14 -16 25 22 21 -18 -20 24 -22 -24 29 28 -26 -28 31 -30 -32 47 41 38 37 -34 -36 40 -38 -40 45 44 -42 -44 46 -47 55 52 51 -49 -51 54 -53 -55 59 58 -57 -59 61 -61 -63
leaf_value=-0.0110685508718 -0.00231115621746 -0.00856504843997 -0.00733365950967 -0.00671658863369 0.000992269137635 -0.00828274434709 -0.00374339386359 -0.00794701929238 -0.00544403900382 -0.00911011141430 -0.00375349025584 -0.00486930732701 -0.00270725922383 -0.00584609928197 -0.000960472072241 -0.00756512273986 0.00404828478128 -0.00333773622406 0.00490634607426 -0.00533533671810 -0.0171299070466 0.00229707329432 -0.00155238302548 0.0104911877550 -0.00472796060266 0.0175881218631 0.00976468415560 -0.0120033751434 0.000356447891901 -0.00425799835768 0.00993278158512 0.000830063301367 -0.00648170256322 -0.00406299177558 -0.000702041263826 0.00205613867067 0.00635327459525 0.00537524106131 0.000581549793867 -0.0159826503686 -0.00514043894709 -0.000463939180086 0.00236244461554 -0.0111990185362 0.00272586403970 0.00548420378709 -0.000495562325954 0.00441951042982 0.00583044695254 0.0106749168743 0.00805382527721 -0.00617772103542 0.000851397255047 0.00365046971270 0.00273663022332 0.00636461691534 0.00632774948268 0.00407640831252 0.00732143687420 0.00847429492098 0.0105207695063 0.00527936914644
internal_count=0
leaf_count=0

Tree=22
num_leaves=63
num_cat=0
split_feature=21 4 14 2 1 20 4 5 0 8 4 6 17 14 0 0 0 4 0 17 14 14 5 8 19 17 2 16 14 19 27 9 14 4 14 27 3 26 11 17 15 1 4 17 20 8 8 4 4 0 3 2 17 18 4 1 1 4 1 21 2 19
threshold=0.0503404796097 -2.24318926726 -0.387101464888 -33.7232243500 61.2480000000 3.08286712827 -10.9951499617 -0.361555380804 121.238000000 0.0549097436261 -7.39066020556 0.640235695571 1.26483982096 -0.0804062324948 238.752000000 46.3960000000 271.827000000 -0.997527256379 215.453000000 0.00540256988241 -0.246854419237 -0.308770995518 -0.627935832879 0.627251290229 0.254702264773 0.00867734936179 -10.6800062700 0.00407527667201 0.708911733144 0.00159446936099 0.0387935664429 0.382356078945 0.223438817472 2.25209925072 -0.0346358553601 1.18726110774 -0.607663825342 -0.0308688987916 -0.0410114934679 0.00921965501724 0.00155726358031 258.893000000 9.71769139368 3.44440800215 -4.17603236786 2.87627588438 1.88187114230 13.3618989161 4.54865548792 182.305000000 2.93284992940 7.03174318000 0.681161488478 -0.00158785582460 1.83224003965 9.49400000000 131.791000000 11.2685095326 28.1730000000 0.513472264083 18.6897700000 -2.84199450681
decision_type=2 2 2 2 2 2 2 2 2 2 2 2 2 2 2 2 2 2 2 2 2 2 2 2 2 2 2 2 2 2 2 2 2 2 2 2 2 2 2 2 2 2 2 2 2 2 2 2 2 2 2 2 2 2 2 2 2 2 2 2 2 2
left_child=1 2 3 4 5 -1 -3 8 -5 -7 11 12 -9 -11 15 -13 -15 18 19 20 -17 -19 23 -21 -23 26 27 -25 -27 30 -29 -31 33 34 35 36 -33 -35 39 -37 -39 42 43 -41 -43 46 -45 -47 49 50 51 -49 -51 54 -53 -55 57 58 -57 -59 -61 -62
right_child=32 17 10 7 6 -2 -4 9 -6 -8 14 13 -10 -12 16 -14 -16 25 22 21 -18 -20 24 -22 -24 29 28 -26 -28 31 -30 -32 48 41 38 37 -34 -36 40 -38 -40 45 44 -42 -44 47 -46 -48 56 53 52 -50 -52 55 -54 -56 60 59 -58 -60 61 -63
leaf_value=-0.00809715129119 -0.00564563155185 -0.00808186402786 -0.00614584453178 0.000463950397617 -0.00511179080944 0.000865340513757 -0.00706541221798 -0.0124804909741 -0.00722872903717 -0.00567407154624 0.00386024904926 -0.00144381046343 -0.00360614035066 -0.00608043871477 -0.0101837666088 -0.0150448381198 -0.00415688856467 0.000814333609875 -0.00194594743376 0.00687973985466 -0.00436406204227 -0.00632458039533 0.000728910148178 -0.00877529643116 -0.0188141936350 0.00138040812752 -0.00967339622353 -0.00403626777318 -0.00115252205446 0.00231512004402 -0.00219876096078 0.00279298569206 -0.00714073715068 -0.00676406885132 0.00604587858935 0.00463020464142 -0.000282955057031 -0.00351413036691 0.00246576696193 0.00408485347967 0.00126220945662 0.0000166997468744 0.00758735044421 0.000213865222293 0.00539629804006 -0.00323119133135 0.0109569991545 0.00637332425375 -0.0000397643475595 0.00744064619495 0.00270459313456 -0.00490819832705 0.00249860583979 0.00890951111743 0.00541862343040 0.00824136294740 0.00650029446060 0.00919497994953 0.00798380696982 -0.0105137609706 -0.00201962529945 0.00600743525160
internal_count=0
leaf_count=0

Tree=23
num_leaves=60
num_cat=0
split_feature=21 4 0 2 11 3 15 2 18 4 14 21 14 19 5 1 3 1 4 18 0 17 5 8 19 1 8 15 5 6 4 4 21 19 18 6 19 14 11 2 13 4 19 2 0 5 20 21 0 8 8 4 18 3 1 2 0 5 0
threshold=-0.0586384021564 -3.04151162357 154.113000000 -68.2682700000 3.92898378824 -16.7273900130 0.00275813030268 -28.2444090000 0.00159015579149 -6.65274731568 -0.134400627271 -0.330247425293 -0.0921936898604 0.00158269519046 0.0241368059753 89.4700000000 -1.10931758721 47.1440000000 -1.58282946595 0.00158081797652 295.179000000 0.0101257926096 -0.142529670803 0.393657168627 -0.00156573078836 277.566000000 2.12476563595 0.874554581751 -0.867329495381 0.00000000000 -0.479567608098 3.71511591302 0.189586937398 -0.00156573078836 0.00159667916222 1.50487906197 -0.190249554395 0.611671079234 0.00725084590147 10.8796863600 -0.116271217115 1.22940533169 0.00156472019119 -5.98818763001 149.498000000 -0.273239054352 1.24308523786 0.607637778975 41.1070000000 2.87627588438 1.80980033160 13.3618989161 -0.00156479413427 9.56302973045 65.9100000000 -51.1407986400 60.4850000000 0.833540815858 243.620000000
decision_type=2 2 2 2 2 2 2 2 2 2 2 2 2 2 2 2 2 2 2 2 2 2 2 2 2 2 2 2 2 2 2 2 2 2 2 2 2 2 2 2 2 2 2 2 2 2 2 2 2 2 2 2 2 2 2 2 2 2 2
left_child=1 2 3 4 5 -1 7 -4 -6 10 11 -8 -10 14 -12 -14 17 18 19 -16 -18 22 -20 -22 25 26 -24 -26 29 -28 -30 32 33 34 35 -32 -34 38 -36 -38 41 42 -40 -42 45 -44 -46 48 49 50 -48 -50 53 -52 -54 -56 57 -57 -59
right_child=31 16 9 6 -3 -2 8 -5 -7 13 12 -9 -11 15 -13 -15 24 21 20 -17 -19 23 -21 -23 28 27 -25 -27 30 -29 -31 47 40 37 36 -33 -35 39 -37 -39 44 43 -41 -43 46 -45 -47 55 52 51 -49 -51 54 -53 -55 56 58 -58 -60
leaf_value=-0.00503136009405 -0.00818573558859 0.00293500388214 -0.00853325223698 -0.00439766144419 -0.00338471870164 -0.000448949593000 -0.00723329999802 -0.00479004210012 0.00539731340730 -0.00680071693365 -0.00555572159581 -0.00723760404784 -0.00510165688020 -0.000356484790126 -0.00767252660687 -0.00279527306837 -0.00265509174816 -0.0118294298948 -0.000104882087286 -0.00671565000349 0.000798657571029 -0.00216063681413 -0.00488931532172 0.000405261783933 0.00228732834517 -0.00394567148073 -0.00492754712806 0.00579685741093 0.000517657470770 -0.00252388870989 -0.00172891453991 0.00147690601522 0.00274171364040 0.0176533301199 0.000313203143391 0.00171969675556 -0.00837770887438 0.00725609414850 -0.00785368739264 0.00863673579243 -0.000166230108375 0.0204426149262 0.00468303269819 0.00101824603888 0.00392983965473 0.00967431024577 -0.00132325432851 0.00674362902672 -0.00329093568926 0.0106262049185 0.00227863436806 0.00440077830033 0.00807911019346 0.00476762159248 -0.0104751636927 0.00212302625154 -0.0113854709361 0.00620069631734 0.00730416010251
internal_count=0
leaf_count=0

Tree=24
num_leaves=62
num_cat=0
split_feature=21 4 14 0 2 26 20 2 8 17 21 27 5 21 20 14 21 12 1 5 7 21 8 1 14 20 21 0 19 5 6 13 14 4 11 14 27 17 12 21 15 5 14 27 17 2 1 0 17 4 0 8 0 4 2 3 0 4 4 19 17
threshold=0.0503404796097 -2.24318926726 -0.219412952710 173.216000000 -58.8245610000 0.205490083671 0.621832540497 -19.8935943900 0.0549097436261 0.00661237557012 -0.628221089709 0.686438671632 -0.796380558739 -1.49794333143 -3.13001981572 -0.134400627271 -0.0937182312575 -1.95486609087 37.6800000000 -0.627935832879 0.103430781372 -0.170981480196 0.00000000000 140.857000000 -1.78538701797 -0.00156604562540 -0.114930635698 196.413000000 1.61392653345 -0.166548407827 0.109521642891 0.121235153979 0.321925094813 2.79745262504 -0.0410114934679 -0.0693489767319 1.44404843394 0.00921965501724 0.137522580044 1.10068672190 0.00155726358031 0.699521750108 0.0722569742588 0.225868022414 0.435043482504 -51.1407986400 287.230000000 145.053000000 0.00605813935177 3.09490633225 83.5350000000 0.0262629266088 116.865000000 1.22940533169 37.6781652500 0.610244943878 215.453000000 1.59184062530 11.2685095326 -0.00156573078836 0.378015240471
decision_type=2 2 2 2 2 2 2 2 2 2 2 2 2 2 2 2 2 2 2 2 2 2 2 2 2 2 2 2 2 2 2 2 2 2 2 2 2 2 2 2 2 2 2 2 2 2 2 2 2 2 2 2 2 2 2 2 2 2 2 2 2
left_child=1 2 3 4 5 -1 -3 8 -5 -7 11 12 -9 -11 15 -13 -15 18 19 20 -17 -19 23 -21 -23 26 27 -25 -27 30 -29 -31 33 34 35 36 -33 -35 39 -37 -39 42 43 -41 -43 -45 -46 48 49 50 -48 52 -51 -53 55 56 -55 -57 59 -59 -61
right_child=32 17 10 7 6 -2 -4 9 -6 -8 14 13 -10 -12 16 -14 -16 25 22 21 -18 -20 24 -22 -24 29 28 -26 -28 31 -30 -32 47 41 38 37 -34 -36 40 -38 -40 45 44 -42 -44 46 -47 54 51 -50 -49 53 -52 -54 58 57 -56 -58 60 -60 -62
leaf_value=-0.00678199710418 -0.00437507405727 -0.00415685505943 -0.000514076590723 -0.00237718785328 -0.00652797084128 -0.0100647947152 -0.00373612701281 0.000184037591491 -0.00494014482306 -0.00379623634072 -0.0124182996653 -0.00682073311415 -0.00345911281265 -0.00230719309005 0.00117252150058 0.0149431074818 -0.00868781464432 -0.00787545866805 0.00156639866029 -0.0129796717403 0.0140499260699 -0.00655830957691 -0.00167636643241 -0.00274673878906 -0.00621963738252 -0.00125575980703 0.0119052526021 0.00317151114211 -0.000214326768144 -0.000211166127453 -0.00821090829095 -0.0110217945679 0.00850072571940 0.00431625761903 -0.000264307109900 0.00160914738555 -0.00304354971071 -0.00275441079990 0.00296419812619 0.0105316600135 -0.00360189847594 0.0105961521100 0.00306908414589 -0.0102495788238 0.00544823074250 -0.00289263309099 0.00104401536657 -0.0152684462164 0.00584635388713 -0.00967805312571 0.00564677895508 0.00893530451906 0.00378858651416 0.0164983846532 0.00740894582737 0.00198840433810 0.00538093382912 0.00509925038364 0.00673436014407 0.00435484155418 0.00721049072467
internal_count=0
leaf_count=0

Tree=25
num_leaves=63
num_cat=0
split_feature=14 4 14 1 2 18 20 2 8 2 4 18 11 18 0 18 17 1 19 0 5 4 21 21 26 14 17 2 5 10 5 7 4 21 18 27 16 3 0 13 1 17 12 1 14 15 17 21 21 0 21 18 16 19 11 2 0 19 1 1 18 14
threshold=-0.0581100847818 -2.24318926726 -0.434749823136 225.407000000 -45.4388814100 0.00158081797652 0.00159374664799 -16.4956220800 0.289965575203 -13.4987001300 -8.28138784250 0.00159667916222 0.0485677767670 0.00312080641551 243.620000000 0.00156589579303 4.14639264688 80.0090000000 0.254702264773 290.506000000 -0.627935832879 -0.305730526963 0.103443174594 -0.755232197230 0.00519290995316 -0.387101464888 0.0101257926096 -10.6800062700 -0.581208894231 0.0534577561506 0.549836986953 2.17644917945 2.50530408888 0.0648473571345 0.00159667916222 3.66124994643 0.00646562319099 2.37936672109 243.620000000 0.0851161913645 145.887000000 0.0598907368742 0.0992196284065 42.2580000000 2.55309681460 0.00269821893880 0.00824569850771 0.513472264083 0.189586937398 8.29100000000 0.0835141761351 -0.00156479413427 1.11260738397 -0.0475823412405 1.48989673877 37.6781652500 276.415000000 0.00778305936144 9.49400000000 221.054000000 -0.00156479413427 0.175391712368
decision_type=2 2 2 2 2 2 2 2 2 2 2 2 2 2 2 2 2 2 2 2 2 2 2 2 2 2 2 2 2 2 2 2 2 2 2 2 2 2 2 2 2 2 2 2 2 2 2 2 2 2 2 2 2 2 2 2 2 2 2 2 2 2
left_child=1 2 3 4 5 -1 -3 8 -5 -7 11 12 -9 -11 15 -13 -15 18 19 20 -17 -19 23 -21 -23 26 27 -25 -27 30 -29 -31 33 34 35 36 -33 -35 39 -37 41 42 -40 -42 45 -44 -46 48 49 50 -48 -50 53 -52 -54 56 57 -56 -58 60 -60 -62
right_child=32 17 10 7 6 -2 -4 9 -6 -8 14 13 -10 -12 16 -14 -16 25 22 21 -18 -20 24 -22 -24 29 28 -26 -28 31 -30 -32 47 40 38 37 -34 -36 -39 -38 44 43 -41 -43 46 -45 -47 55 52 51 -49 -51 54 -53 -55 59 58 -57 -59 61 -61 -63
leaf_value=-0.00665863677061 -0.00577283138919 -0.00566002401944 -0.00288370456555 -0.0125850815562 0.000210778105512 0.0195124174543 0.00459865011120 -0.00660399717393 -0.00433210749728 0.00474805478349 -0.00404955154186 -0.00312414162370 -0.000696769419851 -0.00663329674754 0.000323456509829 0.00376610408788 -0.00443285543718 -0.00861010367107 -0.0158628894458 -0.0101724242768 0.00179627456887 0.00937388222032 0.0147197096218 -0.00820751043315 0.00262603447190 -0.0102976715289 0.00556303209256 -0.00227104820260 0.0000460127218923 0.000646025893784 -0.0123911054435 0.00109210923453 -0.000666083355951 -0.00459229507868 0.00470107199531 0.00270760747446 0.00944869562012 0.0113536621112 -0.00299769404987 0.00589452518509 0.00478198619623 0.000997851383109 -0.00133609477931 0.00181376374358 0.00932125270726 -0.0150304737222 0.00291328219303 -0.00834489014281 -0.000341028877506 0.00258329571325 -0.00193107077173 0.00283245418061 0.00390908956113 0.00563485797273 0.00374655109807 0.00595187659817 0.00823785749893 0.00596762461835 0.00552927072125 0.00644508752412 0.00976512096496 0.000800671906564
internal_count=0
leaf_count=0

Tree=26
num_leaves=60
num_cat=0
split_feature=14 2 21 0 2 5 0 8 4 16 25 14 1 2 2 16 1 19 0 11 4 21 2 22 4 18 27 17 14 26 21 4 20 27 25 8 18 16 1 1 10 5 5 21 21 21 4 17 17 0 4 20 2 1 0 8 0 4 7
threshold=-0.0581100847818 -25.9692494600 -0.628221089709 78.9460000000 -28.2444090000 0.644322682776 60.4850000000 0.0549097436261 -6.65274731568 0.00540826492897 16.2040000000 -0.152147045261 230.582000000 -106.654106600 -45.4388814100 1.31467660906 61.2480000000 0.00159446936099 290.506000000 -0.00970569557723 -0.305730526963 0.0503404796097 -10.6800062700 0.0894069332384 -1.79145888008 0.00158081797652 6.39023125907 1.35576608814 -5.75143146140 0.000847837113849 1.10068672190 2.50530408888 -0.0480919145085 0.225868022414 0.400000000000 2.12476563595 0.00154664710816 1.37179790350 75.3570000000 9.49400000000 -0.116705049084 0.0460551844446 -0.273239054352 0.0835141761351 -3.34390898630 0.513472264083 4.54865548792 5.83445201054 4.72870082554 41.1070000000 13.3618989161 -4.17603236786 37.6781652500 56.3800000000 290.506000000 3.63244036731 78.9460000000 6.77381832772 2.89441759460
decision_type=2 2 2 2 2 2 2 2 2 2 2 2 2 2 2 2 2 2 2 2 2 2 2 2 2 2 2 2 2 2 2 2 2 2 2 2 2 2 2 2 2 2 2 2 2 2 2 2 2 2 2 2 2 2 2 2 2 2 2
left_child=1 2 3 4 5 -1 -3 8 -5 -7 11 12 -9 -11 -13 -14 17 18 19 -16 -18 22 -20 -22 25 26 -24 -26 29 -28 -30 32 33 34 -32 36 -34 -36 39 40 -38 -40 43 -42 -44 46 47 48 -46 50 -49 -51 53 54 -53 -55 57 -57 -59
right_child=31 16 10 7 6 -2 -4 9 -6 -8 14 13 -10 -12 15 -15 24 21 20 -17 -19 23 -21 -23 28 27 -25 -27 30 -29 -31 45 38 35 -33 37 -35 -37 42 41 -39 -41 44 -43 -45 52 49 -48 -47 51 -50 -52 56 55 -54 -56 58 -58 -60
leaf_value=-0.00449869611022 0.00794028844640 0.0111953227420 0.00272139064719 -0.00779424248261 0.00830000181593 -0.00715731613634 -0.00574121400315 -0.00464629536978 -0.00208225732884 0.0138369520340 -0.00225797711612 -0.0109311349989 0.0229161710252 0.0119515713444 -0.00554804195083 -0.00297373753947 -0.00860848189518 -0.0198158509185 -0.00371615688677 0.00169741913580 0.00591565458970 0.0161536117453 -0.00259857258522 -0.00807375473906 0.00348229265755 -0.00239891142762 0.00845054178281 -0.0135996576585 -0.000616197789139 -0.00693396838807 0.0132333594654 0.00618502316927 -0.00222655250332 0.00112914605524 0.00371185103619 -0.000453498084716 0.00257635185453 0.00885781646674 0.00232472762434 0.00523518991299 0.000961152962809 0.00462526598343 -0.00577712750834 0.000569423197642 0.00169836113892 0.0106873453638 -0.00692230455464 -0.000576399854779 0.0112742241262 -0.00140205514471 0.00435677369135 0.00510256709877 0.00771392789052 0.00374322688194 -0.00836632373687 -0.00693108243233 0.00459293571625 0.00579097795010 0.00717434669217
internal_count=0
leaf_count=0

Tree=27
num_leaves=61
num_cat=0
split_feature=4 4 21 2 16 4 1 5 5 4 2 26 1 17 19 1 19 5 7 2 4 1 16 8 3 20 19 8 11 1 2 14 8 19 5 5 27 20 1 19 21 8 18 3 11 21 19 1 5 7 14 17 18 0 5 5 20 3 8 19
threshold=-0.305730526963 -3.94564055199 -0.755232197230 -33.7232243500 0.00540826492897 -9.52034228640 51.8100000000 0.699521750108 -0.393961159858 -8.28138784250 -21.7307450000 0.205490083671 94.1050000000 4.14639264688 0.00156472019119 164.626000000 0.00158269519046 -0.142529670803 0.00815496668512 -2.02920675999 -0.639250279769 4.82100000000 2.14263791658 0.217266119482 -2.34111228177 0.00154702994193 0.00156472019119 2.56099576449 -1.50474379391 267.686000000 24.9135837700 0.108432265917 4.64350586095 -0.00156573078836 0.507910221844 -0.581208894231 0.372173462898 -0.485957918848 18.9220000000 -0.401600114543 0.226571153460 1.18391307628 -0.00158785582460 2.13804739340 -0.0410114934679 0.373831299355 -0.00158519755211 253.604000000 -0.301789858141 2.02963360760 0.0722569742588 5.83445201054 -0.00155675120905 149.498000000 1.14971668305 0.306780322033 0.516858438695 4.34528164187 0.428171927322 -0.00156282770614
decision_type=2 2 2 2 2 2 2 2 2 2 2 2 2 2 2 2 2 2 2 2 2 2 2 2 2 2 2 2 2 2 2 2 2 2 2 2 2 2 2 2 2 2 2 2 2 2 2 2 2 2 2 2 2 2 2 2 2 2 2 2
left_child=1 2 3 4 5 -1 -3 8 -5 10 11 -8 13 -11 -13 16 17 18 -15 -17 21 -19 -21 24 25 -23 -25 28 -27 -29 31 32 33 34 -31 -33 -35 -36 39 40 -38 -40 43 -42 -44 46 47 48 -46 -48 51 -50 -52 54 55 -54 -56 58 -58 -60
right_child=30 15 9 7 6 -2 -4 -7 -6 12 -10 -9 14 -12 -14 23 20 19 -16 -18 22 -20 -22 27 26 -24 -26 29 -28 -30 45 38 36 35 -32 -34 37 -37 42 41 -39 -41 44 -43 -45 53 50 49 -47 -49 52 -51 -53 57 56 -55 -57 59 -59 -61
leaf_value=-0.00485950097642 -0.00775265193631 -0.00608694302935 -0.00502093612745 -0.00298098793450 -0.00615022724566 0.0100659804781 -0.00543467309545 -0.00349430575161 0.00321173512713 -0.00534171705106 0.00280266972065 -0.00314733211633 -0.000920382043329 -0.0106161097826 -0.00171297641874 -0.00429643920937 -0.0171678590899 -0.0123204479476 -0.000681130493801 0.00522909828846 -0.00675528872779 -0.0121098653104 0.00338652820732 0.00247907819266 0.0156024182303 -0.00378396342134 -0.00120549924304 0.000337126564490 0.00608918893611 -0.00218453071224 0.00222862319025 0.00452857304719 0.000676672850721 0.0171991906627 0.00918582679797 0.00197897448623 -0.0106897400039 0.00528318003955 0.00560605245460 0.00894018795673 -0.00560904995354 0.000539378737783 0.000817317422141 0.00271087600578 0.000639578587925 0.00402172764718 0.00182493592709 -0.00758231757741 0.00253675455673 -0.00791356964636 0.00203718160626 0.00457095211778 0.00451864356111 0.00258593901732 0.00989889951385 0.00526109684088 0.00799254019400 0.00216310461485 0.00488396921973 0.00571885595809
internal_count=0
leaf_count=0

Tree=28
num_leaves=64
num_cat=0
split_feature=21 4 0 4 17 5 15 27 7 15 0 16 11 4 0 4 3 4 1 1 17 2 19 17 15 5 14 5 8 17 16 27 4 14 8 18 17 1 17 17 5 6 5 17 0 19 23 15 21 4 5 8 0 21 11 7 0 2 13 8 17 3 17
threshold=-0.0383516807272 -4.29461982557 64.8220000000 -4.68335124869 3.75413257975 0.549836986953 1.06841039274 1.18726110774 2.58777296517 1.34609371769 196.413000000 0.00492632181315 -0.382479618460 -6.65274731568 257.742000000 -6.06685340236 -4.07126347879 -1.18771476102 28.1730000000 9.49400000000 2.33347066804 -3.87635164000 0.00159446936099 0.00605813935177 0.00308703356193 0.833540815858 -1.34169558889 0.0241368059753 0.253504512106 0.435043482504 0.00435515561586 0.0207346520598 2.50530408888 0.0837077082107 5.78091457570 0.00159667916222 0.537121739772 33.0280000000 5.83445201054 3.20679567615 0.0241368059753 0.00184896452653 0.277780453750 1.78330246989 145.053000000 -0.00158519755211 0.244785259330 0.00268094396502 0.513472264083 6.77381832772 0.699521750108 3.07799773041 12.7700000000 0.316817395879 2.34534937238 0.943444322986 234.090000000 37.6781652500 2.80730608694 3.63244036731 0.00781617171032 2.93284992940 0.0101257926096
decision_type=2 2 2 2 2 2 2 2 2 2 2 2 2 2 2 2 2 2 2 2 2 2 2 2 2 2 2 2 2 2 2 2 2 2 2 2 2 2 2 2 2 2 2 2 2 2 2 2 2 2 2 2 2 2 2 2 2 2 2 2 2 2 2
left_child=1 2 3 4 5 -1 -3 8 -5 -7 11 12 -9 -11 15 -13 -15 18 19 20 -17 -19 23 -21 -23 26 27 -25 -27 30 -29 -31 33 34 35 36 -33 -35 39 -37 -39 42 43 -41 -43 46 -45 -47 49 50 51 -49 -51 54 -53 -55 57 58 -57 -59 61 -61 -63
right_child=32 17 10 7 6 -2 -4 9 -6 -8 14 13 -10 -12 16 -14 -16 25 22 21 -18 -20 24 -22 -24 29 28 -26 -28 31 -30 -32 48 41 38 37 -34 -36 40 -38 -40 45 44 -42 -44 47 -46 -48 56 53 52 -50 -52 55 -54 -56 60 59 -58 -60 62 -62 -64
leaf_value=-0.00172615140182 0.00624790041022 -0.0102028761610 -0.00268655931181 0.00814882558418 -0.000887656540103 -0.00512805925720 0.00951445116706 -0.00375620837711 -0.00856858239591 -0.00450548045545 -0.00268001626782 -0.00528031671504 -0.00368398406291 -0.00590435092978 -0.00336518504018 -0.00680029464353 -0.0107577824351 -0.00472893740269 0.00420347296681 -0.00671325574648 -0.00232783199799 0.0108874007918 -0.000399925906596 -0.0163983605456 -0.000191711509522 0.00259632718401 -0.000467384400468 -0.00717804723327 -0.0179480742475 -0.0100653180517 -0.000149709623540 0.000874269990862 -0.000710151986375 0.0119721253990 0.00194431554432 0.0225021086567 0.0125555380510 -0.00446937620322 0.0105151233249 -0.00529954386606 0.0108608797300 -0.00344472495303 0.0127057175869 -0.00165870766038 0.00326408231098 -0.000124124025932 0.00333462535485 0.00206188214919 -0.000995920086779 -0.00237964431326 0.00385996537597 0.00150044722519 0.00484476779350 0.00137586953361 0.00550095707687 0.00274485885424 0.00586679545634 0.00464659023529 0.00636431298921 0.0107781174170 0.00604876324513 0.00246364062779 0.00536403436685
internal_count=0
leaf_count=0

Tree=29
num_leaves=62
num_cat=0
split_feature=14 4 0 8 21 21 16 21 18 1 21 3 2 15 20 0 20 19 1 0 5 4 4 11 6 21 8 0 6 0 21 21 21 25 19 8 27 17 0 14 14 3 13 20 2 2 17 2 0 25 15 26 1 4 17 14 18 4 18 0 19
threshold=-0.0581100847818 -4.29461982557 69.4180000000 3.07799773041 -0.140755310962 -0.330247425293 3.00944038206 -0.240284137060 0.00159667916222 277.566000000 -0.330247425293 -3.12167125971 -33.7232243500 0.874554581751 -2.15757466062 125.862000000 -1.41324324448 0.00158269519046 80.0090000000 290.506000000 -0.330871973152 -0.305730526963 -2.01525026774 0.407374050326 0.000193551714386 0.0280251752848 0.00000000000 159.143000000 0.00663095217420 145.053000000 0.0835141761351 0.103443174594 0.189586937398 1.80000000000 -0.0475823412405 2.56099576449 1.34070540954 2.68019417816 248.190000000 0.0610565794768 -0.0225233385227 0.927157033232 1.69847923460 -0.00156604562540 2.92194406001 7.03174318000 2.82853035896 24.9135837700 149.498000000 1.80000000000 0.00155726358031 0.0000407936617819 18.9220000000 0.318412943747 0.0598907368742 0.410415384778 -0.00155073404673 4.54865548792 -0.00154491930138 60.4850000000 -0.00156282770614
decision_type=2 2 2 2 2 2 2 2 2 2 2 2 2 2 2 2 2 2 2 2 2 2 2 2 2 2 2 2 2 2 2 2 2 2 2 2 2 2 2 2 2 2 2 2 2 2 2 2 2 2 2 2 2 2 2 2 2 2 2 2 2
left_child=1 2 3 4 5 -1 -3 8 -5 -7 11 12 -9 -11 15 -13 -15 18 19 20 -17 -19 23 -21 -23 26 27 -25 -27 30 -29 -31 33 34 35 36 -33 -35 39 -37 -39 42 43 -41 -43 -45 -46 48 49 50 -48 -50 53 -52 -54 56 57 -56 -58 -60 -61
right_child=32 17 10 7 6 -2 -4 9 -6 -8 14 13 -10 -12 16 -14 -16 25 22 21 -18 -20 24 -22 -24 29 28 -26 -28 31 -30 -32 47 41 38 37 -34 -36 40 -38 -40 45 44 -42 -44 46 -47 55 52 51 -49 -51 54 -53 -55 59 58 -57 -59 60 -62
leaf_value=0.000834586958241 -0.00392524255117 0.00741030390098 -0.000224183303357 -0.00890206545912 0.0000212836738167 -0.000714116439999 -0.00713552893096 -0.00477790512180 -0.00350787025440 -0.0131665225618 -0.00521914721143 -0.00766206608576 -0.00280935820617 0.00155761371346 -0.00229887805257 -0.00164728520479 -0.00432603722685 -0.00723382076926 -0.0146707148485 -0.00301260741478 0.000295522684049 0.00499728083245 -0.000798980573442 0.0209735716534 -0.00104864402483 -0.00601725550908 -0.0000933359666551 0.00524028809346 -0.00770397991171 0.00576505840937 0.0115597585022 -0.00242841042936 -0.000224284779646 0.00414185780574 -0.000271043713049 0.000416423784456 0.00175056972692 -0.00133002981999 0.00691326504822 -0.0101225896926 -0.00131063008134 -0.0161155561691 -0.00716481928574 0.0234172854966 -0.00465907490062 0.00734656841555 -0.00438338557690 0.00150272515600 0.000477737324641 -0.0111880203245 -0.00634405095859 0.00609283577817 0.00429496506980 0.00202182951948 -0.00202804765964 0.00267326394032 0.00942268367054 0.00379662581744 -0.00785154813605 0.00416826684926 0.00499514710379
internal_count=0
leaf_count=0

Tree=30
num_leaves=60
num_cat=0
split_feature=21 4 14 0 26 16 3 4 2 18 5 15 2 20 16 25 26 10 1 2 14 8 8 27 13 7 17 4 17 5 15 4 11 14 18 0 0 4 4 0 14 15 26 14 21 5 1 13 7 14 2 3 21 16 17 15 2 8 21
threshold=0.0503404796097 -2.24318926726 -0.219412952710 78.9460000000 0.00384632091066 0.00625316516789 -4.42779173769 -6.65274731568 -30.9377410800 0.00158081797652 0.762860084669 0.00313588028446 -28.2444090000 -3.13001981572 1.16278930089 0.600000000000 -0.168368606328 0.00772673598215 174.138000000 -23.7926516600 -1.34169558889 2.70883952793 1.31577432481 0.372173462898 -1.82798042114 0.0436599896000 0.00781617171032 -2.01525026774 0.00824569850771 -0.330871973152 0.00156588242816 3.71511591302 -0.0410114934679 -0.0693489767319 0.00156309251098 125.862000000 205.895000000 0.502165393317 0.318412943747 130.968000000 5.56117562990 0.00155726358031 0.0000407936617819 0.0378504243741 1.42283266732 0.595046607112 61.2480000000 0.228679752016 4.31389455448 0.321925094813 33.9470030400 3.90503470123 0.189586937398 4.37162629225 3.20679567615 0.874554581751 37.6781652500 3.63244036731 0.316817395879
decision_type=2 2 2 2 2 2 2 2 2 2 2 2 2 2 2 2 2 2 2 2 2 2 2 2 2 2 2 2 2 2 2 2 2 2 2 2 2 2 2 2 2 2 2 2 2 2 2 2 2 2 2 2 2 2 2 2 2 2 2
left_child=1 2 3 4 5 -1 -3 8 -5 -7 11 12 -9 -11 15 -13 -15 18 19 -17 -18 22 -20 -22 25 26 -24 -26 29 -28 -30 32 33 34 35 -32 37 -35 -37 40 41 -39 -41 44 -43 -45 47 48 -47 50 -49 -51 53 54 -53 -55 57 -57 -59
right_child=31 17 10 7 6 -2 -4 9 -6 -8 14 13 -10 -12 16 -14 -16 24 21 20 -19 23 -21 -23 28 27 -25 -27 30 -29 -31 46 39 36 -34 -33 38 -36 -38 43 42 -40 -42 45 -44 -46 52 49 -48 51 -50 -52 56 55 -54 -56 58 -58 -60
leaf_value=-0.00629218917090 -0.00140666295027 -0.00118893630616 0.00541937694672 -0.00458822511669 -0.00920301646427 -0.00378573642684 -0.000971987269019 -0.00788802221764 -0.00308359061361 -0.00384361228502 -0.00138950986656 0.00212318408732 0.0142160523535 0.00440060626281 -0.000923270702164 0.0163832748718 -0.00545656904911 -0.00177421274994 -0.000251913555383 -0.00277495520257 0.0169434157248 0.00291630161340 -0.00606833441676 0.000538107839673 -0.00155324775101 -0.00746479190876 0.00550704669439 0.00131031503453 0.00481696677186 -0.000151974029610 0.00280239366392 -0.0126074206821 0.00815433703535 0.00337353706449 -0.000635084538016 -0.00447523531640 0.00242910019002 -0.00452312759704 0.00157949614368 -0.00212676629048 -0.0211613909043 0.00312950493090 -0.00652222084013 0.00290907975992 0.00680395618779 0.00603975761106 0.0133269195917 0.00563563061606 -0.000740530932110 0.00668093946000 0.00480509208185 0.00224820600142 -0.00119989191148 0.0105967702077 0.00266792831706 0.00290341626346 -0.00311847792458 0.00244832331412 0.00422998684809
internal_count=0
leaf_count=0

Tree=31
num_leaves=60
num_cat=0
split_feature=21 4 0 2 21 11 18 0 8 20 18 11 4 2 3 0 16 10 2 17 4 5 17 14 4 13 20 2 17 5 5 14 5 13 20 5 19 13 7 20 2 26 0 25 3 1 4 3 7 2 14 5 18 14 4 7 3 2 4
threshold=0.0503404796097 -2.24318926726 154.113000000 -51.1407986400 -0.170981480196 2.88769764397 0.359028873727 46.3960000000 2.32101311946 0.00159374664799 0.00158081797652 0.00725084590147 -2.49781441239 -16.4956220800 -3.12167125971 191.789000000 1.01685196447 0.00439618539128 -10.6800062700 0.0101257926096 -1.18771476102 0.470126150570 0.00867734936179 0.708911733144 -0.00155504985333 -1.82798042114 -0.00156241089400 -3.87635164000 0.00824569850771 -0.330871973152 0.336251815261 0.223438817472 1.66867573793 -0.116271217115 0.00156250024475 1.14971668305 0.00156246215743 0.751433512904 2.17644917945 -0.0480919145085 -40.8000080600 0.000847837113849 32.3140000000 0.601000000000 2.93284992940 117.695000000 1.59184062530 0.610244943878 0.0315904679249 7.03174318000 1.69106847762 0.399885807796 -0.00156479413427 0.530166380602 6.77381832772 0.759805216536 4.34528164187 20.6034602200 2.50530408888
decision_type=2 2 2 2 2 2 2 2 2 2 2 2 2 2 2 2 2 2 2 2 2 2 2 2 2 2 2 2 2 2 2 2 2 2 2 2 2 2 2 2 2 2 2 2 2 2 2 2 2 2 2 2 2 2 2 2 2 2 2
left_child=1 2 3 4 5 -1 -3 8 -5 -7 11 12 -9 -11 15 -13 -15 18 19 20 -17 -19 23 -21 -23 26 -25 -26 29 -28 -30 32 33 34 35 -32 -34 38 -36 -38 -40 42 -41 -43 45 46 47 -45 -47 50 -49 -51 53 54 -53 -55 57 -57 -59
right_child=31 17 10 7 6 -2 -4 9 -6 -8 14 13 -10 -12 16 -14 -16 25 22 21 -18 -20 24 -22 -24 28 27 -27 30 -29 -31 44 40 37 36 -33 -35 39 -37 -39 41 43 -42 -44 52 49 48 -46 -48 51 -50 -52 56 55 -54 -56 58 -58 -60
leaf_value=-0.00399825491159 0.00120897733800 -0.00926308928780 -0.00230630293353 -0.00122192841695 0.00220146950511 -0.00247077272653 -0.000606934142213 -0.00432296547035 -0.00830862238666 -0.00362927185329 -0.000609894514841 -0.000130703190913 -0.00365780826367 0.00622032414095 -0.00276681720763 -0.00667065854035 -0.0133733703656 -0.00285153706020 0.000211316822972 0.000527146362670 -0.00768102235510 -0.000814232962010 -0.00261986486880 0.00450812203849 -0.00343336483600 -0.0133867525340 0.00519064778732 0.000871828262079 -0.000419343462065 0.00150116817141 -0.00440879365795 -0.0225354175217 0.0131312474503 0.00304740817633 0.000820355202792 0.00272434031166 -0.00229651657490 0.00450316044570 -0.00994614691794 0.000657385109474 0.00869311196956 0.00458850415473 -0.000323374537696 0.00646061245225 0.000644671447521 0.0107602552470 0.00410633829398 0.00716551980791 -0.00272625249923 0.000564914107099 -0.00549134386338 -0.000576756251313 0.00268513358380 0.00271399663209 0.00447487900102 0.00544346650388 0.00266088669310 -0.00682519244816 0.00428791351892
internal_count=0
leaf_count=0

Tree=32
num_leaves=62
num_cat=0
split_feature=14 4 14 5 8 18 3 2 7 6 1 8 8 19 17 5 15 27 0 5 16 21 0 4 15 23 26 24 25 6 11 8 4 0 19 6 26 3 5 4 5 19 21 22 20 21 13 21 17 15 23 14 4 16 20 1 2 7 7 20 5
threshold=-0.0346358553601 -2.24318926726 -0.434749823136 -0.142529670803 1.40896085350 0.00159667916222 -5.28515359938 -18.1745422800 0.00815496668512 0.00901411292736 239.515000000 0.834385536407 0.559693433615 0.642601324130 3.75413257975 0.306780322033 0.442052571947 1.34070540954 266.972000000 -0.796380558739 0.00646562319099 1.10068672190 295.179000000 -0.639250279769 0.00469489263463 0.204852983895 -0.0912990923552 0.240586097270 16.2040000000 1.13264732734 -2.00313826039 2.22025006034 4.09441681037 252.856000000 -0.0475823412405 0.130607385897 -0.111511164588 -1.89118171795 -0.581208894231 -3.30926409587 0.699521750108 -1.15326988549 0.316817395879 0.0510432118930 0.0312378953149 -0.628221089709 0.300708129292 0.373831299355 3.44440800215 0.00313588028446 0.0755036166985 0.285642036220 9.71769139368 4.37162629225 -4.17603236786 239.515000000 15.1871396600 1.46095694762 0.467952931311 0.00155677277958 0.306780322033
decision_type=2 2 2 2 2 2 2 2 2 2 2 2 2 2 2 2 2 2 2 2 2 2 2 2 2 2 2 2 2 2 2 2 2 2 2 2 2 2 2 2 2 2 2 2 2 2 2 2 2 2 2 2 2 2 2 2 2 2 2 2 2
left_child=1 2 3 4 5 -1 -3 8 -5 -7 11 12 -9 -11 15 -13 -15 18 19 20 -17 -19 23 -21 -23 26 27 -25 -27 30 -29 -31 33 34 35 36 -33 -35 39 -37 -39 42 43 -41 45 -44 -46 48 49 50 -48 -50 53 -52 -54 56 -56 -57 59 -59 -61
right_child=32 17 10 7 6 -2 -4 9 -6 -8 14 13 -10 -12 16 -14 -16 25 22 21 -18 -20 24 -22 -24 29 28 -26 -28 31 -30 -32 47 41 38 37 -34 -36 40 -38 -40 44 -43 -42 46 -45 -47 55 52 51 -49 -51 54 -53 -55 58 57 -58 60 -60 -62
leaf_value=-0.00277704941842 0.00282429659248 -0.00453359267380 -0.00709346399545 0.00140758433202 -0.00436975808896 -0.0136447934739 -0.00720022990654 -0.00487353118434 0.00215877876722 -0.00307941516641 -0.00100456221720 -0.000782507075608 0.00270704355802 -0.0122143298121 -0.00234368014559 0.00901678096611 0.00129571593249 -0.000935716007899 -0.00598550252753 -0.00279201724879 -0.00685177843131 -0.0119314901653 -0.00492735345278 -0.00800074088876 0.00143904665657 0.0000764628694091 0.00581754636997 -0.00511103349656 0.00276205421744 0.0120285480447 0.00229619924165 -0.0114087755783 -0.00265404291565 0.0117019083310 -0.000422486674259 -0.00896811970890 0.00315054611068 0.000544343875873 0.00244026370031 -0.0104228182915 -0.000339705466077 0.00752897317967 0.0100429137350 0.00252286674436 0.00858574950440 0.00500602514569 0.00729997276101 0.00154045165129 0.00325728985347 0.000821583388200 -0.00174107786446 0.00279318992054 -0.00574125363468 0.00347203912019 -0.00570270731357 0.00365290042424 0.00455711948428 0.00213552349278 -0.0195954877113 0.00486008241634 -0.00136991269015
internal_count=0
leaf_count=0

Tree=33
num_leaves=59
num_cat=0
split_feature=4 2 18 1 14 21 5 16 2 18 0 2 14 4 1 1 19 4 13 5 0 8 17 1 4 18 18 27 4 14 8 18 1 1 17 17 19 10 12 0 0 5 5 14 18 18 15 10 0 3 14 4 8 17 17 2 17 0
threshold=-0.997527256379 -33.7232243500 0.00159667916222 235.178000000 -0.0804062324948 -0.170981480196 0.549836986953 0.00678402246635 -51.1407986400 0.00312080641551 88.6840000000 -45.4388814100 -0.172438734032 -10.9951499617 197.221000000 42.2580000000 -0.190249554395 -1.38995274003 -0.295255528996 -0.462384437352 290.506000000 0.289965575203 0.00540256988241 216.465000000 -2.49781441239 0.00156589579303 0.00156309251098 0.606112795198 2.50530408888 0.0498673096261 5.78091457570 0.00159667916222 14.1000000000 33.0280000000 5.83445201054 3.44440800215 -0.0475823412405 -0.0617596569208 0.693692245626 252.856000000 130.968000000 -0.166548407827 0.644322682776 0.410415384778 -0.00156479413427 -0.00159423499180 0.00994519032201 0.182982772634 266.972000000 -8.01979768167 0.197866529736 2.79745262504 0.289965575203 0.435043482504 0.773876487158 15.1871396600 0.165506712899 60.4850000000
decision_type=2 2 2 2 2 2 2 2 2 2 2 2 2 2 2 2 2 2 2 2 2 2 2 2 2 2 2 2 2 2 2 2 2 2 2 2 2 2 2 2 2 2 2 2 2 2 2 2 2 2 2 2 2 2 2 2 2 2
left_child=1 2 3 4 5 -1 7 -4 -6 10 -8 -9 13 -11 -13 16 17 18 -15 20 -18 -20 23 24 -22 26 -25 -27 29 30 31 32 -29 -31 35 -33 37 38 -36 -38 41 -40 -42 44 45 46 -44 -46 49 -48 -50 52 53 -52 -54 56 -56 -58
right_child=28 15 9 6 -3 -2 8 -5 -7 12 11 -10 14 -12 -14 22 19 -17 -16 21 -19 -21 25 -24 -23 27 -26 -28 43 36 34 33 -30 -32 -35 -34 40 39 -37 -39 42 -41 -43 51 48 47 -45 -47 50 -49 -51 55 54 -53 -55 57 -57 -59
leaf_value=-0.00397854296237 -0.000256449852450 0.00463282410186 -0.00977250261327 -0.00245654887113 -0.00380571477601 0.00865513999654 0.0146528823521 -0.00199524806313 0.00456563419643 -0.00434388438674 -0.00185362339639 0.00484071566245 -0.000828413381598 -0.00600716324548 -0.0105178648988 0.000528813508714 0.00120946710006 -0.00567371873697 -0.00697987223019 -0.00351762839311 -0.00643494583269 -0.0113336209754 -0.00230004035023 -0.00148668428947 -0.00644403306640 0.00259627465514 -0.0000156913696467 -0.00575462233980 -0.000249833135393 0.0100081977324 0.00150094832196 0.0219236278374 0.0128562406991 0.00184296352394 -0.000797543214207 0.00212078419387 -0.00429991158589 0.00117279138051 0.00276007812761 -0.000908972859862 0.00208808041650 0.00700609829230 0.00724981290273 0.000707236776100 -0.00294319728318 0.000450752892770 -0.00890662740030 0.00242792576043 0.0109062991410 0.00625864508218 0.0119717281690 -0.000221710438643 0.00197046897475 0.00847538061019 -0.0139264639032 0.00185308786896 -0.00546887457473 0.00358631624971
internal_count=0
leaf_count=0

Tree=34
num_leaves=61
num_cat=0
split_feature=14 2 21 1 14 0 16 16 11 2 5 20 18 27 17 4 1 0 19 5 21 18 21 8 4 20 21 17 21 17 21 18 17 1 25 4 2 4 6 0 3 2 0 14 14 4 17 17 14 4 11 5 7 1 13 6 2 18 0 2
threshold=-0.0581100847818 -33.7232243500 -0.385733940842 89.4700000000 -0.434749823136 238.752000000 2.47353627407 0.00577283480498 -0.382479618460 -45.4388814100 1.14971668305 -2.15757466062 0.00159667916222 0.951516489255 1.45094772521 -3.04151162357 154.947000000 295.179000000 0.00158269519046 -0.142529670803 0.0280251752848 0.00312080641551 -0.140755310962 0.253504512106 -2.01525026774 0.00159374664799 -6.46944371215 0.589172198853 0.0280251752848 0.728003870988 0.189586937398 -0.00156479413427 4.72870082554 263.432000000 1.40000000000 -3.61082322397 -4.96239504000 -1.58282946595 0.000193551714386 50.6940000000 0.927157033232 15.1871396600 276.415000000 0.0722569742588 -0.0346358553601 3.71511591302 0.00867734936179 0.00661237557012 1.00716802096 1.22940533169 1.16238958396 1.66867573793 0.695256419878 56.3800000000 0.262546376222 0.899664130528 24.9135837700 -0.00156479413427 46.3960000000 42.0882536800
decision_type=2 2 2 2 2 2 2 2 2 2 2 2 2 2 2 2 2 2 2 2 2 2 2 2 2 2 2 2 2 2 2 2 2 2 2 2 2 2 2 2 2 2 2 2 2 2 2 2 2 2 2 2 2 2 2 2 2 2 2 2
left_child=1 2 3 4 5 -1 -3 8 -5 -7 11 12 -9 -11 -13 -14 17 18 19 -16 -18 22 -20 24 25 -23 -25 28 -27 -29 31 32 33 34 -31 -33 -35 -36 39 40 -38 -40 43 -42 -44 46 47 48 -46 -48 51 -50 -52 54 55 -54 -56 58 -58 -60
right_child=30 16 10 7 6 -2 -4 9 -6 -8 14 13 -10 -12 15 -15 23 21 20 -17 -19 -22 -21 27 26 -24 -26 29 -28 -30 45 38 36 35 -32 -34 37 -37 42 41 -39 -41 44 -43 -45 53 50 49 -47 -49 52 -51 -53 57 56 -55 -57 59 -59 -61
leaf_value=-0.00333927874062 -0.00411355629848 -0.00609247046494 -0.00307557719460 0.00209089498825 -0.00635583266524 -0.00345300798078 -0.00156024350803 -0.00458020545413 -0.000437484346244 0.000296343038788 -0.00275506454276 -0.00609188478654 0.00130272116668 0.00866813269174 -0.00162604333939 -0.00313711768564 -0.000680959078442 0.00778492962404 -0.00712860515785 -0.0136681938981 0.000175437161883 -0.00412616971339 0.0130620354404 0.00610312552651 0.00113573141514 -0.00286555358627 0.00547487384353 0.00271955319078 -0.000897750747954 -0.00216960322378 -0.00829474522827 0.00758674186491 -0.000377089669987 0.00945337415653 -0.00771502937899 0.00174179534424 -0.00197711803258 0.00763537525557 -0.00825219296711 0.00235858289845 0.000277588524665 0.00170546184195 -0.00451045467587 0.00781787625303 -0.00172996834227 0.00724251885022 0.00634154092483 0.00232432630970 0.000807687695583 0.0108869150781 -0.00540054707737 0.00629659198885 0.00694504662801 0.0124124180361 0.00565014797908 0.00372963826852 -0.00437698612564 0.00174546723106 0.00245945738395 0.00344811237965
internal_count=0
leaf_count=0

Tree=35
num_leaves=59
num_cat=0
split_feature=14 4 14 16 1 5 15 0 8 19 2 20 4 0 1 19 4 20 11 4 0 5 8 17 1 17 19 5 26 21 25 18 5 18 4 1 20 13 3 11 5 15 2 2 4 11 15 19 17 11 1 0 1 13 2 2 8 5
threshold=-0.0581100847818 -3.94564055199 -0.172438734032 0.00519676014141 89.4700000000 -0.427361730019 0.00356333367835 78.9460000000 1.80980033160 -0.0475823412405 -106.654106600 -0.689343515192 -10.9951499617 121.238000000 61.2480000000 0.00158269519046 -0.639250279769 -0.0480919145085 -0.00330641958257 -0.639250279769 295.179000000 0.306780322033 0.148162087887 0.00605813935177 221.054000000 0.00781617171032 0.950753464328 1.34582779672 0.0761659981419 0.189586937398 1.80000000000 0.00159667916222 0.833540815858 -0.00156264600926 -0.997527256379 51.8100000000 0.317581351241 0.197135840844 0.927157033232 0.00000000000 -0.0952353104031 0.397518299715 7.03174318000 16.8950152800 3.71511591302 -0.0410114934679 0.00268094396502 -0.00156282770614 0.00921965501724 1.31073257239 159.993000000 60.4850000000 56.3800000000 0.228679752016 24.9135837700 60.9298822300 4.64350586095 -0.952604700979
decision_type=2 2 2 2 2 2 2 2 2 2 2 2 2 2 2 2 2 2 2 2 2 2 2 2 2 2 2 2 2 2 2 2 2 2 2 2 2 2 2 2 2 2 2 2 2 2 2 2 2 2 2 2 2 2 2 2 2 2
left_child=1 2 3 4 5 -1 -3 8 -5 -7 -9 12 -10 -12 15 16 17 -14 -16 20 -18 -20 23 24 -22 -24 27 -26 -28 30 31 32 33 -30 -32 36 -34 -36 39 40 -38 -40 -42 -43 45 46 47 -45 -47 50 -49 -51 53 -53 -54 56 -56 -58
right_child=29 14 10 7 6 -2 -4 9 -6 -8 11 13 -11 -13 22 19 18 -15 -17 21 -19 -21 26 25 -23 -25 28 -27 -29 44 38 35 34 -31 -33 37 -35 -37 42 41 -39 -41 43 -44 52 49 48 -46 -48 51 -50 -52 55 54 -55 57 -57 -59
leaf_value=-0.00122592047167 -0.00506425130702 -0.00650925893647 0.000128586048840 0.000546033146151 -0.00326481670514 -0.00383103594965 -0.00270904111311 0.00930508819945 -0.00789626616020 -0.00212497789664 -0.00144387719356 0.00259186088701 -0.00543516416349 -0.00219914917487 -0.00876248243281 -0.00358804416112 -0.00104284730013 -0.00983372747953 0.0141209690747 0.00262675825706 -0.00818521593336 0.000359029231469 0.00406181202058 0.000667882075986 -0.00123315570120 -0.00655089830279 0.00346020783366 -0.0000240888259847 -0.00108559126654 0.000334787662061 -0.00937513333028 0.00286302759054 0.00500213496366 0.0128702974606 0.00178776714223 0.00636035322524 -0.0124503743034 -0.00553772672423 0.000165650389466 -0.00936254846697 0.0220598155235 -0.00633928869412 0.00366622141469 0.00767476413079 -0.00289922836546 0.00374749364393 -0.0000343006300911 0.00276874295979 0.00110656137073 0.0118034510891 0.00584097490813 0.0102469922056 0.00512420411610 0.00356278956916 0.00239274023928 -0.00355625670105 0.00168526311716 0.00363455169752
internal_count=0
leaf_count=0

Tree=36
num_leaves=58
num_cat=0
split_feature=14 1 4 4 13 0 18 27 8 5 23 15 12 4 2 20 21 15 18 20 11 14 26 17 26 3 8 5 21 11 18 25 18 3 25 6 17 0 5 13 13 19 8 7 0 17 8 5 5 8 23 1 4 4 2 17 6
threshold=-0.0581100847818 70.4530000000 0.502165393317 -0.0711180789270 -0.295255528996 290.506000000 -0.00160955250128 1.25755586026 0.428171927322 0.914060499894 -0.00135175253770 0.00349042550427 -1.67150094903 -1.79145888008 -58.8245610000 4.14513692282 -0.140755310962 2.74621096442 0.00158081797652 0.621832540497 1.16238958396 -5.75143146140 -0.0308688987916 1.26483982096 0.000847837113849 -0.607663825342 0.393657168627 0.277780453750 0.316817395879 0.00189715291921 0.00159667916222 1.80000000000 0.00156589579303 0.927157033232 1.80000000000 0.899664130528 2.23878317598 248.190000000 0.833540815858 -0.223109630242 -0.0800728456000 -0.00155821758052 1.14056962752 1.53201262460 125.862000000 0.00605813935177 0.559693433615 0.0691158430716 1.34582779672 0.0262629266088 0.0196284911368 18.9220000000 0.318412943747 3.09490633225 37.6781652500 0.0598907368742 1.35628179832
decision_type=2 2 2 2 2 2 2 2 2 2 2 2 2 2 2 2 2 2 2 2 2 2 2 2 2 2 2 2 2 2 2 2 2 2 2 2 2 2 2 2 2 2 2 2 2 2 2 2 2 2 2 2 2 2 2 2 2
left_child=1 2 3 4 5 -1 -3 8 -5 -7 -9 -10 -11 14 15 16 -13 -15 19 -17 -19 22 23 -21 -23 26 -25 -27 29 30 31 32 -29 -31 35 -33 -35 38 39 -37 -39 42 -41 -43 45 46 47 -45 49 -48 -50 52 -52 -53 55 -55 -57
right_child=28 13 10 7 6 -2 -4 9 -6 -8 11 12 -12 21 18 17 -14 -16 20 -18 -20 25 24 -22 -24 27 -26 -28 44 37 34 33 -30 -32 36 -34 -36 41 40 -38 -40 43 -42 -44 51 48 -47 -46 50 -49 -51 54 53 -54 56 -56 -58
leaf_value=-0.00309027642213 -0.00473067637466 -0.00769639545732 -0.000167192952324 -0.00718602640372 -0.0173280200781 0.00912830196667 -0.00828890943718 -0.00470069232640 0.000762298720009 0.0125160483898 0.00491941391020 -0.00334929321472 -0.00935452426505 -0.00162746746322 0.0115339925742 -0.00212297740502 -0.000162744875937 0.000871028251642 -0.00279431923142 -0.0240739963162 0.00549505900087 0.0124664906707 -0.00862359996827 0.00244222904892 -0.000548830298015 -0.0000530087532653 -0.00518484179620 -0.000245542550374 -0.00359848232548 -0.00884827295237 0.00246089037064 0.00402287801269 0.000264700098845 -0.0127118166360 0.00461907248671 -0.00486952847246 0.000730821500597 0.0134325853633 0.00229069256228 -0.00844128431992 0.00224208227582 0.00458755721490 0.00985558473405 0.000160426003233 -0.0147361878054 0.00799586966580 -0.00953886651753 0.00101041621641 0.00906308943112 0.00345507831814 -0.00759589556099 0.00522420046470 0.00385760145278 0.00297335531499 0.00154211922309 0.00300851836236 0.00441459784698
internal_count=0
leaf_count=0

Tree=37
num_leaves=62
num_cat=0
split_feature=4 14 1 17 5 4 14 8 17 4 2 7 4 16 17 8 4 3 17 18 2 17 16 0 5 4 17 20 17 27 14 19 5 6 27 10 8 20 21 7 11 14 0 17 17 1 2 0 13 15 4 21 14 4 18 3 8 21 18 6 2
threshold=-0.997527256379 -0.434749823136 225.407000000 0.00700539996511 0.0241368059753 -1.38995274003 -0.887818084911 0.116344416679 0.00781617171032 -1.38995274003 -16.4956220800 0.0200690351546 -3.61082322397 0.976459845848 0.253534039101 0.870300163973 -1.18771476102 -1.89118171795 0.589172198853 0.00159667916222 -5.98818763001 0.995182938932 0.00763507090722 50.6940000000 0.507910221844 -2.49781441239 1.60679307713 0.00159374664799 0.435043482504 0.974671384752 0.175391712368 -0.00156573078836 0.507910221844 1.50487906197 1.90323447151 1.49869421225 0.428171927322 -0.0480919145085 9.58343220945 2.02963360760 -0.0179063814731 0.0498673096261 12.7700000000 1.03723965327 0.487455161116 56.3800000000 18.6897700000 187.298000000 0.751433512904 0.00155726358031 5.00117569032 -3.34390898630 0.362963520416 1.59184062530 -0.00156479413427 9.56302973045 0.148162087887 0.316817395879 -0.00153022188254 0.00422127385723 37.6781652500
decision_type=2 2 2 2 2 2 2 2 2 2 2 2 2 2 2 2 2 2 2 2 2 2 2 2 2 2 2 2 2 2 2 2 2 2 2 2 2 2 2 2 2 2 2 2 2 2 2 2 2 2 2 2 2 2 2 2 2 2 2 2 2
left_child=1 2 3 4 5 -1 -3 8 -5 -7 11 -9 -10 14 -12 16 17 18 -15 -17 21 -19 -21 24 25 -23 -25 28 -27 -29 31 32 33 34 -31 -33 37 -35 -37 40 41 -39 -41 44 -43 -45 47 48 49 -47 -49 52 -51 -53 55 56 -55 -57 59 -59 -61
right_child=30 15 10 7 6 -2 -4 9 -6 -8 13 12 -11 -14 -13 23 20 19 -16 -18 22 -20 -22 27 26 -24 -26 29 -28 -30 46 39 36 35 -32 -34 38 -36 -38 43 42 -40 -42 45 -44 -46 54 51 50 -48 -50 53 -52 -54 58 57 -56 -58 60 -60 -62
leaf_value=-0.00347297047465 -0.0122552070564 -0.00867970995118 -0.00388385547660 0.00669853143004 -0.00165780964992 -0.00267996589465 -0.00804217485678 -0.0178796836808 0.00115759276810 -0.00715988202497 0.00966739146666 -0.00928193237108 0.0227661920671 -0.000705693952371 0.00280249731932 -0.00206460784817 0.00609408050770 0.000340079625346 -0.0121003912342 0.0114645415527 0.00181701298104 0.000155130571909 -0.00223873091663 0.00860928041986 -0.000279975140236 0.000792688263254 -0.00243638089035 -0.00188797953782 -0.0000543257950911 -0.00181082385456 0.000736584150320 0.00271584067079 -0.00235408629672 -0.0109486126782 0.00188311056082 0.00237594020603 -0.00705882380293 -0.000955151338346 0.000988409371378 -0.000796382026866 0.00110129703358 0.0119094484960 0.0172633400134 0.00782853983296 0.00193301350473 -0.00839159198865 0.00166737016691 -0.00140150838685 -0.0182186277823 0.0174244383235 0.0106637603831 0.000507244809145 0.00353206824897 0.00570431948188 0.000696780842475 -0.00136377118899 0.00315055591808 0.000361114614424 0.00383489614472 0.00226706664979 0.00294765450009
internal_count=0
leaf_count=0

Tree=38
num_leaves=60
num_cat=0
split_feature=21 2 13 1 19 5 3 2 4 4 15 0 7 1 27 5 11 18 7 7 0 9 27 22 4 21 10 24 14 5 6 4 11 0 4 5 4 7 17 8 0 14 12 8 5 5 4 21 5 17 8 7 2 18 19 2 12 14 0
threshold=0.0503404796097 -14.9387866800 -0.485176283674 263.432000000 0.00158269519046 0.0241368059753 -9.23134234056 -18.1745422800 -4.68335124869 -8.28138784250 0.00345471883665 116.865000000 1.69537961689 164.626000000 1.66232943936 0.434265890967 -0.0179063814731 0.00159667916222 2.02963360760 1.39476708896 55.2350000000 0.108661792007 1.07328635087 -0.0675003346588 -3.30926409587 -0.170981480196 0.0678286035738 -0.199087384877 -5.75143146140 0.221257564408 0.000193551714386 3.71511591302 -0.0410114934679 102.779000000 1.59184062530 -0.462384437352 2.50530408888 0.866068665581 0.253534039101 1.27058355643 22.4340000000 0.108432265917 0.137522580044 0.428171927322 0.699521750108 0.168877160827 1.22940533169 0.607637778975 0.833540815858 2.68019417816 2.12476563595 2.89441759460 24.9135837700 -0.00157720745908 0.317220918615 -51.1407986400 0.502094454189 0.285642036220 55.2350000000
decision_type=2 2 2 2 2 2 2 2 2 2 2 2 2 2 2 2 2 2 2 2 2 2 2 2 2 2 2 2 2 2 2 2 2 2 2 2 2 2 2 2 2 2 2 2 2 2 2 2 2 2 2 2 2 2 2 2 2 2 2
left_child=1 2 3 4 5 -1 -3 8 -5 10 11 -8 -10 14 -12 -14 17 18 19 -16 -18 22 -20 -22 25 26 -24 -26 29 -28 -30 32 33 34 35 -32 -34 38 -36 -38 41 42 -40 -42 45 -44 -46 48 49 50 -48 -50 53 -52 -54 -56 57 -57 -59
right_child=31 16 9 7 6 -2 -4 -7 -6 13 12 -9 -11 15 -13 -15 24 21 20 -17 -19 23 -21 -23 28 27 -25 -27 30 -29 -31 47 40 37 36 -33 -35 39 -37 -39 44 43 -41 -43 46 -45 -47 55 52 51 -49 -51 54 -53 -55 56 58 -58 -60
leaf_value=-0.00241450973235 -0.00361105553096 -0.00304191402422 -0.000449958739137 -0.00969227763955 -0.0179559793465 -0.00149200731675 -0.00861417969700 -0.00551145885990 0.000418445093642 -0.00302224643018 -0.00222901843880 0.00251279826466 -0.000914192229299 0.00112198630736 -0.00114162007328 -0.00361097757021 0.00532301512296 -0.000411088184675 0.000316247678226 0.00536940935969 0.00176367569694 -0.00863964447511 -0.0100698850553 -0.000478062194778 -0.00600716183777 0.00479818170288 -0.00252374266392 0.0128215845533 -0.00177138722362 0.000291245668427 0.00687665188062 0.000443454874331 -0.00657817062401 -0.000773059757503 0.00173018082059 -0.00129313625291 0.00616786950169 0.00146199486468 -0.00110921233632 0.00307192687910 -0.0140038919612 -0.00351720020803 0.00193823557062 0.000335844159470 -0.000528787324561 0.00436817538798 0.00102479130332 0.00395649540744 -0.000860263192669 0.00203980554462 -0.00551490439451 0.00191381558378 0.00599751242401 0.00275576692861 -0.00729850893690 0.00868547246872 0.00227623252147 -0.00115877891224 0.00278769304012
internal_count=0
leaf_count=0

Tree=39
num_leaves=61
num_cat=0
split_feature=4 1 14 4 4 4 5 11 3 16 15 15 0 19 19 1 2 3 18 20 2 18 27 15 5 17 16 9 17 14 27 14 13 18 7 4 17 1 8 15 25 0 8 2 4 3 0 5 5 27 7 26 21 5 25 4 2 1 7 15
threshold=-0.997527256379 108.211000000 -0.308770995518 -1.38995274003 -1.58282946595 -2.01525026774 -0.0952353104031 0.00725084590147 -1.89118171795 0.242769207530 0.00275813030268 0.00270455431634 243.620000000 0.00156246215743 -0.0475823412405 42.2580000000 -21.7307450000 -9.23134234056 0.00159667916222 4.14513692282 -68.2682700000 0.00312080641551 0.974671384752 2.74621096442 0.762860084669 0.00540256988241 0.00273778243455 0.286322117666 1.08421918821 -0.308770995518 0.0947845931359 0.175391712368 0.751433512904 0.00159667916222 2.02963360760 -0.479567608098 1.03723965327 23.5850000000 1.80980033160 0.874554581751 1.40000000000 102.779000000 2.56099576449 1.37948000000 0.870996751103 2.93284992940 191.789000000 -0.166548407827 -1.05941677639 0.0730026347026 0.00000000000 0.00280748524872 -3.34390898630 0.833540815858 16.2040000000 2.25209925072 30.6954064400 244.765000000 0.0874058316203 0.998974428028
decision_type=2 2 2 2 2 2 2 2 2 2 2 2 2 2 2 2 2 2 2 2 2 2 2 2 2 2 2 2 2 2 2 2 2 2 2 2 2 2 2 2 2 2 2 2 2 2 2 2 2 2 2 2 2 2 2 2 2 2 2 2
left_child=1 2 3 4 5 -1 -3 8 -5 -7 11 12 -9 -11 15 -13 -15 18 19 20 -17 22 -20 -22 25 26 -24 -26 29 -28 -30 32 33 34 35 -32 -34 38 -36 -38 41 42 -40 -42 -44 46 47 48 -46 -48 51 -50 -52 54 55 -54 -56 58 -58 -60
right_child=31 17 10 7 6 -2 -4 9 -6 -8 14 13 -10 -12 16 -14 -16 24 21 -19 -18 23 -21 -23 28 27 -25 -27 30 -29 -31 45 40 37 36 -33 -35 39 -37 -39 44 43 -41 -43 -45 53 50 49 -47 -49 52 -51 -53 57 56 -55 -57 59 -59 -61
leaf_value=-0.00260360758164 -0.00578096550756 0.0128267471766 -0.000581525199313 0.00420604956351 -0.00740349888113 -0.0162442718461 -0.00525853529299 -0.00487206566088 0.00205095508873 -0.00757721012154 -0.0146033501700 -0.00619333840978 -0.00215625982452 -0.00210813957486 0.00137810828566 -0.00368962807696 -0.00227263867362 0.00156228678795 0.000778826967362 0.00749164329365 -0.00283627771442 0.00344193679248 -0.0149264585396 -0.00517474807549 -0.00122645770365 0.00127994205945 0.000708437543054 0.0103667272212 -0.00933473649095 0.000536220977797 0.00118178383586 -0.000359591922636 0.0137825506877 0.00143078626085 0.0112592022587 0.00496943346661 0.00219450983851 0.000599600513473 0.000819860991772 0.00948707693660 -0.00647653768216 0.00660051713184 -0.0123511272520 0.00107415277525 -0.00679666509263 0.00313995116155 -0.00332913278162 0.000240670087416 0.0143419949595 0.000483494373209 0.0140235730247 0.00177079543166 0.00648693678783 0.00220030082822 -0.0134528769888 0.00502634108018 0.00604866610237 0.00308163284430 -0.00959116914995 0.00196345912448
internal_count=0
leaf_count=0

Tree=40
num_leaves=53
num_cat=0
split_feature=21 4 1 21 2 25 10 17 15 8 14 2 2 20 18 0 8 8 2 6 16 8 4 11 15 13 11 3 8 2 14 19 5 19 13 8 2 4 18 27 18 5 26 26 0 1 1 4 3 2 3 7
threshold=0.0503404796097 -4.29461982557 108.211000000 -0.204057043221 -21.7307450000 1.80000000000 -0.241538923754 4.72870082554 0.00275813030268 2.70883952793 -0.152147045261 -33.7232243500 -68.2682700000 4.14513692282 0.00158081797652 140.007000000 2.70883952793 0.358914747193 2.11568500000 0.00000000000 0.423129026512 3.31748176198 1.22940533169 -0.00970569557723 0.00308703356193 0.0201562184070 -2.36881279972 -4.42779173769 0.0857490147627 -14.9387866800 0.253056683203 0.00154619919535 1.66867573793 0.00000000000 -0.116271217115 2.43441964396 -18.1745422800 4.54865548792 -0.00156479413427 1.34070540954 -0.00159423499180 0.434265890967 -0.00903938535579 -0.900710667014 12.7700000000 267.686000000 9.49400000000 0.502165393317 1.91660164384 42.0882536800 0.610244943878 0.0570090069520
decision_type=2 2 2 2 2 2 2 2 2 2 2 2 2 2 2 2 2 2 2 2 2 2 2 2 2 2 2 2 2 2 2 2 2 2 2 2 2 2 2 2 2 2 2 2 2 2 2 2 2 2 2 2
left_child=1 2 3 4 5 -1 -3 -5 9 10 -7 -9 13 -11 -13 16 17 18 -15 -17 21 -19 -21 24 25 -23 -25 28 -27 -29 31 32 33 34 -31 -33 -35 -36 39 40 -38 -40 43 -42 -44 46 47 -46 -47 50 -49 -51
right_child=30 15 8 7 6 -2 -4 -6 12 11 -8 -10 14 -12 -14 23 20 19 -16 -18 22 -20 -22 27 26 -24 -26 29 -28 -30 45 38 36 35 -32 -34 37 -37 42 41 -39 -41 44 -43 -45 -53 49 48 -48 51 -50 -52
leaf_value=-0.00283603073016 -0.000200904906179 0.000290061290101 -0.00849723231061 -0.00347334954295 0.00819816542120 -0.00373809272636 0.00435397921855 -0.00586114217714 -0.0133518777085 -0.00282235886412 0.00350077236722 -0.00124574578766 0.000499408859759 0.000225585817687 0.00462924796715 -0.0127130448924 -0.000731979308824 0.0194161099745 0.00196034283426 0.00200224595500 -0.00284337170899 -0.00381590984778 0.00290477358662 -0.00451626741277 -0.00131698806040 0.0271899879622 0.000414000527098 -0.00195331162653 -0.0000779503019419 -0.00420397549935 0.000493075425785 -0.00521112541118 0.00606659916823 -0.00531272852644 0.0108072344849 0.00304116131722 0.00219526326728 -0.00226891306168 -0.00960324940536 -0.00109541275883 0.0101803877006 0.000171288188338 -0.000144351321047 0.00215268990870 -0.000315769679040 0.00568027147834 0.00347111256206 0.00491412314007 0.00138185501493 0.00469635637964 0.00245692898195 -0.0115455416280
internal_count=0
leaf_count=0

Tree=41
num_leaves=62
num_cat=0
split_feature=14 2 18 19 17 4 26 21 16 6 18 26 0 21 23 1 0 18 3 17 16 8 5 4 18 0 8 4 4 17 21 19 25 5 12 18 0 2 17 1 21 5 14 27 20 3 14 5 7 17 17 4 4 4 3 5 5 5 4 4 2
threshold=-0.0467495563097 -33.7232243500 0.00159667916222 0.642601324130 0.00747273759650 -8.28138784250 0.894485244116 -0.282127104250 1.16278930089 0.899664130528 0.00312080641551 0.168648020211 201.378000000 -0.330247425293 -0.471410754725 150.502000000 276.415000000 0.00158081797652 -1.10931758721 0.00661237557012 0.00540826492897 1.40896085350 -1.40563748412 0.502165393317 0.00312080641551 295.179000000 2.56099576449 -0.997527256379 -0.639250279769 1.72231749380 0.189586937398 0.00154619919535 1.40000000000 0.914060499894 -0.340137853557 0.00155306754124 22.4340000000 3.89448722000 2.55638958345 51.8100000000 0.0280251752848 -0.796380558739 0.0957098816160 0.606112795198 0.516858438695 11.0956276179 0.321925094813 1.34582779672 0.695256419878 0.253534039101 2.68019417816 2.25209925072 1.83224003965 2.79745262504 0.610244943878 0.399885807796 -0.192068683452 0.595046607112 1.59184062530 1.22940533169 7.03174318000
decision_type=2 2 2 2 2 2 2 2 2 2 2 2 2 2 2 2 2 2 2 2 2 2 2 2 2 2 2 2 2 2 2 2 2 2 2 2 2 2 2 2 2 2 2 2 2 2 2 2 2 2 2 2 2 2 2 2 2 2 2 2 2
left_child=1 2 3 4 5 -1 -3 8 -5 -7 11 12 -9 14 -12 -14 17 18 19 -16 -18 22 -20 -22 25 26 -24 -26 29 -28 31 32 33 34 -31 -33 37 -35 -37 40 41 -39 -41 44 -43 -45 47 48 49 -47 -49 52 -51 -53 55 56 -55 -57 59 -59 -61
right_child=30 16 10 7 6 -2 -4 9 -6 -8 13 -11 -10 15 -13 -15 24 21 20 -17 -19 23 -21 -23 28 27 -25 -27 -30 -29 46 39 36 35 -32 -34 38 -36 -38 43 42 -40 -42 45 -44 -46 54 51 50 -48 -50 53 -52 -54 58 57 -56 -58 60 -60 -62
leaf_value=-0.00283412125200 -0.00565384248578 -0.00254675923967 0.00337119925249 -0.000196382463885 -0.00250062588251 0.00495455882701 -0.000276530786458 0.00584242118947 -0.00104171147067 -0.00543064764336 -0.00463892618580 -0.00184502310951 0.00385807389952 -0.00123125007599 -0.00474767584301 -0.00109146783815 0.00200705046740 -0.000781942184594 -0.00546354336476 0.00213530084213 -0.00110418497678 0.00883170703813 -0.00258020228454 -0.00884590823982 -0.00513082634406 -0.00984794671264 0.00305978930199 -0.00793835236816 0.0105605409496 -0.00300611487415 -0.000146256470750 0.00666393855560 -0.00383346595542 -0.00186319140948 0.00886632483253 -0.00612047546071 0.00148511880716 0.0144474861041 0.00667754058899 0.00603715937583 -0.000822157437299 0.00160500919116 0.00604929200841 0.000321987074362 0.00937706970238 0.00165551910348 -0.000670212320204 0.00206183922607 0.0000519052643521 0.00318391540744 0.0178617392066 -0.00482140397066 0.00412949191512 -0.00597654489337 0.0107029658504 -0.0121536105929 0.00712232898388 0.00290406172474 -0.00382230926526 0.0100817123468 0.00209357581957
internal_count=0
leaf_count=0

Tree=42
num_leaves=57
num_cat=0
split_feature=14 0 2 20 1 17 4 17 4 12 14 8 0 17 5 4 17 4 20 3 8 11 8 14 14 26 14 5 25 16 0 27 6 26 5 0 21 16 8 8 8 2 19 19 17 4 6 0 2 18 2 1 26 18 18 19
threshold=-0.0693489767319 168.209000000 -7.07819090000 -2.15757466062 287.230000000 1.72231749380 -5.51901401705 0.589172198853 -0.830535944376 -0.575258646363 -0.219412952710 0.182737938385 55.2350000000 0.0101257926096 -0.244857038213 -1.18771476102 0.00824569850771 1.40635495873 0.00159374664799 -0.607663825342 0.148162087887 -0.0281588425888 1.74197710417 -0.887818084911 -0.195106916204 0.0194789325980 0.122383999960 0.470126150570 1.80000000000 0.00646562319099 8.29100000000 0.0278189743109 0.00000000000 0.000110707079060 0.142888075738 224.643000000 0.437393903212 0.304743954612 0.148162087887 0.494265821792 4.64350586095 24.9135837700 0.00155400179613 0.00000000000 0.00867734936179 1.22940533169 0.00184896452653 130.968000000 3.89448722000 -0.00156479413427 60.9298822300 235.178000000 0.168648020211 -0.00153022188254 -0.00155073404673 -0.00155821758052
decision_type=2 2 2 2 2 2 2 2 2 2 2 2 2 2 2 2 2 2 2 2 2 2 2 2 2 2 2 2 2 2 2 2 2 2 2 2 2 2 2 2 2 2 2 2 2 2 2 2 2 2 2 2 2 2 2 2
left_child=1 2 3 4 5 -1 -3 8 -5 -7 11 12 -9 -11 15 -13 -15 18 19 20 -17 -19 23 -21 -23 -25 27 28 29 30 -27 -29 33 -31 -33 36 37 -35 -37 -39 -40 42 43 44 -42 -44 47 -46 -48 50 51 -50 -52 54 -54 -56
right_child=26 17 10 7 6 -2 -4 9 -6 -8 14 13 -10 -12 16 -14 -16 25 22 21 -18 -20 24 -22 -24 -26 41 35 32 31 -28 -30 34 -32 -34 39 38 -36 -38 40 -41 49 46 45 -43 -45 48 -47 -49 53 52 -51 -53 55 -55 -57
leaf_value=-0.00590437292389 -0.00249212725081 -0.00657637471884 0.00320653789181 -0.00147858963039 -0.00814051084252 -0.00110769055083 0.000364636041100 0.0109989811510 0.000975980405069 0.0172290010777 0.00395935779269 -0.00144230219486 0.00727506165403 0.000971234872552 -0.00273566663758 -0.000198657625162 -0.00230118560363 -0.00907361432270 -0.00334849537519 -0.00206773536944 0.000770668727724 -0.00305387658891 -0.000444775308978 0.00171821291128 0.0127419706674 -0.000938448745600 0.00166872266089 -0.00441649187032 -0.000225679038924 -0.00548215980235 -0.0167396809534 -0.000949094130215 -0.0114890976657 0.00566508116751 0.00112216083187 -0.0197904812204 -0.0000790941100541 0.0163683502500 0.00225179768419 0.0144776406552 0.00212595436087 0.000113217372659 -0.0153164697432 -0.00117990436380 -0.00605301668120 0.00113199076072 0.00712367193181 0.00205481017584 0.000388817501185 -0.00377997970608 0.00262715427938 0.000461815987275 0.00252959286721 0.00406034917143 0.00143770236390 0.00226007716216
internal_count=0
leaf_count=0

Tree=43
num_leaves=61
num_cat=0
split_feature=21 4 21 17 14 12 25 8 5 17 16 20 3 14 21 12 26 8 17 2 8 14 19 1 15 17 24 4 1 1 14 27 13 18 20 9 4 25 1 2 0 2 22 16 16 6 1 5 5 3 2 26 8 7 6 1 3 1 0 3
threshold=0.0648473571345 -3.04151162357 -0.628221089709 0.00747273759650 -1.78538701797 -3.98948083027 0.800000000000 1.74197710417 -0.166548407827 1.35576608814 0.935270774912 0.621832540497 -3.12167125971 -0.172438734032 -0.240284137060 -0.340137853557 0.0151693708084 2.70883952793 0.00867734936179 -9.45740646000 0.0262629266088 0.708911733144 0.00159446936099 51.8100000000 0.00345471883665 1.12970557049 -0.000221650061095 -2.76650163521 216.465000000 197.221000000 0.223438817472 2.08135419425 -0.116271217115 0.00156309251098 0.00156250024475 -0.0111435769778 9.71769139368 1.80000000000 287.230000000 -12.0792482300 210.530000000 -4.96239504000 0.115898814833 1.06409607947 1.01685196447 0.00184896452653 192.856000000 0.248909684195 0.168877160827 2.13804739340 7.03174318000 0.0000407936617819 0.0262629266088 0.0200690351546 0.00663095217420 37.6800000000 1.91660164384 9.49400000000 295.179000000 2.93284992940
decision_type=2 2 2 2 2 2 2 2 2 2 2 2 2 2 2 2 2 2 2 2 2 2 2 2 2 2 2 2 2 2 2 2 2 2 2 2 2 2 2 2 2 2 2 2 2 2 2 2 2 2 2 2 2 2 2 2 2 2 2 2
left_child=1 2 3 4 5 -1 -3 8 -5 -7 11 12 -9 -11 15 -13 -15 18 19 20 -17 -19 23 -21 -23 26 -25 28 -27 -29 31 32 33 34 -31 36 -34 -36 39 40 -38 -40 43 -42 -44 46 47 48 -46 -48 51 -50 -52 54 55 -54 -56 58 -58 -60
right_child=30 17 10 7 6 -2 -4 9 -6 -8 14 13 -10 -12 16 -14 -16 25 22 21 -18 -20 24 -22 -24 27 -26 29 -28 -30 45 38 35 -33 -32 37 -35 -37 42 41 -39 -41 44 -43 -45 53 50 49 -47 -49 52 -51 -53 57 56 -55 -57 59 -59 -61
leaf_value=-0.00311818322160 0.00511391849354 -0.00599978137412 -0.00195938836196 -0.00106688944259 -0.00226815636271 -0.00462775918201 -0.00254722344543 0.000482400886807 -0.00366815012244 0.00282158395870 0.0108035578670 -0.00168758017870 -0.00429838141869 -0.00116500183564 0.000728519873257 0.00582804304074 -0.00337222022535 0.00132875931747 -0.00799558051189 -0.00261836878195 -0.000767250909579 0.00686217750984 0.00000259711138013 0.0237746363948 0.0170599961138 0.0132084609161 0.000731831875241 -0.00121306106806 0.00242726645132 -0.00655519005102 0.00786052379122 0.0108318305285 -0.000760417823114 0.00379976773465 0.000932556385670 -0.00405057023557 0.0149101299113 0.00508977851639 -0.00492887056003 0.00356575989979 -0.00552227279706 -0.0139577809569 -0.00382784672570 0.00462184928293 0.000918692438892 -0.0245352473230 0.00868877714255 0.00204301657955 0.00449165363218 -0.0165035501237 -0.0207137981266 -0.00525867650242 0.00314473946282 0.00884939739278 0.000338042612947 0.00681654870739 0.00268097230363 0.00396044920134 0.000703850881979 0.00182736044178
internal_count=0
leaf_count=0

Tree=44
num_leaves=64
num_cat=0
split_feature=14 2 21 4 14 1 5 17 16 14 25 20 0 14 17 20 1 1 19 4 8 2 4 27 15 11 7 2 0 4 19 27 0 25 14 2 2 6 4 5 3 2 2 5 0 4 3 2 5 21 3 8 8 1 3 5 2 11 5 0 27 16 8
threshold=0.0378504243741 -21.7307450000 -0.755232197230 -3.30926409587 -0.308770995518 202.367000000 -0.627935832879 0.313514400472 0.00468618163054 -0.493080888630 16.2040000000 -2.15757466062 18.2220000000 -0.152147045261 2.06774676726 0.00156250024475 174.138000000 14.1000000000 0.130760485864 -0.305730526963 1.74197710417 -0.492254420002 -0.479567608098 1.50573808424 0.998974428028 -0.0179063814731 2.17644917945 5.92186263000 74.5930000000 -4.68335124869 -2.07390580745 0.0278189743109 130.968000000 1.80000000000 0.122383999960 60.9298822300 1.37948000000 1.71519975233 1.22940533169 0.399885807796 1.70519618448 2.92194406001 1.37948000000 -0.00816675045514 46.3960000000 0.318412943747 0.927157033232 22.5750884000 0.762860084669 0.373831299355 0.104779155579 0.0549097436261 0.728812619125 9.49400000000 4.34528164187 -0.796380558739 7.03174318000 -0.274568879244 1.14971668305 173.216000000 0.0947845931359 0.00646562319099 0.393657168627
decision_type=2 2 2 2 2 2 2 2 2 2 2 2 2 2 2 2 2 2 2 2 2 2 2 2 2 2 2 2 2 2 2 2 2 2 2 2 2 2 2 2 2 2 2 2 2 2 2 2 2 2 2 2 2 2 2 2 2 2 2 2 2 2 2
left_child=1 2 3 4 5 -1 -3 8 -5 -7 11 12 -9 -11 15 -13 -15 18 19 20 -17 -19 23 -21 -23 26 27 -25 -27 30 -29 -31 33 34 35 36 -33 -35 39 -37 -39 42 43 -41 -43 46 -45 -47 49 50 51 -49 -51 54 -53 -55 57 58 -57 -59 61 -61 -63
right_child=32 17 10 7 6 -2 -4 9 -6 -8 14 13 -10 -12 16 -14 -16 25 22 21 -18 -20 24 -22 -24 29 28 -26 -28 31 -30 -32 48 41 38 37 -34 -36 40 -38 -40 45 44 -42 -44 47 -46 -48 56 53 52 -50 -52 55 -54 -56 60 59 -58 -60 62 -62 -64
leaf_value=-0.00207267378303 0.000486836281996 -0.000948398124959 -0.00458637010433 -0.00472257714956 -0.0114036086636 -0.0000632474977255 -0.00631792208286 0.00176747491233 -0.00242080062487 -0.00104490647681 0.000851311789218 0.00840424913751 0.0266267993556 0.00480698628066 -0.0130672344580 -0.00331360363707 -0.00656577825369 -0.0133338944406 0.00117451989598 -0.00459832231095 0.00533915554321 0.0170454147138 0.00493369657072 -0.000866509575693 -0.00708919582120 0.00400640747727 0.0000469528583218 0.00192895521656 -0.00676245732945 -0.000766313844371 0.000373525197351 -0.00232911741671 0.0000957646161352 0.00440877529925 0.0108243707558 0.00413017746844 -0.00597851509163 -0.00399777262720 0.00132854980159 -0.0110395162589 0.00367948147243 -0.0146673554349 -0.0249956704281 -0.00306234249729 0.0167552166138 -0.00676586050227 0.00274870320418 0.0206352789512 0.00269070509197 -0.00244154757750 0.000853605674400 0.00401542908081 0.00265555196165 0.00299827606067 0.00146760799900 -0.00954578206912 0.00667358950541 0.0139900132904 0.00742769981819 0.00162251580389 -0.00646487058512 0.00504138043343 0.00257305906699
internal_count=0
leaf_count=0

Tree=45
num_leaves=56
num_cat=0
split_feature=14 2 8 4 20 1 20 0 2 14 15 5 0 4 2 1 13 19 4 4 26 5 20 26 2 17 14 0 3 18 26 13 5 5 17 15 19 2 8 23 4 17 16 20 21 22 5 7 4 13 21 26 0 4 2
threshold=0.0498673096261 -25.9692494600 0.0549097436261 -6.65274731568 -1.24481974262 70.4530000000 0.00154702994193 219.991000000 -33.7232243500 -0.172438734032 0.00312500024077 -0.192068683452 78.9460000000 -17.1227861729 -58.8245610000 14.1000000000 0.00374171302678 0.130760485864 -0.305730526963 -0.830535944376 -0.000808448397116 2.26239178944 0.00159374664799 -0.0388575409660 -12.0792482300 0.253534039101 -0.563821231603 266.972000000 3.90503470123 -0.00160955250128 -0.256305916437 0.143128537702 -0.142529670803 -0.273239054352 0.00781617171032 0.00269821893880 -0.00156573078836 60.9298822300 4.64350586095 -2.42353202072 3.39433786400 2.33347066804 4.37162629225 -2.15757466062 0.437393903212 0.0680233225810 -2.45930946378 1.33388401413 8.57206908126 0.143128537702 0.0648473571345 -0.00277921971992 295.179000000 1.83224003965 37.6781652500
decision_type=2 2 2 2 2 2 2 2 2 2 2 2 2 2 2 2 2 2 2 2 2 2 2 2 2 2 2 2 2 2 2 2 2 2 2 2 2 2 2 2 2 2 2 2 2 2 2 2 2 2 2 2 2 2 2
left_child=1 2 3 4 -1 -2 7 -4 -6 10 11 -8 -10 -12 -13 16 17 18 -15 -17 21 22 -20 -22 25 -24 -26 28 29 30 31 -28 -30 34 -32 -34 37 38 -36 -38 41 -40 -42 44 45 46 -44 -47 -48 50 -50 -51 53 -53 -55
right_child=27 15 9 6 5 -3 8 -5 -7 13 12 -9 -11 14 -14 20 -19 19 -16 -18 24 23 -21 -23 26 -25 -27 43 36 33 32 -29 -31 35 -33 -35 40 39 -37 -39 42 -41 -43 49 47 -46 -45 48 -49 52 51 -52 54 -54 -56
leaf_value=-0.00146120905583 -0.00328351010457 -0.00564339991267 -0.000507923190342 0.00965576624810 0.0105146195991 0.0245915473621 -0.00200422611205 -0.00336969649285 0.0000255091921906 -0.00179846555353 0.00974404402144 -0.00445336904483 0.0000163398676708 -0.00384186026272 -0.0104364194948 -0.00444321106036 0.00643421538190 0.00749116168772 -0.00107540213067 0.000331204863642 0.00755985571876 -0.0000112365350424 -0.00227240701940 -0.0000995924768303 0.00249216766373 0.000191917097013 0.00489855969358 -0.00223945046818 -0.00431422577299 -0.000737627189148 0.00481546009829 0.00100727117290 -0.00141501175202 0.000566078420499 0.000167261736558 -0.00400705288596 -0.00147579679806 0.00234070101171 0.00422197171215 0.0130644450059 0.00167597547031 0.00421880573102 -0.00456181462638 -0.0125905193062 0.000525835992454 -0.000968502467526 0.00413559206770 0.00217746138391 0.0138865103815 -0.000369548763457 0.00811542700968 0.000748366662695 0.00259301735664 0.00463098082524 0.00238473874218
internal_count=0
leaf_count=0

Tree=46
num_leaves=63
num_cat=0
split_feature=4 4 18 5 8 4 14 2 15 25 5 18 9 9 14 0 7 1 17 21 12 27 14 19 15 5 27 19 15 19 14 4 11 19 14 8 2 16 9 1 2 17 3 3 19 5 23 21 5 21 16 19 7 2 17 8 4 1 26 27 2 3
threshold=-0.997527256379 -5.51901401705 0.00159667916222 -2.45930946378 2.56099576449 -10.9951499617 -0.0804062324948 -33.7232243500 0.00318810887026 1.80000000000 -0.627935832879 0.00312080641551 -0.0000252426479719 -0.000152345229765 -0.152147045261 69.4180000000 2.58777296517 14.1000000000 2.33347066804 -0.628221089709 -0.913265056599 1.50573808424 -0.276502308524 0.00154619919535 0.00275813030268 -0.393961159858 0.0136650166774 -0.00158519755211 0.00308703356193 0.00000000000 -5.75143146140 2.50530408888 -0.0410114934679 1.34721700559 -0.104885737466 0.148162087887 -3.87635164000 2.47353627407 0.382356078945 169.032000000 -10.6800062700 1.08421918821 -2.11533196394 -3.72897587868 0.00154619919535 0.549836986953 -0.554697351086 0.513472264083 -0.677031752773 0.316817395879 1.11260738397 -0.00155511297062 1.39476708896 -10.6800062700 3.20679567615 0.116344416679 2.79745262504 61.2480000000 -0.0486573481195 0.00977812164651 24.9135837700 1.70519618448
decision_type=2 2 2 2 2 2 2 2 2 2 2 2 2 2 2 2 2 2 2 2 2 2 2 2 2 2 2 2 2 2 2 2 2 2 2 2 2 2 2 2 2 2 2 2 2 2 2 2 2 2 2 2 2 2 2 2 2 2 2 2 2 2
left_child=1 2 3 4 5 -1 -3 8 -5 -7 11 12 -9 -11 15 -13 -15 18 19 20 -17 -19 23 -21 25 26 -24 -26 29 -28 -30 32 33 34 35 -32 -34 38 -36 -38 41 42 -40 -42 45 -44 -46 48 49 50 -48 -50 53 -52 -54 56 57 -56 -58 60 -60 -62
right_child=31 17 10 7 6 -2 -4 9 -6 -8 14 13 -10 -12 16 -14 -16 24 22 21 -18 -20 -23 -22 28 27 -25 -27 30 -29 -31 47 40 37 36 -33 -35 39 -37 -39 44 43 -41 -43 46 -45 -47 55 52 51 -49 -51 54 -53 -55 59 58 -57 -59 61 -61 -63
leaf_value=-0.00236879964381 -0.00617289260837 -0.00266905568405 0.00642272130437 -0.00268288183864 -0.00175929400548 -0.000958837668544 0.0120593024175 0.00141657713551 0.0105941753962 0.00422518735156 -0.00220434403286 0.00285644721857 -0.00178790505260 -0.00549558542276 0.00632764674028 -0.00326550009023 0.00275501270019 -0.00209833730243 0.00757990395977 -0.00362976524676 -0.00656369739997 -0.00851628880905 -0.00340647656000 0.00155050696805 0.00727152582099 -0.00276835714567 0.000998365075632 0.00712069787386 0.00275699985666 -0.000545555678246 0.00198671587261 -0.00302166121133 0.00155004290985 -0.000629722007378 0.00473882017199 -0.00820647975867 0.00437589796302 0.0124895453841 -0.00666599252066 -0.0148886368357 0.00856701530139 -0.00180526178249 0.0000461205792006 0.00257237800042 -0.000502239391353 0.00157866164273 -0.00978957646840 -0.00112073735139 -0.000784743783686 0.00409119134605 0.0118004696310 0.000186423397412 0.00231699291202 0.000351321676239 0.00620181629564 0.0128440454840 -0.00513723378658 0.00352335256011 0.00573802245463 0.00226719150003 -0.00363721242331 0.00149396692647
internal_count=0
leaf_count=0

Tree=47
num_leaves=52
num_cat=0
split_feature=14 4 15 4 19 4 4 11 0 14 1 19 18 5 16 8 26 0 9 5 8 27 21 14 4 19 4 2 18 3 15 16 1 6 12 23 1 21 13 18 22 18 4 4 4 16 5 21 4 5 0
threshold=0.0498673096261 -2.24318926726 0.00271080920615 -2.49781441239 0.00158269519046 -3.04151162357 -4.68335124869 0.00725084590147 121.238000000 -0.434749823136 235.178000000 -0.0475823412405 0.00312080641551 -0.581208894231 1.43254279506 3.07799773041 0.0314541676616 295.179000000 0.000156273682883 0.549836986953 0.593789644014 0.225868022414 1.42283266732 -1.07692945853 0.158891522888 0.00778305936144 -0.305730526963 -3.87635164000 -0.00157720745908 9.56302973045 0.00994519032201 2.01890484902 75.3570000000 1.50487906197 0.502094454189 -2.42353202072 126.784000000 0.316817395879 0.445470860445 -0.00159423499180 -0.919165638290 -0.00158785582460 -2.76650163521 -3.94564055199 -0.00155504985333 0.00407527667201 -0.538850043776 -0.0197106873088 0.00156328457290 -0.166548407827 130.968000000
decision_type=2 2 2 2 2 2 2 2 2 2 2 2 2 2 2 2 2 2 2 2 2 2 2 2 2 2 2 2 2 2 2 2 2 2 2 2 2 2 2 2 2 2 2 2 2 2 2 2 2 2 2
left_child=1 2 3 4 5 -1 -3 8 -5 -7 11 12 -9 -11 15 -13 -15 18 19 20 -17 -19 23 -21 -23 26 27 -25 29 30 31 32 -29 34 -32 -34 37 -36 -37 40 -39 -41 43 -43 45 46 -45 -47 49 -49 -51
right_child=28 17 10 7 6 -2 -4 9 -6 -8 14 13 -10 -12 16 -14 -16 25 22 21 -18 -20 24 -22 -24 -28 -27 -26 42 36 33 -31 -30 35 -33 -35 39 38 -38 41 -40 -42 44 -44 48 47 -46 -48 50 -50 -52
leaf_value=-0.00238041154184 -0.000531966740560 -0.00145671016929 0.00879001558561 -0.00417510106462 -0.0115282015262 -0.00665866462134 -0.000517765680965 -0.00202982315981 0.00101003769602 0.000355432120801 -0.00115417262136 0.00156454314206 -0.00490901545177 -0.00167180248613 0.00176172255195 -0.0000105075661169 -0.00140150884037 -0.000948444317826 0.00126756465025 -0.00287523054068 0.000698501204630 -0.0131535144924 -0.00107270968776 -0.00611086861006 -0.00127178246722 -0.0153523490886 -0.0000650196658700 0.00255337721167 -0.000896553877572 0.00864523704988 -0.00337522605491 -0.000940648903027 -0.00224704760867 0.00252746857592 -0.00165118275664 0.00755338702733 0.00214523119551 -0.000920251557426 0.00284225614589 -0.0146542263342 0.00173611598408 -0.00540262066192 -0.0124934218565 0.0175590343543 0.00762443437684 0.00197812072171 0.00805797448820 0.000789451282422 -0.00765437526682 0.000694233525449 0.00145375668370
internal_count=0
leaf_count=0

Tree=48
num_leaves=49
num_cat=0
split_feature=12 4 18 21 14 5 17 18 14 2 6 15 1 9 20 16 1 27 21 2 11 15 20 18 9 11 8 0 0 2 19 5 15 8 5 25 21 4 0 5 4 21 5 23 21 4 27 2
threshold=0.137522580044 -4.68335124869 0.00158081797652 -0.0937182312575 -0.134400627271 -2.45930946378 1.72231749380 -0.00158785582460 -0.152147045261 -80.9899319800 0.837709173764 0.00994519032201 202.367000000 -0.0111435769778 0.712678280927 2.29119258579 9.49400000000 0.857579980236 -0.628221089709 -5.98818763001 -0.0179063814731 0.00155726358031 -0.305391135149 -1.11116063455 0.222725832235 -0.00330641958257 0.0262629266088 281.078000000 248.190000000 42.0882536800 -0.0475823412405 -0.0287332794340 0.936349402217 0.461264166988 -0.166548407827 16.2040000000 0.0280251752848 4.09441681037 22.4340000000 -0.952604700979 -1.58282946595 -0.0753843856169 -0.627935832879 -0.287641944156 -2.09007069023 0.318412943747 0.0730026347026 3.89448722000
decision_type=2 2 2 2 2 2 2 2 2 2 2 2 2 2 2 2 2 2 2 2 2 2 2 2 2 2 2 2 2 2 2 2 2 2 2 2 2 2 2 2 2 2 2 2 2 2 2 2
left_child=1 2 3 4 5 -1 -3 -5 9 10 -7 -9 13 -11 -13 16 17 18 -15 -17 21 -19 -21 24 25 -23 -26 -27 29 30 31 32 -29 -31 35 -33 -35 -37 -38 -39 -41 42 43 -42 -44 46 -46 -48
right_child=28 15 8 7 6 -2 -4 -6 12 11 -8 -10 14 -12 -14 23 20 19 -16 -18 22 -20 -22 26 -25 -24 27 -28 40 37 34 33 -30 -32 36 -34 -36 38 39 -40 41 45 44 -43 -45 47 -47 -49
leaf_value=-0.00353432643764 -0.00154617519921 -0.00867841052415 0.000332328170736 -0.00142818931361 -0.00910330135241 -0.00311857420885 -0.00184233001389 0.00163066887415 -0.000721373000500 0.0135419594389 0.00268787942113 -0.000913499601027 0.00468244492559 -0.00348472492246 -0.00930696124341 -0.00308649797076 0.00310826146954 -0.00391681515398 -0.000657961795637 -0.00221843919943 0.0000621485264281 -0.00913843051388 -0.000184666866195 0.00282024583537 0.00908527631032 0.00156847325158 -0.00309880325821 -0.00331085682026 -0.000594518411589 -0.00548618786737 0.00131489767711 0.00160472230487 -0.00546485479671 -0.00470678629312 0.000378654660136 0.0122437336649 -0.00898665926637 -0.0000176011245304 0.00168406931946 -0.00830290494578 0.000702510507787 0.0167357761670 -0.00669885376435 0.00463986405599 -0.00827036030884 0.00142190781759 0.00488226161786 0.00175207652611
internal_count=0
leaf_count=0

Tree=49
num_leaves=60
num_cat=0
split_feature=21 20 4 13 1 5 26 1 15 20 13 5 27 5 4 16 5 6 5 8 12 8 4 4 21 2 3 14 8 21 11 2 15 21 2 21 1 2 14 11 17 7 5 0 17 20 0 1 7 26 16 4 8 3 18 4 22 6 19
threshold=-0.140755310962 -0.305391135149 -2.49781441239 -0.485176283674 258.893000000 -1.74418511906 0.0194789325980 258.893000000 0.00469489263463 -0.485957918848 -0.709945373641 -0.218506658008 1.25755586026 0.336251815261 -1.79145888008 0.323340783027 -0.427361730019 0.0654903557669 -1.74418511906 0.559693433615 -1.43188043056 0.182737938385 -3.30926409587 -0.639250279769 -1.49794333143 -2.02920675999 -1.10931758721 -0.152147045261 0.0857490147627 -0.330247425293 1.03129647121 12.2295096400 0.00155726358031 0.0835141761351 -0.492254420002 0.0158735321553 239.515000000 3.89448722000 0.138255916411 0.0652088757636 0.00921965501724 0.548402422819 -0.952604700979 187.298000000 0.0598907368742 -0.00156241089400 285.900000000 249.306000000 0.0874058316203 -0.136552379681 0.758833152912 3.09490633225 0.253504512106 2.93284992940 -0.00156479413427 0.502165393317 -0.00154061864312 0.00184896452653 0.00158269519046
decision_type=2 2 2 2 2 2 2 2 2 2 2 2 2 2 2 2 2 2 2 2 2 2 2 2 2 2 2 2 2 2 2 2 2 2 2 2 2 2 2 2 2 2 2 2 2 2 2 2 2 2 2 2 2 2 2 2 2 2 2
left_child=1 2 3 4 5 -1 7 -4 -6 10 11 -8 -10 14 -12 -14 17 18 19 -16 -18 22 -20 -22 25 26 -24 -26 29 -28 -30 32 33 34 35 -32 -34 38 -36 -38 41 42 -40 -42 45 -44 -46 48 49 50 -48 -50 53 -52 -54 56 -56 -58 -59
right_child=31 16 9 6 -3 -2 8 -5 -7 13 12 -9 -11 15 -13 -15 24 21 20 -17 -19 23 -21 -23 28 27 -25 -27 30 -29 -31 47 40 37 36 -33 -35 39 -37 -39 44 43 -41 -43 46 -45 -47 55 52 51 -49 -51 54 -53 -55 57 -57 58 -60
leaf_value=-0.00324331302932 -0.00176912042037 -0.00827402720406 -0.00153344375999 0.00107765593268 0.00421575705218 0.000274037311034 -0.00416938291674 -0.00890223547389 -0.00330144410295 0.000914708994549 -0.00452726770445 -0.00972419744103 0.00966780334552 -0.00470625450581 -0.00743557836012 0.00410442928532 0.00132572314483 0.00672084409111 -0.00369678584115 0.0142949039405 -0.000658336083799 -0.00458361870107 -0.00169695882122 0.000521460032569 -0.0198412394093 -0.00353254009281 0.0161861515176 0.000532486244109 0.000126448918784 -0.00180295216952 0.00160396217077 0.00918738489575 0.00252727434035 -0.00271963620362 -0.00753545283268 -0.0174331263623 0.000194440395550 -0.00750878675766 -0.0175687677595 0.000978139108354 0.00739281407156 -0.00218501700292 0.00864795258942 -0.00423009612999 0.0000467323477267 0.00368469502928 -0.0200661392218 0.0000105046749134 0.00513801047373 0.00189977253640 -0.00580369721841 0.00161254731156 0.000217957647373 0.00129701073611 0.00404117691472 0.0139776230674 -0.0143173467706 -0.00190919197448 0.000767993299488
internal_count=0
leaf_count=0

Tree=50
num_leaves=53
num_cat=0
split_feature=14 1 4 21 21 4 8 23 8 22 26 8 17 1 17 14 5 1 4 9 18 3 17 2 21 20 2 18 8 21 3 4 4 27 25 19 19 5 3 21 2 7 21 0 21 1 27 14 13 16 8 22
threshold=-0.0581100847818 37.6800000000 0.318412943747 -0.0586384021564 -0.204057043221 -0.479567608098 0.627251290229 0.116121435414 0.358914747193 0.00000000000 -0.00277921971992 0.148162087887 0.00605813935177 239.515000000 0.00540256988241 -0.0921936898604 -1.05941677639 192.856000000 -2.76650163521 0.0152998813552 0.00158081797652 -1.48111798235 1.30954229552 -37.0978986900 -0.114930635698 -0.00159337157468 42.0882536800 -0.00157720745908 4.64350586095 -0.140755310962 -1.48111798235 -4.29461982557 4.09441681037 0.951516489255 1.80000000000 0.00154619919535 0.00000000000 -0.867329495381 0.927157033232 9.58343220945 7.03174318000 0.00000000000 0.316817395879 159.143000000 0.883342274276 267.686000000 1.04719817578 0.155811516099 0.143128537702 3.47686201287 3.63244036731 -0.00159134309397
decision_type=2 2 2 2 2 2 2 2 2 2 2 2 2 2 2 2 2 2 2 2 2 2 2 2 2 2 2 2 2 2 2 2 2 2 2 2 2 2 2 2 2 2 2 2 2 2 2 2 2 2 2 2
left_child=1 2 3 4 5 -1 -3 8 -5 -8 -9 12 13 14 -11 -13 17 -15 -17 20 21 -19 -21 24 -23 -25 27 28 29 30 -27 -29 33 -31 35 36 -34 -36 39 -38 -40 42 -42 -43 -44 46 47 -46 -48 50 -50 -52
right_child=26 11 9 7 6 -2 -4 -7 -6 10 -10 19 16 15 -12 -14 18 -16 -18 23 22 -20 -22 25 -24 -26 41 34 32 31 -28 -30 -33 -32 38 37 -35 -37 40 -39 -41 45 43 44 -45 49 48 -47 -49 51 -51 -53
leaf_value=-0.00197360730995 -0.00823284768224 0.0139138379927 0.000204088196564 -0.00681347361930 -0.0176948533230 -0.000733544098926 -0.00213980920967 0.0117494362478 0.00306669755275 -0.0107178367215 -0.00315433471630 0.00787430864860 -0.00303990387767 -0.00618876408137 0.00220453909692 0.00533010045741 0.000787319208347 -0.00133750694984 -0.000183941625220 0.00165617901933 -0.000416987402567 -0.000809058571895 -0.00776531743478 0.00208770887790 0.00000447267416192 0.00422607821936 -0.00566545836347 0.00699019904598 -0.00108823652233 0.00374372653196 0.0114577741049 -0.00673494575222 0.000423832410892 -0.00274804463125 0.00399203409839 0.00105187742186 -0.00631462541885 0.00714679237179 0.0167915856050 -0.000972050781567 0.0135204391065 0.00644051410077 0.00345035251192 0.00208364945547 0.00413882528500 0.00166121860081 -0.0116481014415 0.00110439154876 -0.00688880339725 -0.0166757048378 0.00835167183546 -0.000595856276409
internal_count=0
leaf_count=0

Tree=51
num_leaves=54
num_cat=0
split_feature=14 12 8 1 5 5 17 2 5 16 5 7 5 17 3 4 27 11 17 9 5 14 5 12 27 27 7 20 4 17 8 1 14 17 5 21 19 4 5 6 26 16 26 21 5 21 8 14 5 1 17 16 0
threshold=0.0498673096261 -0.575258646363 1.18391307628 84.5470000000 -0.330871973152 -0.867329495381 0.00921965501724 -7.07819090000 -0.118256393348 0.00540826492897 0.762860084669 0.240654036270 0.336251815261 0.0598907368742 -1.89118171795 -1.18771476102 0.951516489255 -1.02384054815 1.84679532749 0.0208411115299 0.644322682776 -0.0225233385227 0.549836986953 0.137522580044 0.557399618934 0.0387935664429 2.17644917945 0.00156629336612 -0.00155504985333 0.0101257926096 0.217266119482 14.1000000000 0.122383999960 1.50277291956 -2.45930946378 0.0503404796097 -0.00154708187927 0.318412943747 0.699521750108 0.00184896452653 -0.111511164588 0.551955333859 -0.0243592501514 -6.46944371215 -0.867329495381 0.373831299355 0.182737938385 0.708911733144 0.833540815858 183.135000000 0.537121739772 0.00591752612691 12.7700000000
decision_type=2 2 2 2 2 2 2 2 2 2 2 2 2 2 2 2 2 2 2 2 2 2 2 2 2 2 2 2 2 2 2 2 2 2 2 2 2 2 2 2 2 2 2 2 2 2 2 2 2 2 2 2 2
left_child=1 2 3 4 5 -1 -3 8 -5 -7 11 12 -9 -11 15 -13 -15 18 19 20 -17 -19 23 -21 -23 26 27 -25 29 -28 -30 32 33 -32 -34 36 -35 -37 39 40 41 -39 -41 44 -43 -45 47 48 -47 -49 51 -51 -53
right_child=31 17 10 7 6 -2 -4 9 -6 -8 14 13 -10 -12 16 -14 -16 25 22 21 -18 -20 24 -22 -24 28 -27 -26 30 -29 -31 38 34 -33 35 37 -36 -38 46 43 42 -40 -42 45 -44 -46 50 49 -48 -50 52 -52 -54
leaf_value=-0.00217835552042 0.000975397276607 -0.00370332963233 -0.00130223807968 0.000273067836556 -0.00120594464238 0.00451684203140 -0.000151607014226 -0.00264046737169 -0.00917760931560 -0.00697285314914 -0.00146685126426 -0.000151867722760 -0.00586067090141 -0.000488102261186 0.00930615817294 -0.00293969228925 0.000752432729870 0.00393959779785 -0.00612575414462 -0.000257108297019 -0.00592730361771 0.0113069336693 0.00140770926270 -0.000667691868618 -0.00415772027434 0.0115124634923 0.00733091332838 0.000709148344815 -0.00193198676235 0.000200954831003 0.0118598817244 0.00376509847672 -0.00259044223893 0.00255600241382 0.0119102492099 -0.00178829257965 0.00234214994132 -0.0203178926724 -0.00705102511040 0.00986644818806 -0.00168040920268 0.00481708164993 0.0171646193772 0.00000424769641515 0.000907948339913 0.0172341646737 0.00740179823356 0.00462094992102 -0.00591304967095 0.00245293298920 -0.00369583419466 -0.00394009010604 0.00183236188345
internal_count=0
leaf_count=0

Tree=52
num_leaves=54
num_cat=0
split_feature=14 1 4 21 21 4 19 11 22 27 7 5 17 2 0 5 13 14 3 13 14 5 0 8 10 4 17 17 14 21 2 4 7 27 18 1 18 8 20 1 1 5 14 17 4 27 27 16 8 17 27 15 21
threshold=-0.0804062324948 37.6800000000 0.318412943747 -0.0586384021564 -0.114930635698 -0.479567608098 0.00156246215743 0.0142728452968 0.00477729025412 1.12749571311 0.121043722436 -1.74418511906 1.50277291956 -19.8935943900 83.5350000000 -0.393961159858 -0.709945373641 -5.75143146140 -0.607663825342 -0.709945373641 -0.104885737466 2.26239178944 107.144000000 0.217266119482 0.182982772634 2.50530408888 0.00921965501724 0.00661237557012 2.55309681460 9.58343220945 3.89448722000 -0.00155504985333 0.664657344473 0.750666235579 0.00159667916222 23.5850000000 -0.639512528784 5.78091457570 -4.17603236786 47.1440000000 249.306000000 0.833540815858 0.410415384778 0.00824569850771 2.79745262504 0.0947845931359 0.0157155114473 0.304743954612 0.559693433615 2.15030088400 2.08135419425 1.06841039274 0.127738923683
decision_type=2 2 2 2 2 2 2 2 2 2 2 2 2 2 2 2 2 2 2 2 2 2 2 2 2 2 2 2 2 2 2 2 2 2 2 2 2 2 2 2 2 2 2 2 2 2 2 2 2 2 2 2 2
left_child=1 2 3 4 5 -1 7 -4 9 -7 11 12 13 -10 -12 16 -14 -16 19 20 -18 -20 23 -22 -24 26 27 28 29 -26 -28 32 -30 -32 35 36 -34 -36 -38 -39 41 42 43 -41 -43 46 -45 -47 49 -49 51 -51 -53
right_child=25 10 8 6 -3 -2 -6 -5 -9 -8 18 15 14 -11 -13 17 -15 -17 22 21 -19 -21 24 -23 -25 40 34 31 30 -27 -29 33 -31 -33 38 37 -35 -37 39 -40 48 45 44 -42 -44 47 -46 -48 50 -50 52 -52 -54
leaf_value=-0.00174577717629 -0.00711795362617 0.00630538967203 -0.00776120465774 -0.0189223304619 -0.000881139467608 -0.00504672780331 0.00434041284556 0.00890515505082 -0.00262719109743 -0.0136265208156 0.0115599185423 -0.00415721470484 0.00199357583877 0.00990357005157 0.00260708628740 -0.000681867629940 -0.00120883889965 -0.00891665447348 -0.000457431053863 0.00410917309795 0.00521915888854 -0.00468119569526 -0.00773246552996 0.00478048104276 -0.0000713266408838 -0.00434987044160 -0.00186762858388 0.0100807828060 0.00703089602942 -0.00937599936740 0.00179008109395 -0.00587856551242 -0.0103102857186 0.00270418160967 -0.000474872652965 0.00489723298008 0.0121937464016 0.00509819405867 0.00105696791776 0.00965418948744 0.000406374751447 0.00421511637872 0.00119354063740 0.00406707372029 -0.00370691762857 0.00529770339143 0.00179312311067 -0.0125687690457 0.00298797449806 0.000743826784195 -0.00251245417593 0.0102407335915 0.00130325211373
internal_count=0
leaf_count=0

Tree=53
num_leaves=54
num_cat=0
split_feature=21 2 17 4 19 4 8 15 8 14 2 5 7 3 14 18 5 25 15 3 5 8 8 6 8 25 1 7 27 15 4 17 17 3 27 8 14 13 19 7 14 4 3 1 17 14 19 2 8 4 5 8 4
threshold=0.0648473571345 -12.0792482300 0.0101257926096 -1.18771476102 0.00158269519046 -1.58282946595 0.217266119482 0.00221504365870 1.05954387796 -0.434749823136 -16.4956220800 -0.677031752773 0.282952921077 -2.58680694527 -0.195106916204 0.00159667916222 0.549836986953 1.80000000000 0.00381718862248 2.13804739340 0.699521750108 0.253504512106 1.02025477781 0.0145590528017 0.0262629266088 0.400000000000 61.2480000000 1.02957996597 0.0180733568311 0.00155726358031 3.09490633225 1.30954229552 1.12970557049 0.610244943878 0.168199549713 2.03974991587 0.197866529736 0.505841314079 -0.00156573078836 1.27682579606 0.530166380602 0.659270998415 0.927157033232 273.061000000 2.68019417816 0.108432265917 -0.00156282770614 5.92186263000 0.661002923676 1.40635495873 -0.427361730019 0.0549097436261 1.40635495873
decision_type=2 2 2 2 2 2 2 2 2 2 2 2 2 2 2 2 2 2 2 2 2 2 2 2 2 2 2 2 2 2 2 2 2 2 2 2 2 2 2 2 2 2 2 2 2 2 2 2 2 2 2 2 2
left_child=1 2 3 4 5 -1 -3 -5 9 10 -7 -9 13 -11 -13 16 17 18 -15 -17 21 -19 -21 24 -23 -24 27 -26 -28 30 31 32 33 -30 -33 36 -35 -36 39 40 41 -39 -41 44 -43 -45 47 48 -47 -49 51 -51 -53
right_child=29 15 8 7 6 -2 -4 -6 12 11 -8 -10 14 -12 -14 23 20 19 -16 -18 22 -20 -22 26 25 -25 28 -27 -29 38 35 34 -32 -31 -34 -38 37 -37 46 43 42 -40 -42 45 -44 -46 50 49 -48 -50 52 -52 -54
leaf_value=-0.00235191556884 0.00604400963942 -0.00195083343552 0.00718562810436 -0.00917754926315 -0.0144504512888 -0.000876146366408 0.00221298480804 0.00396786313206 0.000632107944181 -0.00217084278894 -0.00973922259301 -0.00128564698490 -0.000227300238491 0.000209775180581 -0.000793788997772 -0.00372478912596 0.00809471361121 0.0144749365003 0.00183383925199 -0.00325111537146 0.00334843598563 0.00408945940105 0.00275464833455 -0.0115424964257 0.00874293286924 0.00163110152935 0.00857465706188 0.00147204782645 -0.00868393088118 -0.00237494174853 -0.0174493914085 0.0101762730484 0.00200981463306 -0.00467986139435 0.00627753387524 0.00187616678047 0.00673840115366 0.00235564797415 -0.00151981892312 -0.00766829908014 0.000773987455826 0.00259620721705 0.000365835821747 -0.00141959917536 -0.0136962823917 0.0117286466333 0.00402557314860 -0.00457150480646 0.00298214787632 -0.00369331178856 0.00211602247177 -0.0000542926031895 0.000958092162036
internal_count=0
leaf_count=0

Tree=54
num_leaves=61
num_cat=0
split_feature=21 12 8 1 3 14 21 2 17 14 4 4 5 8 4 17 5 4 8 17 11 13 1 0 20 1 27 17 0 13 15 1 7 6 26 4 20 1 4 27 17 3 7 1 14 7 7 10 2 25 14 6 4 4 12 5 19 17 18 7
threshold=0.0648473571345 -0.575258646363 0.148162087887 225.407000000 -0.607663825342 -1.34169558889 -2.09007069023 -16.4956220800 2.15030088400 -0.887818084911 -2.01525026774 -2.24318926726 0.168877160827 1.27058355643 -0.479567608098 0.773876487158 0.549836986953 -0.00155504985333 0.182737938385 0.633984141587 -1.02384054815 0.655744945849 23.5850000000 102.779000000 1.08368004138 136.419000000 1.44404843394 0.589172198853 187.298000000 -0.138204252754 1.61921492828 239.515000000 1.39476708896 0.0395259898797 -0.111511164588 5.00117569032 0.00156250024475 42.2580000000 0.318412943747 0.00977812164651 2.43933149181 4.81325607815 2.58777296517 145.887000000 0.0837077082107 4.31389455448 2.17644917945 0.00439618539128 10.8796863600 16.2040000000 0.0257096246605 0.000193551714386 2.50530408888 0.659270998415 0.232886498100 0.336251815261 0.00156246215743 1.08421918821 -0.00156264600926 0.371493143891
decision_type=2 2 2 2 2 2 2 2 2 2 2 2 2 2 2 2 2 2 2 2 2 2 2 2 2 2 2 2 2 2 2 2 2 2 2 2 2 2 2 2 2 2 2 2 2 2 2 2 2 2 2 2 2 2 2 2 2 2 2 2
left_child=1 2 3 4 5 -1 -3 -5 -6 10 11 -8 -10 14 -12 -14 17 18 19 -16 -18 22 -20 -22 25 26 -24 -26 29 -28 -30 32 33 34 35 -32 -34 38 -36 -38 41 42 -40 -42 45 -44 -46 48 49 50 -48 -51 -52 54 55 -54 -56 58 -58 -60
right_child=31 16 9 7 6 -2 -4 8 -7 13 12 -9 -11 15 -13 -15 24 21 20 -17 -19 23 -21 -23 28 27 -25 -27 30 -29 -31 47 40 37 36 -33 -35 39 -37 -39 44 43 -41 -43 46 -45 -47 53 51 -50 -49 52 -53 57 56 -55 -57 59 -59 -61
leaf_value=-0.000811325667354 0.00664710312636 -0.00787465427720 -0.000765200838741 -0.0128917201826 0.00502177970982 0.0252505507326 -0.00136359421039 0.00734027441520 -0.00268917955236 -0.00753416320865 -0.000158994960652 -0.00237157342482 -0.00407260547964 -0.00111106947926 0.00511842926226 -0.00357830667307 -0.000940949298455 0.000304106249603 0.0102207274795 -0.000777157308273 0.00136200964834 -0.00932360595845 -0.00197864564697 0.00769026360691 -0.000591225872956 0.00361525003468 0.000968140365776 -0.00233420284835 0.000768207280328 0.0107920565479 -0.0260019269836 0.00661349181848 0.00100366638292 0.00281790761639 -0.00642408672678 0.00152468898381 0.00245097738096 -0.0000396949842537 0.00294189160323 0.0118531552717 0.00100890959498 0.00246944999845 -0.00236036834697 0.00472933267214 0.000134393775421 0.00161376975783 -0.00370347285133 0.000820511372203 0.00900363281959 -0.0202996936122 -0.00644063591251 -0.00122677715324 -0.00754476281201 0.00277628104009 -0.0000307629715004 0.0113088119995 -0.00387848752919 0.00329569681455 -0.00535704007654 0.000261400745691
internal_count=0
leaf_count=0

Tree=55
num_leaves=55
num_cat=0
split_feature=14 1 14 20 4 13 16 27 7 4 8 8 7 2 6 4 4 14 12 25 27 18 11 14 20 0 5 3 17 5 25 23 5 6 0 23 17 5 17 18 3 27 5 27 0 18 7 5 6 26 7 18 3 27
threshold=0.0498673096261 42.2580000000 -0.0225233385227 -0.0480919145085 -0.997527256379 -0.334741266929 0.675195883923 1.90323447151 0.0570090069520 -3.30926409587 0.593789644014 2.87627588438 1.16971800994 -45.4388814100 0.00184896452653 -8.28138784250 -10.9951499617 -0.152147045261 -0.340137853557 0.401000000000 0.0326857447584 -0.00159423499180 0.110282811976 -0.434749823136 -0.305391135149 22.4340000000 -0.393961159858 0.215943446780 0.00781617171032 -0.166548407827 0.800000000000 -0.00375584786904 -0.0952353104031 0.0344196771918 159.143000000 -0.115186765379 0.00921965501724 -0.0729366458646 0.313514400472 -0.00157720745908 3.22935969567 0.648744838787 0.194546386431 0.720608573708 46.3960000000 -0.00159423499180 1.39476708896 0.833540815858 0.00184896452653 -0.111511164588 0.103430781372 -0.00156045190769 7.36840354408 0.0579526845421
decision_type=2 2 2 2 2 2 2 2 2 2 2 2 2 2 2 2 2 2 2 2 2 2 2 2 2 2 2 2 2 2 2 2 2 2 2 2 2 2 2 2 2 2 2 2 2 2 2 2 2 2 2 2 2 2
left_child=1 2 3 4 5 -1 -3 8 -5 -7 -9 12 -10 14 15 16 -13 18 -16 -18 21 22 -20 -22 25 -24 -26 28 29 30 31 -28 33 -31 -33 -35 37 -36 -38 40 41 42 -40 -42 45 -44 -46 48 49 -48 -50 52 -52 -54
right_child=27 13 10 7 6 -2 -4 9 -6 -8 11 -12 -11 20 17 -15 -14 19 -17 -19 24 23 -21 -23 26 -25 -27 39 35 32 -30 -29 34 -32 -34 36 38 -37 -39 47 44 43 -41 -43 46 -45 -47 51 50 -49 -51 53 -53 -55
leaf_value=-0.00180355013579 -0.00510705946630 -0.0116632836734 -0.00403475255979 -0.00444495599730 -0.000968540667196 -0.00189519409253 0.00409908403387 0.0124713958736 0.00268419296961 -0.00553803622148 0.00980225445195 -0.00130969980584 -0.00451882202268 -0.00825512262141 -0.00103561799761 -0.00373913271124 0.00314010679570 -0.00260729539244 0.00173684348278 0.0110726408303 -0.00236381429171 -0.000678765341447 0.000982077950589 -0.000794739265391 0.00116975646964 -0.00000418895443858 -0.00382155117803 0.00526356057526 0.00998770717492 -0.0201648147634 -0.00334011222318 -0.00421431398092 0.00549832363252 -0.00738238103166 0.000625765175768 0.0102721486900 -0.00429553762741 0.00501968116201 0.00436755455654 -0.00252664583477 -0.00981632896841 -0.00227898648266 -0.00157344977079 -0.0111221440520 -0.000146789220344 0.00121825002676 -0.0135399479701 -0.000416981880190 0.00188838566988 0.000581309253904 0.00745567954383 0.00142263844382 -0.000628000843600 0.00164653240681
internal_count=0
leaf_count=0

Tree=56
num_leaves=59
num_cat=0
split_feature=13 18 1 4 27 14 14 26 23 18 26 4 26 18 4 0 3 12 8 0 1 20 5 17 14 6 5 6 21 11 4 27 15 8 17 23 11 21 17 13 9 3 2 16 21 6 3 26 26 4 11 7 21 13 16 0 19 13
threshold=-0.163582134964 0.00158081797652 28.1730000000 -0.479567608098 0.125208703047 -0.387101464888 -0.493080888630 0.0314541676616 0.0591949208924 0.00156309251098 -0.0000814767264767 -0.479567608098 0.00000000000 0.00156589579303 -1.18771476102 55.2350000000 -9.23134234056 -0.674051327494 4.64350586095 149.498000000 126.784000000 -4.17603236786 1.34582779672 3.44440800215 -0.104885737466 0.601232951543 0.0933712367152 1.71519975233 -0.385733940842 -0.0410114934679 3.71511591302 2.08135419425 0.00155726358031 1.05954387796 0.00867734936179 -0.204372040192 -0.0977386241829 -0.000928356377913 2.82853035896 0.391356819454 -0.000415582747104 3.22935969567 60.9298822300 1.21319692289 0.373831299355 0.00184896452653 6.60203487373 -0.136552379681 -0.0243592501514 5.00117569032 0.0652088757636 0.0874058316203 -0.385733940842 0.228679752016 0.00646562319099 248.190000000 -0.00156573078836 0.262546376222
decision_type=2 2 2 2 2 2 2 2 2 2 2 2 2 2 2 2 2 2 2 2 2 2 2 2 2 2 2 2 2 2 2 2 2 2 2 2 2 2 2 2 2 2 2 2 2 2 2 2 2 2 2 2 2 2 2 2 2 2
left_child=1 2 3 4 5 -1 -3 8 -5 10 11 -8 -10 14 -12 -14 17 18 19 -16 -18 -20 -21 24 25 -23 -25 28 -27 30 31 32 33 -30 -32 36 -34 -36 39 40 -38 -40 43 -42 -44 46 47 -46 -47 -49 -50 52 53 -52 -54 56 -56 -58
right_child=29 16 9 7 6 -2 -4 -7 -6 13 12 -9 -11 15 -13 -15 23 21 20 -17 -19 22 -22 27 26 -24 -26 -29 -28 45 38 35 34 -31 -33 37 -35 -37 42 41 -39 -41 44 -43 -45 51 49 48 -48 50 -51 55 54 -53 -55 57 -57 -59
leaf_value=-0.00136492505950 0.00749763659958 -0.00161610990767 -0.00358689942463 -0.0100411071062 0.000534871414120 0.00409517440248 -0.000792887134208 -0.00337942721662 0.00348797439253 -0.000383347963523 -0.00528021722196 0.000342276968651 0.00614561449132 -0.00165658570646 -0.00312026669566 -0.00107176823839 -0.00169812789584 0.00267568912495 -0.00290853879654 0.000545491619153 0.00647052357969 0.00160745754632 -0.00102634319458 -0.00742736623059 0.000679102443247 -0.000261606662220 0.00766198174793 -0.00283567259015 -0.00533364448242 0.000538017906092 0.00101171519141 -0.000556174428909 0.000407433655124 -0.00690167490571 0.00860511108183 0.000830463082539 0.00163876163273 0.00505292777534 -0.00596034726566 0.000652556042181 -0.00618983320848 -0.00123142925653 -0.00112850143232 0.00201470886276 -0.0192110383016 0.0101798106248 -0.00135752835595 0.0151092494719 0.00321796571100 -0.00152747209887 0.0149660057538 0.00422576337679 0.00257332129651 -0.000250335974298 -0.000442758312996 0.000520032728499 0.00309965868742 0.00134667123482
internal_count=0
leaf_count=0

Tree=57
num_leaves=45
num_cat=0
split_feature=12 11 19 23 17 17 0 14 2 13 13 22 8 26 1 4 17 21 26 25 9 4 2 4 5 14 1 20 20 21 17 8 1 4 21 8 4 18 2 17 8 5 5 18
threshold=0.137522580044 -1.16422746747 0.00159446936099 1.70652092615 0.313514400472 0.633984141587 8.29100000000 -0.0467495563097 -58.8245610000 -0.295255528996 -0.379277387038 -0.0268559095758 5.78091457570 -0.421967979028 122.316000000 1.59184062530 0.00661237557012 -0.528285701717 0.00384632091066 0.600000000000 0.222725832235 4.54865548792 0.126675000000 -1.79145888008 -0.0952353104031 -5.75143146140 235.178000000 -0.689343515192 -2.15757466062 -6.46944371215 0.633984141587 0.289965575203 28.1730000000 -1.18771476102 -0.0937182312575 0.764462894137 0.318412943747 -0.00157720745908 60.9298822300 3.44440800215 4.03320086883 0.833540815858 -0.166548407827 -0.00156045190769
decision_type=2 2 2 2 2 2 2 2 2 2 2 2 2 2 2 2 2 2 2 2 2 2 2 2 2 2 2 2 2 2 2 2 2 2 2 2 2 2 2 2 2 2 2 2
left_child=1 2 3 4 -1 -2 -4 -5 9 10 -7 -9 13 -11 15 16 17 -14 -16 20 -18 -20 23 24 -22 -24 27 -26 -28 30 31 -30 33 -33 35 -34 -36 38 39 -38 -40 42 -42 -44
right_child=29 14 8 6 5 -3 7 -6 12 11 -8 -10 -13 -12 22 19 18 -15 -17 21 -19 -21 26 25 -23 -25 28 -27 -29 32 -32 -31 37 34 36 -35 -37 41 40 -39 -41 43 -43 -45
leaf_value=0.00657131833661 -0.00689223024545 -0.00151452010877 0.00790207982485 -0.000734088368326 0.00249273819397 -0.00147678407187 0.00324037274924 -0.00660503110615 -0.00195589857934 -0.00769181590421 0.00134955988502 0.00931465052534 -0.00212949183637 -0.0154052773180 -0.000929987149296 -0.0000205199127954 0.00401696442340 -0.00500455313612 0.0109149523478 0.00282624808123 0.000241000968385 -0.000965040610605 0.00638305362918 0.000527611750587 -0.00322771528258 0.00130030459687 0.00824881401663 -0.00167131332421 0.0141934327688 0.00761076101636 -0.000580337347490 -0.00829247426527 0.00168108706607 0.0123522208101 -0.00208476590298 0.00157059397130 -0.000925608916976 -0.00320705368022 0.000360963068630 0.00270954100255 0.000863803969572 0.0000568495061386 0.00604347319593 0.00109563333965
internal_count=0
leaf_count=0

Tree=58
num_leaves=46
num_cat=0
split_feature=21 1 19 23 2 18 27 14 12 1 5 4 17 0 2 19 5 17 5 8 15 17 8 15 4 17 19 3 15 13 11 18 18 18 2 2 3 25 8 6 24 25 5 14 20
threshold=-0.114930635698 239.515000000 -0.190249554395 0.0940232992863 -4.96239504000 0.00000000000 1.90323447151 -0.104885737466 -0.340137853557 89.4700000000 -0.627935832879 -0.479567608098 0.00605813935177 177.684000000 -2.02920675999 -0.00158519755211 0.142888075738 4.72870082554 0.644322682776 0.253504512106 0.00220776362996 0.378015240471 0.694727712835 0.490887911373 -10.9951499617 5.83445201054 -0.00159721496806 -5.81891398744 2.12897563595 -0.163582134964 -2.00313826039 0.00159667916222 0.00156589579303 0.00156128049378 42.0882536800 -2.02920675999 -0.455624168824 0.399000000000 0.253504512106 0.000193551714386 0.00428925120919 16.2040000000 0.399885807796 -0.0921936898604 -0.946644772790
decision_type=2 2 2 2 2 2 2 2 2 2 2 2 2 2 2 2 2 2 2 2 2 2 2 2 2 2 2 2 2 2 2 2 2 2 2 2 2 2 2 2 2 2 2 2 2
left_child=1 2 3 4 5 -1 -3 8 -5 -7 11 12 -9 -11 15 -13 -15 18 19 20 -17 -19 -21 -22 25 -24 -26 28 29 -28 -30 32 33 34 -32 -34 37 -36 -38 40 -40 -41 43 -43 -45
right_child=27 17 10 7 6 -2 -4 9 -6 -8 14 13 -10 -12 16 -14 -16 24 22 21 -18 -20 23 -23 26 -25 -27 31 30 -29 -31 39 36 35 -33 -35 38 -37 -39 42 41 -42 44 -44 -46
leaf_value=-0.00184989485055 -0.000152517160527 -0.00777187093313 -0.00251044258890 -0.000631650733777 -0.00253316162259 0.00604290115238 0.000890760997160 -0.00618358555571 0.000687839897866 0.00173855175537 0.0116860227689 0.000959300984317 -0.000822413763958 -0.00533312914853 0.0138189090608 -0.00900094478911 0.00661245498404 -0.00363270818096 0.000234962389550 -0.00801971672367 0.00863647306954 0.00230852258644 -0.00556623215620 -0.000244848311079 -0.00594538550503 -0.0129263652034 -0.00550383793149 -0.0104380702875 -0.00496601013601 0.00351752003720 0.000146008701353 0.00110944319487 -0.00169607164493 0.00322633567515 0.00604412667889 -0.000846640671221 0.00238273705183 -0.00200621435928 -0.0120548528619 -0.00694523868674 0.00324781704919 0.00910235279581 0.00170216389936 0.00380468295493 0.000697095838285
internal_count=0
leaf_count=0

Tree=59
num_leaves=56
num_cat=0
split_feature=2 4 4 4 15 19 15 0 27 17 17 14 11 26 8 8 25 8 17 7 16 1 14 0 17 17 2 1 18 2 17 6 13 21 27 10 18 4 13 0 7 26 13 17 4 12 17 5 16 14 17 17 16 21 27
threshold=12.2295096400 -2.24318926726 -2.49781441239 -2.76650163521 0.00313588028446 -0.00158519755211 0.00440617307625 234.090000000 0.00977812164651 0.00867734936179 0.911119161598 -0.195106916204 0.00725084590147 -0.00382958224798 0.942713385047 0.494265821792 0.200000000000 5.78091457570 0.00921965501724 0.548402422819 0.00468618163054 51.8100000000 -0.219412952710 243.620000000 0.0598907368742 3.75413257975 -7.07819090000 249.306000000 -0.00156479413427 60.9298822300 3.44440800215 1.50487906197 0.102253405877 0.373831299355 1.29714961015 -0.648715863343 -0.00154491930138 3.09490633225 0.751433512904 168.209000000 0.0436599896000 -0.0603740752148 0.0851161913645 1.08421918821 1.83224003965 0.502094454189 0.681161488478 0.194546386431 0.846115021644 0.0610565794768 5.83445201054 4.14639264688 4.37162629225 0.103443174594 0.974671384752
decision_type=2 2 2 2 2 2 2 2 2 2 2 2 2 2 2 2 2 2 2 2 2 2 2 2 2 2 2 2 2 2 2 2 2 2 2 2 2 2 2 2 2 2 2 2 2 2 2 2 2 2 2 2 2 2 2
left_child=1 2 3 4 5 -1 -3 8 -5 -7 11 12 -9 -11 15 -13 -15 18 19 20 -17 -19 23 -21 -23 -25 -26 28 29 30 31 -28 -30 34 -32 -34 37 38 -36 -38 41 -40 -42 44 45 -44 47 -46 -48 50 51 -50 53 -53 -55
right_child=27 17 10 7 6 -2 -4 9 -6 -8 14 13 -10 -12 16 -14 -16 25 22 21 -18 -20 24 -22 -24 26 -27 43 36 33 32 -29 -31 35 -33 -35 40 39 -37 -39 42 -41 -43 49 46 -45 48 -47 -49 52 -52 -51 54 -54 -56
leaf_value=0.00326844727212 -0.00142263966806 0.000180864612084 -0.000625861023793 0.0126490862522 0.00192795361493 -0.00755065047071 -0.00249510414644 -0.00482187742286 0.000225876235257 -0.00480872883309 -0.0146043529923 -0.00547629477124 0.00804616636904 -0.00515799250843 -0.000171123822207 -0.000685571788105 0.00116059609742 -0.00590724010640 0.00507543307819 0.00232891615418 -0.00117463474488 -0.00286537870355 -0.000327890560421 0.0175378835693 -0.00565871823860 0.00778982682655 -0.000504402034429 0.00533655242239 0.00171412020807 -0.00515897103782 0.000865971596100 -0.00612559619431 0.00288744171445 0.000795827456787 0.00563183272376 0.00148739966535 0.00259467017322 0.000875455771318 -0.00765006955183 0.00348279826474 0.00374749875850 0.000692505950714 0.00766333714386 0.0144324091481 0.0000825260564194 -0.0134805348421 0.00636741885240 -0.00200898038889 -0.00597249346183 0.00285043207458 -0.0157109409423 0.00139623256982 -0.00198032665182 0.00106106096066 0.00895305459384
internal_count=0
leaf_count=0

Tree=60
num_leaves=63
num_cat=0
split_feature=21 18 19 0 16 8 16 8 4 20 18 18 7 5 2 4 18 5 8 25 17 4 0 25 4 4 0 12 11 6 26 16 13 20 20 14 23 4 4 7 1 14 8 2 16 4 25 4 17 3 0 5 4 20 1 1 4 27 4 4 20 11
threshold=0.0503404796097 0.00159667916222 -0.0475823412405 41.1070000000 0.182253121201 0.324896492211 1.71922194776 0.942713385047 -0.0711180789270 -2.15757466062 -0.00159423499180 -0.160264522147 1.60939088774 -1.05941677639 -10.6800062700 -1.18771476102 -0.00157720745908 -0.627935832879 1.31577432481 0.600000000000 0.681161488478 -2.01525026774 50.6940000000 0.600000000000 -2.76650163521 -8.28138784250 55.2350000000 -0.674051327494 0.911063917435 2.03444843751 -0.0603740752148 0.00468618163054 2.80730608694 -0.00156241089400 -0.00156604562540 0.175391712368 -0.000291545657950 2.50530408888 2.04134410612 0.419266212499 94.1050000000 1.00716802096 0.627251290229 20.6034602200 0.00442993880026 1.22940533169 0.600000000000 0.502165393317 0.866617380745 -0.317532316078 229.547000000 -0.538850043776 0.318412943747 0.00156250024475 140.857000000 103.587000000 0.659270998415 1.18726110774 1.59184062530 0.659270998415 -0.00156241089400 0.0344175056988
decision_type=2 2 2 2 2 2 2 2 2 2 2 2 2 2 2 2 2 2 2 2 2 2 2 2 2 2 2 2 2 2 2 2 2 2 2 2 2 2 2 2 2 2 2 2 2 2 2 2 2 2 2 2 2 2 2 2 2 2 2 2 2 2
left_child=1 2 3 4 5 -1 -3 8 -5 -7 11 12 -9 -11 15 -13 -15 18 19 20 -17 -19 23 -21 -23 26 -25 -26 29 -28 -30 32 33 34 35 -32 -34 38 -36 -38 41 42 -40 -42 45 -44 -46 48 49 50 -48 -50 53 -52 -54 56 57 -56 -58 60 -60 -62
right_child=31 17 10 7 6 -2 -4 9 -6 -8 14 13 -10 -12 16 -14 -16 25 22 21 -18 -20 24 -22 -24 28 27 -27 30 -29 -31 47 40 37 36 -33 -35 39 -37 -39 44 43 -41 -43 46 -45 -47 55 52 51 -49 -51 54 -53 -55 59 58 -57 -59 61 -61 -63
leaf_value=-0.0110928408372 -0.00267016465560 -0.000434562245222 0.00157825052394 -0.00181101866235 -0.00551832012398 -0.00177641289645 -0.000435844450581 -0.00376301072482 0.000939041428507 0.0120290908808 0.00238415969874 -0.000590849000597 -0.00519646988614 -0.00481725690872 0.000132697445277 0.00506142359835 0.0128143848500 0.00109190840409 0.00974582892834 -0.000195360023404 0.0126412500627 -0.00104600854577 0.00343748514608 -0.00549305701691 -0.00116597571981 0.00136210058167 0.00156591515023 -0.00363809898757 -0.00701244027463 -0.000298894720497 -0.00586056725198 0.00557682196246 0.00434232238186 0.0144084770176 -0.00203595357925 -0.00764065816797 -0.00152769615225 0.00318370323869 -0.0130873927896 0.0000619987981335 0.00457794790296 0.000637425128488 -0.000802114693011 0.00642579359706 0.00446086419528 -0.00507048832120 0.0000787237105610 -0.0125428781612 0.00849811962342 0.00286307154741 -0.0129806436825 0.00117534983328 0.00447490363465 -0.00461476104061 0.00820220480140 -0.00766093807576 -0.000948251816342 0.00104684845465 0.00379086149315 -0.00444342998997 -0.000159807951486 0.000583506174283
internal_count=0
leaf_count=0

Tree=61
num_leaves=54
num_cat=0
split_feature=12 0 18 18 6 26 21 18 4 14 7 19 18 4 13 15 4 4 3 14 21 8 8 5 11 26 14 27 21 17 23 5 17 1 8 8 20 20 27 27 17 0 4 1 2 5 16 2 0 5 12 23 12
threshold=-0.575258646363 276.415000000 0.00158081797652 0.00156309251098 0.00184896452653 -0.0192472729221 0.316817395879 0.00156589579303 -1.18771476102 -0.118641935208 0.664657344473 2.04799010035 0.00159015579149 -0.830535944376 -0.0647909991890 0.00994519032201 0.502165393317 -0.00155504985333 -1.48111798235 -0.493080888630 -0.628221089709 0.253504512106 0.461264166988 0.595046607112 -0.902290742361 0.168648020211 0.253056683203 2.08135419425 0.157267426668 1.35576608814 -0.471410754725 0.434265890967 0.00867734936179 287.230000000 0.0549097436261 0.559693433615 0.0312378953149 0.00156250024475 0.0579526845421 0.00977812164651 0.00781617171032 64.8220000000 1.83224003965 65.9100000000 8.24509218000 1.01580292239 0.242769207530 24.9135837700 36.5680000000 0.833540815858 -0.409728050363 -0.170895758391 -0.340137853557
decision_type=2 2 2 2 2 2 2 2 2 2 2 2 2 2 2 2 2 2 2 2 2 2 2 2 2 2 2 2 2 2 2 2 2 2 2 2 2 2 2 2 2 2 2 2 2 2 2 2 2 2 2 2 2
left_child=1 2 3 4 5 -1 -3 8 -5 -7 11 12 -9 -11 15 -13 17 18 19 -16 -18 -20 -22 24 25 26 27 -24 -26 -28 -29 32 33 -31 -33 36 -35 -37 39 40 41 -39 -41 44 -43 -45 47 48 -47 -49 51 -51 -53
right_child=23 16 10 7 6 -2 -4 9 -6 -8 14 13 -10 -12 -15 -14 22 21 20 -17 -19 -21 -23 38 31 29 28 -25 -27 30 -30 35 34 -32 -34 37 -36 -38 46 43 42 -40 -42 45 -44 -46 50 49 -48 -50 52 -52 -54
leaf_value=-0.00513390775691 0.00234657815340 -0.000504451393647 -0.00444965504185 -0.00508866801587 0.000675547656663 -0.000743502709974 -0.00602606882963 0.00461792078065 0.00170338358597 -0.00160780363388 -0.00728786212661 0.00134618017395 -0.000889946874298 0.00774238800690 -0.00106691933589 -0.00402273702322 -0.00441685024703 0.00150864528317 -0.0151175324583 -0.00247060119031 0.00118559681943 0.00907334829794 -0.00112910521268 0.00336772029762 0.00814979658364 0.000523125831657 0.00736271255167 0.00371051694401 -0.000422432044388 0.00167690251019 -0.000630190651769 -0.00247485342344 0.000254413836910 -0.00542603747698 0.00310589180612 0.00145736285784 -0.000538365487845 0.00149663268099 0.00968168377685 -0.00349262773161 0.00236490670021 -0.00344614782853 0.00279716717632 -0.00137361731786 -0.00550058568541 -0.00647226106461 0.00540117000443 -0.00359125645193 0.00175461708524 -0.000876927059499 0.00489625872239 -0.00255871617970 0.000921116663298
internal_count=0
leaf_count=0

Tree=62
num_leaves=50
num_cat=0
split_feature=21 5 18 11 27 23 23 0 13 8 18 1 26 20 14 22 8 14 3 17 5 17 5 17 12 16 0 4 17 12 21 7 14 16 14 2 8 17 5 3 21 15 1 1 27 5 3 6 5
threshold=0.373831299355 0.595046607112 0.00159667916222 -1.02384054815 2.34478566203 0.402002313242 -0.924545894951 130.968000000 -6.90966473035 0.0262629266088 0.00312080641551 216.465000000 0.168648020211 -0.176402812417 0.223438817472 0.0510432118930 1.51195130763 -0.308770995518 -0.778016571477 0.00921965501724 0.762860084669 0.0598907368742 0.699521750108 0.00867734936179 -3.27119278424 0.00442993880026 12.7700000000 -0.830535944376 0.0598907368742 0.0992196284065 1.10068672190 0.576648563682 -0.152147045261 0.00605654303156 -0.887818084911 -4.96239504000 0.182737938385 0.0101257926096 0.306780322033 0.104779155579 5.03001661694 0.00350126659057 131.791000000 244.765000000 0.0579526845421 0.434265890967 0.766299993008 0.00184896452653 0.434265890967
decision_type=2 2 2 2 2 2 2 2 2 2 2 2 2 2 2 2 2 2 2 2 2 2 2 2 2 2 2 2 2 2 2 2 2 2 2 2 2 2 2 2 2 2 2 2 2 2 2 2 2
left_child=1 2 3 4 5 -1 -3 8 -5 -7 11 12 -9 -11 15 -13 -15 18 19 20 -17 -19 -21 24 -23 -24 27 -26 -28 30 31 32 -30 -31 35 -34 37 -36 -38 40 41 -40 -42 44 45 -44 -46 -48 -49
right_child=29 17 10 7 6 -2 -4 9 -6 -8 14 13 -10 -12 16 -14 -16 23 22 21 -18 -20 -22 26 25 -25 28 -27 -29 39 34 -33 33 -32 36 -35 38 -37 -39 43 42 -41 -43 47 46 -45 -47 48 -50
leaf_value=-0.00156507309187 -0.000463602138588 0.0000898009042594 0.00946159133843 0.00321142545186 -0.0000370115015760 -0.00344093867482 -0.000557319336850 0.00150094504386 -0.00318597546631 0.00119672504659 0.00726370735351 -0.00155982007364 0.000561426054892 0.00650851240444 0.000718650462565 0.00166655271960 -0.00764315803487 0.00617006848230 -0.000545390912076 0.0234442634044 0.000253686038705 0.0141243986080 0.00667608416296 0.0000149405897685 0.0107558273575 -0.00302127225053 -0.0104819286633 0.000933631445270 0.0000980756232954 0.00859147329023 0.0196260935962 -0.00292629932822 -0.00366763101117 0.0153436332803 -0.0134454512949 0.00518286372750 -0.00668890000471 -0.000939251094666 0.0113682636478 0.0133777120514 0.00403174127127 -0.00311044339635 0.000783023106076 -0.00153601544399 0.00397675221980 0.000799547307848 -0.0131165502645 0.000560994494956 -0.00346646791159
internal_count=0
leaf_count=0

Tree=63
num_leaves=60
num_cat=0
split_feature=12 23 8 23 11 12 19 1 21 13 16 25 20 20 5 2 5 20 27 27 7 17 5 11 8 16 27 5 17 18 3 27 0 15 13 27 20 13 3 0 12 21 1 21 6 5 5 17 8 1 4 26 27 21 8 10 6 19 7
threshold=0.137522580044 -0.554697351086 0.428171927322 -2.42353202072 0.0229474023627 -0.0602925790624 -0.810785053297 117.695000000 -0.114930635698 -0.163582134964 1.90581103503 1.00100000000 2.11691761492 -0.176402812417 -0.393961159858 -33.7232243500 -1.40563748412 -0.689343515192 0.779453849825 0.0117113691858 0.829885728834 0.00781617171032 0.470126150570 -0.902290742361 0.980781075971 2.29119258579 0.168199549713 1.14971668305 0.0598907368742 -0.00157720745908 3.22935969567 0.648744838787 191.789000000 0.00275813030268 0.197135840844 0.857579980236 0.712678280927 0.168666734258 17.5625993004 93.0430000000 0.182397815849 0.226571153460 197.221000000 0.373831299355 0.00184896452653 0.277780453750 0.142888075738 0.00540256988241 0.116344416679 159.993000000 6.77381832772 -0.0308688987916 2.08135419425 -6.46944371215 0.289965575203 -0.0100412181880 0.0116888600164 -0.0475823412405 0.548402422819
decision_type=2 2 2 2 2 2 2 2 2 2 2 2 2 2 2 2 2 2 2 2 2 2 2 2 2 2 2 2 2 2 2 2 2 2 2 2 2 2 2 2 2 2 2 2 2 2 2 2 2 2 2 2 2 2 2 2 2 2 2
left_child=1 2 3 -1 5 -2 -4 8 9 -6 -8 12 -10 -12 15 16 17 -14 -16 20 -18 -20 23 24 -22 -24 27 -26 -28 30 31 32 33 -30 -32 36 -34 -36 39 40 -38 -40 43 -42 45 46 47 -45 -47 50 -49 -51 53 54 -53 -55 57 -57 -59
right_child=29 14 7 4 6 -3 -5 11 10 -7 -9 13 -11 -13 22 19 18 -15 -17 21 -19 -21 26 25 -23 -25 28 -27 -29 44 38 35 34 -31 -33 37 -35 -37 42 41 -39 -41 -44 -43 52 49 48 -46 -48 51 -50 -52 56 55 -54 -56 58 -58 -60
leaf_value=0.00366675371019 -0.00301601093544 -0.00766321270621 -0.00245819808476 0.00811079991865 -0.00151318132790 -0.00485703437698 -0.00247507398620 0.00303260161880 -0.000348723790924 -0.00210981591486 -0.000938457137226 0.00612377268073 -0.000296281695343 0.00472784775409 -0.00174687389515 -0.000589061100332 -0.00302960501898 0.00300203320943 0.00402609744369 0.000764896947717 -0.00340786139780 -0.000989562066326 -0.000377472890586 0.00266049055018 -0.0000879143869885 -0.00564880823441 0.00534397475768 0.000370310229769 -0.0113052470829 -0.0000227701159008 0.00982749683699 0.00218059564660 -0.00478453510260 -0.0155756322027 0.000350326567882 -0.00292412202867 0.00647599982460 -0.00212186701118 0.00209734108222 -0.000121075876527 -0.00465181457127 0.00175165040361 0.00820323682330 0.00918445197048 -0.00185610729175 -0.0220781096994 -0.00357004983255 0.00563588991568 -0.000428113609772 0.0146068993186 -0.00521572807793 0.0141235555655 0.00338360130245 -0.00000434101022695 0.000721414076458 -0.00294856064610 0.00592395604556 0.00110081949064 0.00335183287306
internal_count=0
leaf_count=0

Tree=64
num_leaves=53
num_cat=0
split_feature=14 3 3 17 8 0 7 0 18 14 8 17 6 5 11 4 16 7 3 16 4 21 5 9 4 17 17 5 20 1 7 6 1 17 13 4 8 16 18 8 15 14 23 2 10 5 14 0 23 2 17 8
threshold=-0.0804062324948 -0.607663825342 -0.938226143578 0.00605813935177 0.289965575203 78.9460000000 0.664657344473 276.415000000 0.00158081797652 -0.493080888630 0.289965575203 0.0101257926096 0.0582155543701 -0.218506658008 0.249254530389 -1.18771476102 0.505501082315 0.00000000000 -0.185421340445 0.465384614261 0.659270998415 9.58343220945 0.277780453750 -0.00794605181431 3.71511591302 3.75413257975 3.20679567615 -1.05941677639 -0.00156604562540 169.032000000 3.34717711917 0.969345065094 253.604000000 3.20679567615 0.121235153979 4.54865548792 1.88187114230 1.56505409519 -0.00157720745908 5.78091457570 0.00318810887026 0.0837077082107 -0.398829414755 27.7015644300 -0.0100412181880 -0.796380558739 -0.0103262390237 102.779000000 -0.242820434975 -21.7307450000 3.00291458727 1.88187114230
decision_type=2 2 2 2 2 2 2 2 2 2 2 2 2 2 2 2 2 2 2 2 2 2 2 2 2 2 2 2 2 2 2 2 2 2 2 2 2 2 2 2 2 2 2 2 2 2 2 2 2 2 2 2
left_child=1 2 3 4 5 -1 -3 8 -5 -7 11 12 -9 -11 15 -13 -15 18 19 -17 21 22 -20 24 25 26 27 -24 -26 30 -28 -30 33 34 -32 -34 -36 -37 39 40 41 -39 -41 -43 -44 46 47 -46 -48 50 -50 -52
right_child=23 17 10 7 6 -2 -4 9 -6 -8 14 13 -10 -12 16 -14 -16 20 -19 -18 -23 -22 -21 38 32 29 28 -25 -27 31 -29 -31 36 35 -33 -35 37 -38 45 43 42 -40 -42 44 -45 49 48 -47 -49 51 -51 -53
leaf_value=0.00385661907228 -0.00694498090482 -0.00113378091106 0.00919545545578 -0.000383810366989 0.000529666582898 -0.00107838977426 -0.00339670608912 0.00678648551780 0.0162912544011 -0.0101228587380 0.00433185289853 -0.00509224952019 -0.0000667397632780 0.00805325239215 0.0000974217500799 0.0174445045918 0.0234617302236 -0.00636389385228 -0.00146850762545 -0.00494241050809 0.0103548715506 -0.0120962511342 0.00154439729171 -0.000818655957348 -0.00686580114090 0.00172417028132 0.00298450415465 -0.00681921961658 0.00661018473816 0.00138407743504 0.00938218370812 0.000707090476332 -0.00748554985881 -0.0000695639847991 -0.0103440458338 0.00625704460257 -0.00320726149660 -0.00725405069754 0.000151794335700 -0.00126826947930 0.000340381677605 0.0104975898600 0.00511155205791 -0.000996512198309 0.00285893232769 0.00774921379974 -0.000725944506826 0.00199970360635 -0.0161312011916 -0.000943402310264 0.000295562213635 0.00108977948252
internal_count=0
leaf_count=0

Tree=65
num_leaves=59
num_cat=0
split_feature=21 3 2 17 4 4 0 8 5 15 5 17 5 0 5 8 14 5 17 14 8 14 17 8 17 14 16 12 23 13 0 8 13 3 23 20 15 15 13 2 5 15 1 17 5 0 8 5 5 2 4 3 8 5 8 8 20 15
threshold=0.0503404796097 0.104779155579 -10.6800062700 0.0101257926096 -1.18771476102 -1.38995274003 243.620000000 1.02025477781 -0.361555380804 0.00313588028446 0.549836986953 0.00921965501724 -0.427361730019 55.2350000000 0.699521750108 0.253504512106 -0.276502308524 -0.166548407827 0.00747273759650 0.0378504243741 0.728812619125 0.611671079234 0.435043482504 0.289965575203 0.633984141587 0.155811516099 0.00540826492897 0.422674352626 -0.000291545657950 0.0201562184070 102.779000000 2.03974991587 -0.0647909991890 -1.10931758721 0.0140243741994 1.83210679619 0.00505867259505 0.00270455431634 -1.08012873043 -5.98818763001 0.762860084669 0.00271080920615 75.3570000000 0.00867734936179 0.142888075738 201.378000000 0.116344416679 0.0691158430716 0.699521750108 7.03174318000 2.79745262504 0.104779155579 0.217266119482 0.194546386431 0.627251290229 0.870300163973 0.00156250024475 0.00440617307625
decision_type=2 2 2 2 2 2 2 2 2 2 2 2 2 2 2 2 2 2 2 2 2 2 2 2 2 2 2 2 2 2 2 2 2 2 2 2 2 2 2 2 2 2 2 2 2 2 2 2 2 2 2 2 2 2 2 2 2 2
left_child=1 2 3 4 5 -1 -3 8 -5 -7 11 12 -9 -11 15 -13 -15 18 19 20 -17 -19 23 -21 -23 26 27 -25 -27 30 31 32 33 -30 -32 36 -34 38 39 -37 -39 -41 -42 44 45 46 -44 -46 49 -48 -50 52 53 -52 -54 56 -56 -58
right_child=29 17 10 7 6 -2 -4 9 -6 -8 14 13 -10 -12 16 -14 -16 25 22 21 -18 -20 24 -22 -24 -29 28 -26 -28 43 37 35 34 -31 -33 -36 -35 41 40 -38 -40 42 -43 51 48 47 -45 -47 50 -49 -51 55 54 -53 -55 57 -57 -59
leaf_value=-0.00157573569433 0.0146493023505 -0.0112301672893 -0.00567393358995 0.00132865157826 -0.000165217689225 -0.00156191077356 -0.000350441391343 0.00558717718929 0.000306408596809 0.000695632865666 -0.000744789439902 0.0158758938903 0.00156279408392 -0.00552520432417 0.00209534470115 -0.00445360069244 0.00583717939372 0.00508275572384 -0.00384882508723 0.000658198514303 -0.00830009863991 0.00780390813858 -0.000551932434819 -0.00449653601476 -0.0203817011249 0.000201229375297 -0.00395467451371 -0.0187834309526 -0.00383887495258 0.00660650456608 0.00167767160248 -0.00346481620737 0.00731630308905 0.0152329649538 0.00180120536246 -0.00705895671184 0.00611670663140 -0.00534110663209 -0.0153821394183 0.0121645329014 0.00134327575121 -0.00394880864376 0.00740083646846 0.00299527638305 -0.000326302978114 0.00785968409064 0.00179194321313 -0.00343413499080 0.00648455092749 0.00119635026329 0.0102230376704 -0.00195667691427 0.0140329575955 0.00465586622823 -0.000815383387372 0.000718584219065 0.00102857673143 0.000249245135972
internal_count=0
leaf_count=0

Tree=66
num_leaves=48
num_cat=0
split_feature=4 3 2 7 2 2 16 4 18 17 14 20 1 7 16 11 25 13 26 18 4 0 11 5 5 21 5 17 19 1 19 7 7 4 23 1 27 27 6 1 7 11 16 6 7 0 3
threshold=-4.68335124869 -3.72897587868 -28.2444090000 0.0315904679249 -33.7232243500 -45.4388814100 0.00540826492897 -5.10031717597 0.00159667916222 0.995182938932 -2.69413778997 -0.00154621640824 273.061000000 0.157868830442 1.80765683408 0.348985388616 0.201000000000 -0.163582134964 -0.00382958224798 -1.11116063455 -5.51901401705 125.862000000 0.0485677767670 0.595046607112 0.168877160827 0.883342274276 0.0933712367152 0.00540256988241 -0.401600114543 287.230000000 0.00155400179613 0.521223548228 0.0570090069520 -3.30926409587 -0.141074934568 174.138000000 2.79237484437 0.686438671632 0.00000000000 164.626000000 0.0874058316203 0.0652088757636 0.00646562319099 0.0116888600164 3.34717711917 248.190000000 -3.40612058658
decision_type=2 2 2 2 2 2 2 2 2 2 2 2 2 2 2 2 2 2 2 2 2 2 2 2 2 2 2 2 2 2 2 2 2 2 2 2 2 2 2 2 2 2 2 2 2 2 2
left_child=1 2 3 4 5 -1 -3 8 -5 -7 -9 12 -10 -12 15 16 -14 -15 19 -18 -19 -21 23 24 25 26 -23 -25 29 -27 -29 32 33 -31 -33 36 -35 -37 39 -39 41 42 -41 -43 45 -45 -47
right_child=22 14 10 7 6 -2 -4 9 -6 -8 11 13 -11 -13 18 -17 17 -16 21 20 -20 -22 38 31 28 27 -24 -26 30 -28 -30 35 34 -32 -34 37 -36 -38 40 -40 44 43 -42 -44 46 -46 -48
leaf_value=-0.00314929669436 0.00159569429062 0.00486521831345 0.0150813452752 -0.000739846093997 0.000348172804096 -0.00447698463124 -0.00113873341486 -0.00768227214442 -0.000953292376326 0.0106919321232 0.00949938872178 0.00332404615582 -0.000500364370453 -0.00835064346977 -0.00278359779692 0.00163749144502 0.00355742237710 -0.00885866802593 0.00103001910400 0.00804451965245 -0.00220547101676 -0.000360206358143 0.00133114631932 0.00880197471896 0.000733410177349 0.000880493909713 0.0101001115529 -0.00146743664758 -0.0000273723704138 0.0205396482204 0.00148769630736 -0.00723955076241 -0.00113632299424 0.000483285993756 0.00855000336695 0.00469563368673 0.00131946416205 -0.00247877247795 -0.00898720410213 0.00183257983234 -0.00246408329318 0.00918111083986 0.00255894284688 0.000268853645612 0.000979990895643 0.00978806715705 0.00154852783950
internal_count=0
leaf_count=0

Tree=67
num_leaves=59
num_cat=0
split_feature=3 15 21 10 0 26 3 17 4 3 1 2 8 0 7 3 23 13 21 25 16 7 26 9 27 0 20 13 5 15 27 14 8 1 8 0 25 4 3 18 17 19 19 2 27 14 5 5 10 27 23 16 0 21 11 1 4 25
threshold=3.22935969567 0.00155726358031 0.103443174594 -0.0617596569208 107.144000000 0.000110707079060 -2.84456943422 0.00605813935177 -1.18771476102 -1.10931758721 154.947000000 1.37948000000 0.980781075971 88.6840000000 0.103430781372 2.37936672109 -0.554697351086 0.343536276002 0.189586937398 0.399000000000 0.505501082315 0.903491724478 -0.0486573481195 -0.00558869786893 2.08135419425 238.752000000 -1.59261003462 -1.82798042114 -1.74418511906 0.00156588242816 0.168199549713 0.410415384778 1.18391307628 225.407000000 1.02025477781 64.8220000000 0.400000000000 3.39433786400 4.34528164187 0.00154664710816 0.821320997749 0.00000000000 0.00156472019119 111.571215000 0.00977812164651 0.0722569742588 0.549836986953 -0.218506658008 -0.469379876046 0.806799974918 0.659768869314 4.37162629225 130.968000000 0.883342274276 -3.96155429592 216.465000000 8.57206908126 0.200000000000
decision_type=2 2 2 2 2 2 2 2 2 2 2 2 2 2 2 2 2 2 2 2 2 2 2 2 2 2 2 2 2 2 2 2 2 2 2 2 2 2 2 2 2 2 2 2 2 2 2 2 2 2 2 2 2 2 2 2 2 2
left_child=1 2 3 4 5 -1 -3 8 -5 -7 11 -9 -10 14 -12 -14 17 18 19 -16 -18 22 -20 24 25 -23 -25 28 -27 -29 31 32 33 34 -31 36 -34 -36 39 40 -38 -40 43 -42 -44 46 47 48 -46 -48 -50 52 53 -52 -54 56 -56 -58
right_child=30 16 10 7 6 -2 -4 9 -6 -8 13 12 -11 15 -13 -15 23 21 20 -17 -19 -22 -21 27 26 -24 -26 29 -28 -30 45 38 35 -33 -32 37 -35 -37 42 41 -39 -41 44 -43 -45 51 50 49 -47 -49 -51 55 54 -53 -55 57 -57 -59
leaf_value=-0.00254538570098 0.00529161582150 -0.00260049777677 -0.00723169425006 -0.00539633167434 -0.00107431874515 -0.000805684306320 0.00305053361252 -0.00816303047251 -0.00154118512395 0.00515366261620 0.00451063883992 -0.00511579001009 -0.0115811955997 -0.00311184741582 -0.00140287313586 -0.000461467917753 -0.00326316974063 0.00428944187131 0.000527260234506 -0.00527475746889 0.00362377590663 -0.000390173572994 -0.00127407995324 0.00545843988293 0.00106867370837 -0.00474984740642 -0.000572953320619 0.00222150882351 0.000246748082002 0.00143710849276 0.00732604766665 0.0106215523881 -0.000677423215236 -0.0102067748765 0.0104329518050 0.00271262185338 -0.00100315124701 -0.00633723143248 -0.000421764743097 0.00554396681062 0.00158114635037 -0.00333819521262 -0.00615535224974 -0.000877547462056 0.00555065509121 -0.00406737835968 -0.0119230024273 -0.00448087070744 0.00793260537489 -0.00387512734661 0.000191567511398 -0.00310756277462 -0.00277888747220 0.000640729968298 0.00660242008070 0.000313372481848 0.00345154269251 0.00910271280314
internal_count=0
leaf_count=0

Tree=68
num_leaves=50
num_cat=0
split_feature=11 3 18 15 15 12 3 9 23 3 9 26 11 15 19 0 14 27 19 19 13 7 8 1 14 2 0 13 0 7 25 8 23 5 19 16 5 2 0 14 0 0 5 8 3 8 20 21 4
threshold=-0.0179063814731 3.53806252659 0.00159667916222 0.00308703356193 0.00271080920615 -0.575258646363 -1.48111798235 0.0152998813552 -0.398829414755 1.09962531636 0.108661792007 -0.0742970589940 -1.16422746747 0.00348222475913 2.81265661117 168.209000000 0.0837077082107 0.503059476706 -1.64571960581 0.00000000000 0.168666734258 4.31389455448 2.87627588438 258.893000000 0.0957098816160 -33.7232243500 36.5680000000 -0.709945373641 140.007000000 0.394934762368 16.2040000000 1.05954387796 -0.0342228526835 2.26239178944 -0.0475823412405 1.71922194776 -1.20383396889 3.89448722000 149.498000000 -0.0103262390237 125.862000000 26.9390000000 -0.393961159858 0.0549097436261 -4.42779173769 0.116344416679 -0.00156241089400 -1.49794333143 1.40635495873
decision_type=2 2 2 2 2 2 2 2 2 2 2 2 2 2 2 2 2 2 2 2 2 2 2 2 2 2 2 2 2 2 2 2 2 2 2 2 2 2 2 2 2 2 2 2 2 2 2 2 2
left_child=1 2 3 4 5 -1 -3 8 -5 -7 11 12 -9 -11 15 -13 17 -16 -17 -18 21 22 -20 24 -23 26 -26 28 29 -27 -29 32 -31 -33 35 36 37 -35 -37 40 -39 -41 43 44 -43 -45 47 -47 -49
right_child=25 16 10 7 6 -2 -4 9 -6 -8 14 13 -10 -12 -15 -14 20 18 19 -19 23 -22 -21 -25 -24 34 27 31 30 -28 -30 33 -32 -34 42 39 38 -36 -38 41 -40 -42 46 45 -44 -46 48 -48 -50
leaf_value=-0.00167830428997 -0.0000580015127527 -0.000448896843812 -0.00541468002658 -0.00134640627170 -0.000347671489713 0.000787333061630 -0.00138255069134 -0.00174661235046 0.00201780545170 0.00573965516327 0.00159432600063 -0.00321572715364 0.000668223734901 0.00378467117350 0.00565964130140 0.00265731775257 -0.0140400908323 -0.00246193170788 0.00927567399872 0.00351375377511 -0.00593919817835 0.00841752641276 0.000569589336718 -0.00819543343464 -0.00633949076623 -0.00373139452340 -0.000516040574541 -0.000787554508756 0.00279412554679 0.00243774504048 0.0126915052451 -0.000297552500859 0.00558290350121 -0.00551107981959 -0.00146778759113 0.000385489002949 -0.00191763006063 0.00530755403295 -0.00112900426835 -0.00298091500655 0.000313539562702 0.0159406792248 -0.00240320287175 0.00580328796077 0.00115024741227 -0.000608811308839 0.00206453198049 -0.0000962109490488 0.000489717765673
internal_count=0
leaf_count=0

Tree=69
num_leaves=57
num_cat=0
split_feature=21 20 3 4 5 14 14 17 0 20 25 23 17 4 16 16 4 4 17 8 5 5 3 0 5 11 16 1 21 5 2 15 17 4 4 6 13 3 8 16 3 25 15 1 11 27 5 5 11 0 17 7 27 21 17 4
threshold=-0.140755310962 -0.305391135149 -1.67473994434 -1.79145888008 0.399885807796 -0.0581100847818 -0.195106916204 0.952986898659 107.144000000 -0.485957918848 1.00100000000 -0.924545894951 1.45094772521 -0.997527256379 0.379917714663 0.323340783027 -0.479567608098 -0.997527256379 0.00661237557012 0.0262629266088 -0.677031752773 0.762860084669 -0.778016571477 252.856000000 -0.627935832879 0.0229474023627 0.00519676014141 117.695000000 -3.34390898630 0.248909684195 0.669401129999 0.00155726358031 1.66291407593 3.09490633225 0.502165393317 0.530557991760 0.864145991727 2.64969061029 0.393657168627 1.31467660906 2.37936672109 0.201000000000 0.00156588242816 80.0090000000 -0.0977386241829 0.0947845931359 0.470126150570 0.0460551844446 -0.0410114934679 271.827000000 0.00867734936179 0.548402422819 2.08135419425 -0.0937182312575 1.66291407593 0.318412943747
decision_type=2 2 2 2 2 2 2 2 2 2 2 2 2 2 2 2 2 2 2 2 2 2 2 2 2 2 2 2 2 2 2 2 2 2 2 2 2 2 2 2 2 2 2 2 2 2 2 2 2 2 2 2 2 2 2 2
left_child=1 2 3 4 5 -1 -3 8 -5 10 11 -8 -10 14 -12 -14 17 18 19 -16 -18 22 -20 -22 25 26 -24 -26 29 -28 -30 32 33 34 35 -32 -34 -36 -37 40 -39 -41 43 44 -43 -44 47 -46 -48 50 51 -50 -52 54 -54 -56
right_child=31 16 9 7 6 -2 -4 -7 -6 13 12 -9 -11 15 -13 -15 24 21 20 -17 -19 23 -21 -23 28 27 -25 -27 30 -29 -31 42 39 37 36 -33 -35 38 -38 41 -40 -42 49 46 45 -45 48 -47 -49 53 52 -51 -53 55 -55 -57
leaf_value=-0.000768506785586 0.00520905277604 -0.000470065943785 0.00361572302375 -0.0137715641115 -0.00403888725504 0.00131096571318 -0.00366203214439 0.000696853981289 -0.00776967329215 -0.00313544597243 -0.0115294024507 -0.00633612627216 0.00489995958532 -0.00673935172862 -0.0117080137286 -0.00182796340200 0.000892694237467 -0.000308559823700 0.00493091620331 0.000397418298265 -0.0107172515142 0.00519634148698 0.00600982544231 0.0163276097395 0.00853729764868 -0.00769573142506 -0.00901890914680 0.00154444783682 0.00114850828031 -0.00697149082724 -0.00111423783224 0.00840552261035 -0.00702352884988 -0.0000573289366981 0.00541981940407 -0.00170374659625 0.00170106960528 -0.00345744743426 0.00605265385516 0.00390024658719 0.0117373981994 0.00365858311485 -0.00602478282472 0.00110290662982 0.00333580552678 0.00840470024184 -0.00434835374087 0.00337762141291 0.000562045950835 0.00511450539037 -0.0000164251961414 0.000959515733498 0.0173664599364 -0.000951732304610 -0.00145109773243 0.00121274375749
internal_count=0
leaf_count=0

Tree=70
num_leaves=47
num_cat=0
split_feature=2 14 8 17 2 5 4 27 12 21 2 15 1 27 5 11 26 3 3 0 2 4 4 15 15 21 14 7 17 17 12 22 26 6 27 14 1 17 4 2 26 17 0 2 19 7
threshold=12.2295096400 5.56117562990 5.78091457570 0.00867734936179 -9.45740646000 -0.118256393348 -1.38995274003 0.0239016559244 -0.0602925790624 0.267802785389 -40.8000080600 0.874554581751 136.419000000 0.806799974918 -0.952604700979 1.31073257239 -0.0308688987916 0.927157033232 0.766299993008 210.530000000 7.03174318000 1.40635495873 1.83224003965 0.00994519032201 0.00220179579618 0.513472264083 0.223438817472 0.829885728834 0.589172198853 1.91389219978 1.28745834457 0.0101162002832 0.00280748524872 0.0178023500990 0.998687389433 0.0722569742588 117.695000000 5.83445201054 2.25209925072 22.5750884000 -0.000225052876335 4.72870082554 88.6840000000 46.8465010500 -2.84199450681 0.0200690351546
decision_type=2 2 2 2 2 2 2 2 2 2 2 2 2 2 2 2 2 2 2 2 2 2 2 2 2 2 2 2 2 2 2 2 2 2 2 2 2 2 2 2 2 2 2 2 2 2
left_child=1 2 3 4 5 -1 -3 8 -5 -7 11 12 -9 -11 -13 -14 -16 18 19 -17 -20 -21 23 24 25 -23 27 -25 -27 30 31 -29 -31 -33 -34 36 -36 38 -37 -39 41 42 -41 -43 -45 -46
right_child=22 16 10 7 6 -2 -4 9 -6 -8 14 13 -10 -12 15 -15 17 20 -19 -18 21 -22 35 29 26 -24 28 -26 -28 33 32 -30 -32 34 -35 40 37 39 -38 -40 44 43 -42 -44 45 -47
leaf_value=0.000184233215288 -0.00269983539770 0.00739689101461 0.000531135344750 -0.000444682450741 -0.00245966245647 -0.000244957733787 0.000716954881512 -0.00121878038431 -0.00898893356359 -0.00276256062221 0.00304752266491 -0.000709656044991 0.0113962269925 0.00336374733694 0.0109076562630 -0.00811510046658 0.00410392542305 -0.0213041082997 0.0180337818462 -0.0108199822920 0.00294838872453 0.00405194112420 -0.00830557154838 0.0115746555810 0.00337001232358 0.00585803100599 -0.00372971260789 -0.00281332890242 0.00587290608427 -0.00519043286659 -0.0150868315193 0.0143931617717 0.00680922718494 -0.000479954435209 0.00735273923781 -0.00620451467046 -0.000802399019966 -0.0187095006945 -0.00485238479263 -0.00127072843055 0.000160269198974 0.00590694999634 0.00149012588216 -0.00727556003683 0.00311263995247 0.000615712355027
internal_count=0
leaf_count=0

Tree=71
num_leaves=41
num_cat=0
split_feature=4 10 5 5 27 14 21 20 15 14 12 5 8 3 23 14 23 13 14 21 26 21 5 14 4 8 27 2 0 0 21 27 15 21 7 3 8 2 14 13
threshold=2.50530408888 0.00439618539128 0.595046607112 -0.273239054352 0.750666235579 0.0498673096261 0.157267426668 0.948836078829 0.00308703356193 0.0722569742588 -0.575258646363 0.833540815858 0.0262629266088 -4.42779173769 -0.287641944156 2.55309681460 -0.554697351086 0.262546376222 0.197866529736 0.316817395879 -0.00515531585532 0.0835141761351 -1.40563748412 -0.0581100847818 -5.10031717597 0.764462894137 2.34478566203 -19.8935943900 12.7700000000 8.29100000000 0.0835141761351 1.34070540954 0.00382900321764 0.0835141761351 0.0570090069520 3.22935969567 1.88187114230 -10.6800062700 -0.134400627271 0.0851161913645
decision_type=2 2 2 2 2 2 2 2 2 2 2 2 2 2 2 2 2 2 2 2 2 2 2 2 2 2 2 2 2 2 2 2 2 2 2 2 2 2 2 2
left_child=1 2 3 4 5 -1 -3 8 -5 -7 11 12 -9 -11 -13 -14 17 18 19 -16 -19 -20 23 24 -22 -24 27 -26 -28 30 -30 -31 33 -33 35 -34 -36 -38 -39 -40
right_child=29 16 10 7 6 -2 -4 9 -6 -8 14 13 -10 -12 15 -15 22 20 -18 -17 21 -21 26 25 -23 -25 28 -27 -29 32 31 -32 37 34 36 -35 -37 38 39 -41
leaf_value=0.000416025637178 0.00255166774178 -0.000459912210964 -0.00380691232093 -0.00134417711687 -0.000576552493148 0.00178117167827 0.0127727164331 0.0183284205145 0.000729329816746 0.0000242258809473 -0.00321705165119 0.0106916395929 0.00145723784786 -0.00648950877777 -0.000425386776537 -0.00785528934309 0.00712126955491 -0.0105149002083 -0.00700324593934 -0.000573285957082 0.00439470124358 -0.00600121384820 0.00229488657586 0.0110439771597 -0.000401466843187 0.000340064880663 -0.00299087454897 0.00220818533138 -0.000725644384014 -0.00541011181620 -0.0115247396952 0.0112644973851 0.00589725130648 0.000857853087176 0.000393065756253 0.00190103265720 0.00819478801130 -0.0138491951810 0.00211924770615 0.0000941823964164
internal_count=0
leaf_count=0

Tree=72
num_leaves=53
num_cat=0
split_feature=2 15 19 4 8 3 16 1 19 14 19 2 18 11 16 4 8 17 1 27 13 17 0 5 21 21 2 1 11 27 6 2 27 7 13 14 13 23 7 17 9 4 11 8 3 4 24 17 27 0 18 7
threshold=-16.4956220800 0.00312500024077 -0.00158519755211 -3.94564055199 1.22726054095 -6.40390201722 0.846115021644 136.419000000 0.00158269519046 -0.0693489767319 0.00156472019119 -33.7232243500 0.00159015579149 -0.00330641958257 1.16278930089 -2.24318926726 3.07799773041 0.313514400472 230.582000000 0.0387935664429 -0.623862185018 1.55534131899 64.8220000000 0.00457327276872 -0.240284137060 -0.330247425293 -30.9377410800 202.367000000 -0.0179063814731 1.66232943936 0.00184896452653 -3.87635164000 0.0579526845421 0.986160693721 -0.623862185018 -0.308770995518 -0.485176283674 -0.924545894951 0.419266212499 0.995182938932 -0.389234665857 -0.479567608098 -0.0977386241829 2.22025006034 -2.58680694527 -3.30926409587 0.240586097270 0.773876487158 2.34478566203 8.29100000000 -0.00155675120905 0.103430781372
decision_type=2 2 2 2 2 2 2 2 2 2 2 2 2 2 2 2 2 2 2 2 2 2 2 2 2 2 2 2 2 2 2 2 2 2 2 2 2 2 2 2 2 2 2 2 2 2 2 2 2 2 2 2
left_child=1 2 3 4 5 -1 -3 -5 9 10 -7 12 -10 -12 15 16 17 -14 -16 -18 -19 22 23 -21 -23 26 -25 -27 29 30 31 32 -29 -31 35 -33 -35 38 39 -37 -39 42 -41 -43 -45 46 47 -46 -48 50 -50 -52
right_child=28 14 8 7 6 -2 -4 -6 11 -9 -8 13 -11 -13 21 19 18 -15 -17 20 -20 25 24 -22 -24 27 -26 -28 44 37 34 33 -30 -32 36 -34 -36 41 40 -38 -40 43 -42 -44 45 49 48 -47 -49 51 -51 -53
leaf_value=-0.0000673310265731 0.00690408553634 -0.00403156009551 0.00155593671987 0.00716934418510 0.0156870848784 -0.00117739642342 -0.00452847785029 -0.0100396473590 0.000474668366555 -0.00384186212074 0.000320843816783 0.0108502165025 -0.00115281588588 0.000398370616695 -0.00248892590460 -0.00820440989749 0.0233711191122 -0.00323913437880 0.00756611305490 -0.00272087068889 0.00680420785845 -0.00164146632101 -0.00602488126177 -0.000652037594792 -0.00321683303416 0.00101979683419 -0.000936747257087 0.000930325233651 0.0127620011172 0.000408938820150 0.00963682837687 -0.000926535703335 -0.00514952522202 0.00345354701757 -0.000297066423521 -0.00854310810635 -0.00222382414695 0.00449136314203 -0.000361484666157 0.00361650836775 -0.000775498743970 0.000944936167049 -0.00235715318998 0.00970856537900 -0.0103500003127 -0.00398892486296 0.00702778161001 -0.000842502276625 0.00171782259194 -0.00122671604280 0.000969605056799 0.000230577072325
internal_count=0
leaf_count=0

Tree=73
num_leaves=51
num_cat=0
split_feature=21 4 4 17 5 4 4 15 15 23 5 8 3 0 1 4 13 7 2 0 0 4 21 27 17 8 5 12 17 0 1 5 14 8 21 8 1 13 7 1 2 4 5 3 26 3 15 2 16 3
threshold=-0.140755310962 -0.479567608098 -0.997527256379 0.00700539996511 0.699521750108 -1.58282946595 -2.76650163521 0.00505867259505 0.00313588028446 0.204852983895 0.762860084669 0.358914747193 -0.778016571477 55.2350000000 51.8100000000 -0.830535944376 1.69847923460 0.371493143891 -4.96239504000 107.144000000 78.9460000000 -0.0711180789270 -3.34390898630 2.08135419425 0.00867734936179 0.559693433615 -1.05941677639 2.08560144620 0.00700539996511 229.547000000 211.316000000 -0.330871973152 -0.387101464888 0.148162087887 0.0280251752848 0.0549097436261 221.054000000 -0.623862185018 0.521223548228 122.316000000 -5.98818763001 2.79745262504 -0.0952353104031 -0.185421340445 -0.0192472729221 8.36201024528 0.00271080920615 -4.96239504000 1.90581103503 -0.185421340445
decision_type=2 2 2 2 2 2 2 2 2 2 2 2 2 2 2 2 2 2 2 2 2 2 2 2 2 2 2 2 2 2 2 2 2 2 2 2 2 2 2 2 2 2 2 2 2 2 2 2 2 2
left_child=1 2 3 4 5 -1 -3 8 -5 -7 11 12 -9 -11 -13 -14 17 18 19 -16 -18 22 -20 24 25 26 27 -24 -26 30 -28 -30 33 34 -32 36 -35 -37 39 40 41 -39 -41 44 -43 -45 -47 48 -48 -50
right_child=23 16 10 7 6 -2 -4 9 -6 -8 14 13 -10 -12 15 -15 -23 21 20 -17 -19 -22 -21 38 32 29 28 -25 -27 31 -29 -31 35 -34 -33 37 -36 -38 46 43 42 -40 -42 45 -44 -46 47 49 -49 -51
leaf_value=-0.00127192869624 -0.00513522186681 -0.000349119939888 0.0144565676758 -0.000648492362108 0.000617499633492 -0.000969840646403 -0.0000489631653917 0.00945491150411 0.00187097037773 0.00629521469248 -0.00106122794216 0.00361417596826 -0.00462494166336 -0.0139003115298 -0.0182363379944 0.00666402641527 0.000537764839700 -0.00647621546952 -0.0000641138480448 0.00655016186386 -0.00620532173386 0.0143379243427 -0.00733227900677 -0.0194014028652 -0.000464966332307 0.00172550971401 0.00600366549255 0.00291177099172 -0.0109102985612 0.00234516584727 0.00379419080567 0.0247692552222 0.00146336210104 -0.00394687102463 -0.0136622045339 -0.00969494628465 0.0000222893581815 -0.00618442243915 0.00968685411794 0.0000404754727841 0.00314049470316 -0.00127030918784 0.00321835366519 -0.000841380969387 0.00559024887487 0.0113246689701 0.00907399930363 0.00215929578658 -0.00324232981357 0.00216226629557
internal_count=0
leaf_count=0

Tree=74
num_leaves=52
num_cat=0
split_feature=3 15 15 11 5 6 3 14 23 8 13 4 19 19 8 12 15 3 11 0 4 24 15 19 9 19 19 0 5 4 0 7 17 6 22 17 18 17 4 25 1 4 2 11 0 2 8 5 27 14 13
threshold=3.90503470123 0.00155726358031 0.00000000000 -0.0755993423174 -0.462384437352 0.119807697741 -0.0771452764587 -0.493080888630 -0.0450759258082 0.799551943830 0.864145991727 0.158891522888 -0.00154708187927 -0.00154708187927 1.02025477781 0.811713542607 0.00156588242816 -1.48111798235 -1.16422746747 78.9460000000 -1.38995274003 -0.00593766243051 0.00218350643058 -0.00158519755211 0.0208411115299 0.00159446936099 -0.0475823412405 248.190000000 -0.166548407827 3.09490633225 191.789000000 1.53201262460 1.26483982096 0.221267791873 -0.00961701826448 1.45094772521 -0.00159423499180 0.866617380745 8.57206908126 16.2040000000 230.582000000 5.52468036120 53.1863195700 -0.0179063814731 111.743000000 60.9298822300 4.03320086883 0.833540815858 1.44404843394 0.0957098816160 0.197135840844
decision_type=2 2 2 2 2 2 2 2 2 2 2 2 2 2 2 2 2 2 2 2 2 2 2 2 2 2 2 2 2 2 2 2 2 2 2 2 2 2 2 2 2 2 2 2 2 2 2 2 2 2 2
left_child=1 2 3 4 -1 -2 7 -4 -6 10 11 -8 -10 14 -12 -14 17 18 -16 -17 -19 -20 23 24 -22 -24 27 -26 -28 30 31 32 -30 -31 -33 -35 -36 38 39 40 -38 -40 43 -42 -44 46 47 -46 -48 -50 -51
right_child=29 16 9 6 5 -3 8 -5 -7 13 12 -9 -11 15 -13 -15 22 20 19 -18 21 -21 26 25 -23 -25 28 -27 -29 37 35 34 33 -32 -34 36 -37 45 42 41 -39 -41 44 -43 -45 49 48 -47 -49 50 -52
leaf_value=-0.00917139151637 -0.00468316987365 0.000625843571144 -0.00147423107217 0.00278101531369 -0.00610034633850 -0.000258535616111 -0.00344592575123 -0.00987778193585 0.00542527687923 -0.00289984197877 0.0106823953749 0.00253990423749 -0.00230762210443 0.00510761998760 -0.00831486970621 0.00409162767208 -0.00141137491231 0.0140489688386 -0.000566197586571 0.00378241867782 0.00284327703844 0.0114065125434 -0.00351670441230 0.00372452056315 -0.000310260581639 -0.00140747166777 0.000544813079511 -0.000170745016680 -0.000221246351120 0.0174016618304 0.00685825570644 -0.00278328853560 0.00476706433927 0.00679861340081 -0.00116774210660 -0.0104955466579 0.00166886888760 -0.00380571679600 -0.0122274695554 0.00399245712986 -0.00996948188919 0.00108672107334 0.00486668110832 -0.000117012227435 -0.0000517160584060 0.00142808716108 -0.00177741499761 -0.00965703088441 0.00861003001808 0.00385416263384 0.000695959644561
internal_count=0
leaf_count=0

Tree=75
num_leaves=52
num_cat=0
split_feature=12 7 5 17 4 3 0 3 1 4 13 27 8 11 5 13 0 8 7 4 2 6 19 5 1 14 6 10 1 21 5 5 4 26 4 20 18 18 18 8 6 13 16 4 5 5 17 7 17 7 27
threshold=-0.575258646363 0.794920473243 -1.74418511906 1.26483982096 -4.68335124869 -3.12167125971 50.6940000000 -1.29557689674 37.6800000000 -0.639250279769 -0.295255528996 1.15557275844 0.116344416679 0.0652088757636 -0.0729366458646 -0.116271217115 50.6940000000 4.03320086883 0.943444322986 -1.58282946595 -18.1745422800 0.221267791873 0.00778305936144 0.168877160827 154.947000000 -0.0581100847818 0.0514316614976 -0.00309757827166 23.5850000000 -0.628221089709 -0.218506658008 -0.677031752773 -1.38995274003 -0.0486573481195 -0.997527256379 -2.15757466062 -0.00157720745908 -0.00159423499180 -0.00160955250128 1.74197710417 0.00901411292736 1.39286493212 0.00625316516789 3.09490633225 0.833540815858 -0.166548407827 0.00781617171032 0.197982388258 0.00605813935177 0.282952921077 0.0947845931359
decision_type=2 2 2 2 2 2 2 2 2 2 2 2 2 2 2 2 2 2 2 2 2 2 2 2 2 2 2 2 2 2 2 2 2 2 2 2 2 2 2 2 2 2 2 2 2 2 2 2 2 2 2
left_child=1 2 3 4 5 -1 -4 -5 9 10 -7 -9 13 -11 -13 16 17 18 -15 20 -18 -20 23 24 -22 -24 -26 -27 29 30 31 -29 33 -32 -34 -35 37 38 39 -37 -39 42 -41 -43 45 46 -45 -47 49 -49 -51
right_child=28 15 8 6 -3 -2 7 -6 12 11 -8 -10 14 -12 -14 22 19 -17 -16 21 -19 -21 26 25 -23 -25 27 -28 36 32 -31 -30 34 -33 35 -36 44 41 40 -38 -40 43 -42 -44 48 47 -46 -48 50 -50 -52
leaf_value=-0.00215425714982 -0.00775685483865 -0.0148312832782 0.00922086763692 -0.00231107000400 0.00402993413158 -0.000665452479775 0.00840988502134 -0.00639954159295 0.00289039320860 0.00119129403740 0.0118281599765 0.000547695684403 -0.000420789865966 0.00770266176354 0.00160389698804 -0.00680353027072 -0.000593818598255 -0.00278680009735 0.00687064781538 -0.00460806289079 0.00234560158880 -0.00316468328477 -0.00786113545116 -0.00274814521738 0.0121552394307 -0.00493237965279 0.00280764176859 0.00794062888224 -0.00329393234996 0.0158982113489 -0.00149759107002 -0.00851458739448 0.00758710737875 -0.00178840732309 0.00120125490018 -0.00121118501155 0.0000856421900348 -0.0133878506093 0.00222196263225 -0.00593457652293 -0.00172525572633 0.00807576251543 -0.000697370541136 0.00188024773684 0.000305593752568 -0.000754039134573 0.0000993866026612 0.00366762967006 0.0125997567714 -0.00137564427416 0.00101140851727
internal_count=0
leaf_count=0

Tree=76
num_leaves=48
num_cat=0
split_feature=12 4 4 17 27 5 1 7 2 4 5 14 8 26 26 26 2 2 25 17 2 1 1 4 20 0 25 4 7 5 25 7 5 20 17 5 5 14 20 4 5 11 27 1 15 5 25
threshold=-1.95486609087 0.318412943747 0.00156328457290 0.00605813935177 0.0239016559244 -0.627935832879 258.893000000 1.16971800994 -3.87635164000 -5.51901401705 1.14971668305 -0.887818084911 0.289965575203 0.0194789325980 0.000847837113849 -0.0243592501514 -10.6800062700 -7.07819090000 1.00000000000 0.00867734936179 -9.45740646000 103.587000000 84.5470000000 -2.24318926726 -0.00154621640824 107.144000000 0.200000000000 -0.479567608098 0.139276557418 -0.393961159858 0.599000000000 0.304318851811 -1.05941677639 0.00156629336612 0.0598907368742 1.14971668305 -0.867329495381 -0.246854419237 -0.00156241089400 2.25209925072 0.914060499894 -0.902290742361 2.79237484437 23.5850000000 1.34609371769 1.66867573793 1.20100000000
decision_type=2 2 2 2 2 2 2 2 2 2 2 2 2 2 2 2 2 2 2 2 2 2 2 2 2 2 2 2 2 2 2 2 2 2 2 2 2 2 2 2 2 2 2 2 2 2 2
left_child=1 2 3 4 5 -1 -3 8 -5 -7 11 -9 -10 14 15 16 -13 -15 -17 20 21 22 23 -20 25 -23 -25 28 29 -27 -29 32 -31 -33 35 36 37 -35 -37 -39 41 42 -41 -43 45 -45 -47
right_child=19 13 10 7 6 -2 -4 9 -6 -8 -12 12 -11 -19 18 17 -14 -16 -18 34 27 24 -22 -21 26 -24 -26 31 30 -28 -30 33 -32 -34 40 39 38 -36 -38 -40 44 43 -42 -44 46 -46 -48
leaf_value=-0.00445593485984 0.00157415055775 -0.00467547565377 0.00414674445234 -0.0000860548064026 -0.00218427711652 -0.000727780498126 -0.00236179780957 0.00661809130001 -0.0113087849220 -0.00125554929417 -0.0188773829453 0.00783316939664 -0.0146997057335 0.00363124162256 0.0107025948764 0.000248136303970 -0.0275208696265 0.0105476152622 -0.00756172903130 -0.000752099404132 -0.00956938995616 -0.00954401545924 -0.00204533099274 0.00340827226860 -0.00148166701027 0.0142121514824 0.00399362570246 0.00464521025331 -0.00239685460127 -0.00846678871398 0.000296319283182 0.00254908473406 -0.00326720666172 -0.00634970227502 0.00933995747433 0.00330001922870 -0.00161604005496 -0.00512735660092 -0.0214482600740 -0.000385131522163 0.00461415820507 0.00104403865197 0.0000550453707922 0.000722176121819 0.00277243895091 0.0000130629263414 -0.00393475276430
internal_count=0
leaf_count=0

Tree=77
num_leaves=48
num_cat=0
split_feature=2 14 15 4 5 21 3 5 4 17 15 3 7 4 15 2 17 17 22 25 16 4 4 5 3 3 8 26 2 26 17 4 0 8 3 25 1 5 14 4 14 13 17 27 0 4 26
threshold=12.2295096400 2.55309681460 0.00155726358031 0.502165393317 0.595046607112 5.03001661694 -0.938226143578 0.0241368059753 1.02357174745 0.995182938932 0.00156588242816 -1.48111798235 0.866068665581 -0.830535944376 0.00220179579618 -2.91288375000 0.00867734936179 0.00661237557012 0.000107152812217 0.801000000000 0.00763507090722 1.40635495873 1.22940533169 0.644322682776 1.70519618448 0.927157033232 0.116344416679 -0.0603740752148 30.6954064400 -0.0243592501514 0.00867734936179 3.71511591302 252.856000000 0.253504512106 2.13804739340 0.400000000000 117.695000000 -0.273239054352 2.55309681460 3.71511591302 0.0837077082107 0.0851161913645 5.83445201054 0.998687389433 18.2220000000 2.04134410612 -0.000225052876335
decision_type=2 2 2 2 2 2 2 2 2 2 2 2 2 2 2 2 2 2 2 2 2 2 2 2 2 2 2 2 2 2 2 2 2 2 2 2 2 2 2 2 2 2 2 2 2 2 2
left_child=1 2 3 4 5 -1 -3 8 -5 -7 11 12 -9 -11 15 -13 -15 18 19 -17 21 22 -20 -22 25 -24 27 28 -27 -29 31 -30 -32 34 35 -34 -35 38 -37 -39 41 42 -41 -43 45 -45 -47
right_child=26 17 10 7 6 -2 -4 9 -6 -8 14 13 -10 -12 16 -14 -16 20 -19 -18 24 23 -21 -23 -26 -25 33 29 -28 30 32 -31 -33 40 37 36 -36 39 -38 -40 44 43 -42 -44 46 -46 -48
leaf_value=-0.000976815381894 -0.00809296896656 -0.000609232980601 0.00962433816894 0.00695457687671 -0.00184466834998 -0.00842395074477 0.00128062726613 0.000293718421496 -0.00515693722230 0.00805186993852 0.00204863522206 0.0000771052689058 -0.00319012154721 0.000581238254733 -0.000173703613707 0.00443168255560 0.0110301077689 -0.00223100439337 -0.00623399169346 -0.0328754618995 0.00848525220750 -0.000858200217099 -0.00390499653336 0.00702500784510 -0.0132900730701 -0.0152417953301 0.00445816053888 0.0156331328714 0.00653187981359 0.000951840938928 0.00194591761218 -0.00426443819191 -0.000432536359339 -0.00301469851598 -0.0215826214957 0.00654727511056 0.0000230417901066 -0.00452133386697 0.00120204618249 0.00154135458885 -0.00634400841908 -0.000634897895498 -0.00491476287525 0.00399965004705 -0.00511761185826 0.000109909304026 0.000691343811040
internal_count=0
leaf_count=0

Tree=78
num_leaves=59
num_cat=0
split_feature=5 5 15 6 2 2 3 18 7 7 8 20 0 1 8 1 12 15 23 17 13 4 11 15 7 7 14 17 10 7 5 14 21 17 1 13 14 5 8 26 13 8 4 7 27 5 7 1 13 7 4 19 0 20 12 19 4 16
threshold=0.595046607112 -0.166548407827 0.00440617307625 0.00000000000 -23.7926516600 -37.0978986900 0.927157033232 -0.00159423499180 0.371493143891 0.103430781372 1.27058355643 1.24308523786 111.743000000 80.0090000000 1.61990213902 183.135000000 1.28745834457 0.339152032354 -0.000291545657950 4.14639264688 -1.82798042114 -4.29461982557 -0.792527299368 0.00000000000 0.197982388258 0.00000000000 -0.172438734032 0.487455161116 0.559647647307 0.0570090069520 0.833540815858 -5.75143146140 -10.0000000000 0.487455161116 80.0090000000 0.228679752016 -0.0804062324948 1.01580292239 0.116344416679 0.0194789325980 6.47546780377 0.559693433615 1.83224003965 0.521223548228 0.0278189743109 0.914060499894 0.494127148304 244.765000000 -1.82798042114 0.0716370092347 2.04134410612 0.00155400179613 46.3960000000 -1.59261003462 -1.05741328486 0.00155799690038 1.83224003965 0.00646562319099
decision_type=2 2 2 2 2 2 2 2 2 2 2 2 2 2 2 2 2 2 2 2 2 2 2 2 2 2 2 2 2 2 2 2 2 2 2 2 2 2 2 2 2 2 2 2 2 2 2 2 2 2 2 2 2 2 2 2 2 2
left_child=1 2 3 4 5 -1 -3 8 -5 -7 11 12 -9 -11 15 -13 -15 18 19 20 -17 -19 23 -21 -23 -25 27 -26 -28 30 31 32 -30 34 -32 -34 37 38 -36 -38 41 -40 -42 44 45 46 -44 -46 49 -48 -50 52 53 -52 -54 56 -56 -58
right_child=29 17 10 7 6 -2 -4 9 -6 -8 14 13 -10 -12 16 -14 -16 25 22 21 -18 -20 24 -22 -24 26 28 -27 -29 43 36 33 -31 35 -33 -35 40 39 -37 -39 42 -41 -43 51 48 47 -45 -47 50 -49 -51 55 54 -53 -55 57 -57 -59
leaf_value=-0.00345660474166 0.0170590340104 -0.00818565470821 -0.000157486794729 0.00925387210075 0.00311310095397 0.00202548013892 0.000440744789364 0.000710110935026 -0.000412337094708 -0.000757837029956 0.00496435068442 -0.000806485712144 -0.00383318021092 -0.000445054044415 0.000812298497167 -0.00132132759836 0.0000263551867907 -0.00177233408623 0.00600593692601 0.00518620779658 -0.00183730123582 -0.00106861710857 -0.000318016725508 0.00928609377003 -0.00560455177134 -0.000515080413881 0.000999491640749 0.0000210902134512 0.0238319412057 0.0125135315724 0.000984212718087 0.00780661823739 -0.00747544046086 0.00366184281698 -0.0144987255279 -0.00470656568406 -0.00177340074631 0.00605582034872 0.00475598399640 0.0158318102450 -0.0147913225736 0.00171569070224 -0.000233884632457 -0.00913704429622 -0.00499595317975 0.00593561078364 -0.00829271542621 -0.00151926857565 0.00128493488591 -0.000730233306440 0.0101259968279 0.00325649235397 -0.000770339189294 0.00146752784643 -0.00981703391670 0.000979511821707 0.00519976485946 0.000180820548473
internal_count=0
leaf_count=0

Tree=79
num_leaves=54
num_cat=0
split_feature=9 7 25 18 1 4 25 27 7 10 3 8 17 8 13 0 19 4 7 4 8 5 1 7 0 0 13 1 2 7 26 4 26 0 2 7 25 5 4 6 2 26 27 26 4 26 7 4 17 4 7 17 8
threshold=-0.00558869786893 1.46095694762 0.801000000000 -0.00160955250128 206.957000000 2.04134410612 0.401000000000 2.08135419425 0.0436599896000 -0.203379629570 -1.89118171795 0.593789644014 2.43933149181 2.70883952793 0.0851161913645 18.2220000000 0.00156472019119 -3.04151162357 2.58777296517 5.52468036120 1.95929095360 -1.40563748412 216.465000000 2.17644917945 69.4180000000 64.8220000000 -1.50276927503 235.178000000 -3.87635164000 0.0436599896000 -0.0192472729221 -2.76650163521 0.0247411936027 125.862000000 -18.1745422800 0.0436599896000 16.2040000000 -0.118256393348 0.870996751103 0.000193551714386 42.0882536800 -0.136552379681 3.66124994643 -0.0243592501514 5.00117569032 0.113892321583 0.0874058316203 -0.00155504985333 0.773876487158 1.40635495873 0.177110172640 0.00605813935177 0.358914747193
decision_type=2 2 2 2 2 2 2 2 2 2 2 2 2 2 2 2 2 2 2 2 2 2 2 2 2 2 2 2 2 2 2 2 2 2 2 2 2 2 2 2 2 2 2 2 2 2 2 2 2 2 2 2 2
left_child=1 2 3 4 5 -1 -3 8 -5 -7 -9 -10 13 14 15 -12 -14 18 -16 -18 21 -20 -21 24 -23 -25 27 28 29 30 -27 -29 33 -31 35 -34 37 -36 -38 40 41 42 -40 -42 -44 -45 47 48 -47 -49 51 -51 -53
right_child=26 12 10 7 6 -2 -4 9 -6 -8 11 -11 20 17 16 -13 -15 19 -17 -19 23 22 -22 25 -24 -26 39 34 32 31 -28 -30 -33 -32 36 -35 38 -37 -39 46 44 43 -41 -43 45 -46 50 49 -48 -50 52 -52 -54
leaf_value=-0.00140314201344 0.00101109596932 -0.00160336182842 -0.00554710589558 0.00161569733567 -0.000572366180709 0.00251252077885 0.000183845772450 -0.000791980043616 -0.00000863511745191 0.0112629419616 0.00284102826608 -0.000557501495915 0.00306239380508 -0.00167188128177 0.00356524607237 -0.00276070917717 0.00821733891001 0.000946770674455 -0.00334354582268 0.00237584692323 0.00955012855866 -0.00291100422872 -0.000510881791566 0.00112144320801 -0.000182712342228 -0.00458254258188 0.00106635681716 -0.000482932389085 -0.00234274901558 0.00421062703736 -0.00875608205548 0.0162906852613 -0.0161861611753 0.00144142925749 0.00992437424548 -0.000588921113041 0.0172564707441 0.00236398709754 -0.00406579411328 -0.0195171813180 0.00794842683805 -0.00152622894534 0.0127585080906 0.00240023682927 -0.00235919987702 0.00408210995235 -0.00222630170865 -0.000507506115161 0.00170978750318 -0.00350994524961 -0.000250092156687 0.00120454370208 0.000189070370205
internal_count=0
leaf_count=0

Tree=80
num_leaves=55
num_cat=0
split_feature=18 5 21 5 15 6 0 13 27 5 5 3 17 7 8 14 4 7 5 14 2 17 4 3 21 7 19 17 10 16 5 5 15 17 8 4 10 27 17 17 0 8 5 26 1 22 6 0 17 10 8 21 14 6
threshold=0.00159667916222 0.595046607112 0.316817395879 -0.166548407827 0.00449802926447 0.00000000000 36.5680000000 0.505841314079 2.08135419425 -0.0952353104031 0.434265890967 0.331081633047 0.633984141587 0.00815496668512 0.393657168627 0.708911733144 0.318412943747 0.0570090069520 0.833540815858 -1.78538701797 -13.4987001300 0.487455161116 1.22940533169 -1.48111798235 0.437393903212 0.521223548228 -0.00155511297062 0.00747273759650 -0.000945053069135 0.00352199058645 1.66867573793 -1.05941677639 0.747807325827 0.633984141587 1.40896085350 -9.52034228640 -0.648715863343 1.12749571311 2.33347066804 1.03723965327 97.6330000000 1.02025477781 0.368144408060 0.0247411936027 174.138000000 0.00212538907154 0.109521642891 18.2220000000 1.60679307713 0.300971267391 2.43441964396 -0.528285701717 -0.152147045261 0.000193551714386
decision_type=2 2 2 2 2 2 2 2 2 2 2 2 2 2 2 2 2 2 2 2 2 2 2 2 2 2 2 2 2 2 2 2 2 2 2 2 2 2 2 2 2 2 2 2 2 2 2 2 2 2 2 2 2 2
left_child=1 2 3 4 5 -1 -3 8 -5 -7 11 12 -9 -11 15 -13 -15 18 19 20 -17 -19 23 -21 -23 26 27 -25 -27 -29 -30 32 33 -32 -33 36 -35 -37 -38 40 41 42 -40 -42 45 -44 -46 48 49 -48 -50 52 -52 -54
right_child=31 17 10 7 6 -2 -4 9 -6 -8 14 13 -10 -12 16 -14 -16 25 22 21 -18 -20 24 -22 -24 29 28 -26 -28 30 -31 39 35 34 -34 37 -36 38 -39 47 44 43 -41 -43 46 -45 -47 51 50 -49 -51 53 -53 -55
leaf_value=-0.00305680682922 0.000494396902708 0.000610471019754 -0.000665468472681 -0.000582748729066 0.000793300507251 -0.0132208542647 -0.0000953051935368 0.00434342876015 -0.00578562810322 -0.00309949566097 0.000351782503136 -0.00940546461106 -0.00239157575493 -0.0120958990317 -0.0000543860914278 0.00901509310238 0.0182843880413 0.00558388884391 -0.000848115590521 -0.000351569317930 -0.00633468641559 -0.00243012619130 0.00453607087123 0.00223857877712 -0.00327993303476 -0.00124245141024 0.000353830237456 0.00924982256693 0.000535275171153 0.00224460818662 -0.00292757971864 0.0143145210033 0.00506162604970 0.00104657834483 -0.00447485711605 0.00674364143997 -0.00436686380664 0.00281169992264 0.00409124230796 -0.00107245432447 0.00440308355981 0.0110954867570 -0.000734196759676 0.00186117329334 0.00335532366186 -0.00670052701656 -0.00119311508797 -0.0108202801569 0.00126838071098 -0.00501796103153 -0.000624870375251 -0.00883842608065 -0.00315494038126 0.000805498152776
internal_count=0
leaf_count=0

Tree=81
num_leaves=56
num_cat=0
split_feature=9 5 18 12 18 17 4 5 17 4 23 9 10 17 24 3 23 7 5 12 2 13 4 26 4 27 7 17 11 19 13 14 5 7 4 2 17 16 3 0 23 8 18 0 9 17 0 20 6 6 17 5 27 23 0
threshold=0.000416893253252 0.595046607112 0.00159667916222 4.52885195919 0.00159015579149 0.728003870988 -1.79145888008 0.434265890967 0.00540256988241 1.02357174745 -0.000291545657950 -0.135630335610 -0.203379629570 0.165506712899 -0.0993965517256 -1.89118171795 0.00212240023808 0.0570090069520 0.762860084669 -2.29529682324 -14.9387866800 0.228679752016 1.83224003965 -0.0192472729221 4.54865548792 0.00508245738112 1.16971800994 1.30954229552 -0.0179063814731 0.00155400179613 -1.82798042114 -0.195106916204 -0.142529670803 0.0436599896000 -3.94564055199 -10.6800062700 0.00781617171032 0.00540826492897 -1.89118171795 116.865000000 -0.554697351086 0.980781075971 0.00155754263487 4.10100000000 0.0500144459359 0.911119161598 69.4180000000 0.00000000000 0.0395259898797 0.00422127385723 0.0598907368742 0.168877160827 2.08135419425 -0.00135175253770 12.7700000000
decision_type=2 2 2 2 2 2 2 2 2 2 2 2 2 2 2 2 2 2 2 2 2 2 2 2 2 2 2 2 2 2 2 2 2 2 2 2 2 2 2 2 2 2 2 2 2 2 2 2 2 2 2 2 2 2 2
left_child=1 2 3 4 5 -1 -3 8 -5 -7 11 12 -9 -11 15 -13 -15 18 19 20 -17 -19 23 -21 -23 26 -25 28 -27 -29 31 32 33 34 -31 -33 37 -35 -37 -39 41 42 43 -41 -43 46 -45 -47 49 50 -49 -51 53 -53 -55
right_child=30 17 10 7 6 -2 -4 9 -6 -8 14 13 -10 -12 16 -14 -16 25 22 21 -18 -20 24 -22 -24 27 -26 29 -28 -30 40 39 36 35 -32 -34 38 -36 -38 -40 48 45 44 -42 -44 47 -46 -48 52 51 -50 -52 54 -54 -56
leaf_value=-0.000109711221086 -0.000533258681290 0.000319284018572 -0.00444691336734 0.00532644864709 0.000351248977802 -0.0138706784142 -0.00148226291123 0.00108714111722 -0.00369109952622 -0.00300277802872 0.00340737233899 0.000328131528699 0.00527950868190 -0.00497919975008 0.000257652448482 0.00538758393470 0.0157323964232 -0.00826975041832 0.00654493887244 -0.0119517953642 -0.000410558100323 0.00621860328533 -0.00144456612100 0.0105367264679 0.0000557653480209 -0.00121076244965 0.000455336881599 0.00148212087211 -0.000170978123165 -0.00153298614746 0.00566714739966 -0.000247161635015 -0.00650135846523 -0.00495519706166 0.00112401645457 -0.00118842717124 0.00239871219904 -0.000838508179960 -0.0113058982454 0.00330397597591 -0.00276653166673 -0.00386527215714 0.00391471343203 0.00886318410329 0.000533124825602 0.000741748153267 -0.000554159555581 -0.00316354042131 0.00148488963309 0.00185063386103 0.000347399752538 0.000509283115577 -0.000134220011859 -0.00414085574511 0.00191944592795
internal_count=0
leaf_count=0

Tree=82
num_leaves=53
num_cat=0
split_feature=12 4 3 17 8 0 5 8 5 1 6 21 14 16 13 5 26 26 2 2 4 4 7 7 19 19 15 8 19 5 19 5 3 5 8 25 1 17 17 8 0 17 11 14 7 17 8 8 27 12 6 15
threshold=-1.95486609087 0.318412943747 -0.607663825342 0.00605813935177 0.289965575203 78.9460000000 -0.627935832879 1.18391307628 -1.74418511906 211.316000000 0.000193551714386 -0.114930635698 -0.563821231603 0.00492632181315 -2.27697952119 0.507910221844 0.00896367478020 0.000847837113849 -5.98818763001 -10.6800062700 1.22940533169 2.79745262504 1.46095694762 1.16971800994 0.00154619919535 0.00000000000 0.00350126659057 0.661002923676 0.00155958358006 -0.166548407827 0.00156246215743 0.549836986953 7.36840354408 -1.40563748412 2.43441964396 0.200000000000 267.686000000 1.30954229552 2.43933149181 2.12476563595 93.0430000000 1.78330246989 -1.50474379391 -0.172438734032 2.17644917945 1.03723965327 1.80980033160 1.61990213902 1.38911079043 0.811713542607 1.50487906197 0.00505867259505
decision_type=2 2 2 2 2 2 2 2 2 2 2 2 2 2 2 2 2 2 2 2 2 2 2 2 2 2 2 2 2 2 2 2 2 2 2 2 2 2 2 2 2 2 2 2 2 2 2 2 2 2 2 2
left_child=1 2 3 4 5 -1 -3 8 -5 -7 11 -9 -10 14 -12 -14 17 18 19 -16 -18 -21 23 24 25 26 -23 -25 29 -27 -29 32 33 -31 -33 36 -35 -37 39 40 41 -39 -41 44 -43 -45 47 -47 -48 50 -50 -52
right_child=22 16 10 7 6 -2 -4 9 -6 -8 13 12 -11 15 -13 -15 21 -20 20 -17 -19 -22 38 31 28 27 -24 -26 30 -28 -30 35 34 -32 -34 37 -36 -38 46 43 42 -40 -42 45 -44 -46 49 48 -49 51 -51 -53
leaf_value=0.00658517463934 -0.00535849274869 -0.00699995790881 0.00134306175049 -0.00324953409658 0.000163031192747 -0.000584621074402 -0.00224032623789 -0.00343627073368 0.0151317392172 0.00381304956838 -0.00816176075589 0.00372919402797 -0.00376322729000 -0.0142148652588 0.00679967950755 -0.0116634913433 0.00267396503542 0.0148475764015 -0.0116602695257 0.0124175437534 0.00671251965697 0.000320694651327 -0.000325581613804 -0.00637636407566 -0.000957409158590 0.00300751305495 0.000780385814086 -0.00177049346424 0.000333665196723 0.00135440917464 -0.00179217760814 0.00157470040635 -0.00128800817162 0.00242088364166 0.00748324494490 -0.00235308841807 0.000845334637765 -0.00213436377366 0.000500484044295 -0.000566447915080 0.00183326350722 0.000541913502131 -0.00403480812160 0.00814929543927 0.00235549292947 -0.00258153095756 0.000529516762958 0.00698531782960 -0.000750378505382 0.000285666157120 0.00236511954902 0.000362134535251
internal_count=0
leaf_count=0

Tree=83
num_leaves=52
num_cat=0
split_feature=11 15 7 5 17 3 24 12 25 11 15 15 4 4 2 15 8 16 13 5 25 4 11 17 1 27 1 1 26 27 5 0 26 25 3 0 0 20 7 23 27 22 3 5 20 12 1 16 21 27 23
threshold=-0.0281588425888 0.00308703356193 0.197982388258 -0.361555380804 0.728003870988 -4.07126347879 0.00000000000 5.74652330221 0.399000000000 -0.0410114934679 0.00271080920615 0.00269821893880 2.79745262504 -2.24318926726 -9.45740646000 0.00275813030268 1.05954387796 0.00591752612691 -1.08012873043 0.168877160827 0.401000000000 -3.04151162357 -0.0977386241829 0.995182938932 249.306000000 0.0579526845421 183.135000000 169.032000000 -0.0192472729221 0.606112795198 0.595046607112 22.4340000000 -0.900710667014 1.00100000000 -3.40612058658 107.144000000 32.3140000000 1.40039792141 3.34717711917 -0.554697351086 0.0117113691858 -0.00154061864312 5.91395865396 -0.796380558739 -0.176402812417 -3.27119278424 281.778000000 4.37162629225 -0.114930635698 1.50573808424 -0.653143394673
decision_type=2 2 2 2 2 2 2 2 2 2 2 2 2 2 2 2 2 2 2 2 2 2 2 2 2 2 2 2 2 2 2 2 2 2 2 2 2 2 2 2 2 2 2 2 2 2 2 2 2 2 2
left_child=1 2 3 4 5 -1 -3 8 -5 -7 11 12 -9 -11 15 -13 -15 18 19 20 -17 -19 23 -21 -23 26 27 -25 -27 30 -29 -31 33 34 -33 36 -34 -36 39 40 41 -39 -41 44 -43 -45 47 48 -47 -49 -51
right_child=32 17 10 7 6 -2 -4 9 -6 -8 14 13 -10 -12 16 -14 -16 25 22 21 -18 -20 24 -22 -24 29 28 -26 -28 31 -30 -32 38 -38 35 37 -35 -37 46 43 42 -40 -42 45 -44 -46 50 49 -48 -50 -52
leaf_value=-0.00389056264456 0.00575534520478 -0.00869357328636 -0.000186172464809 -0.00155789691383 -0.00472561306776 -0.00146349212731 0.00596697352993 -0.000701717999573 0.00112501789827 -0.00139745604900 0.00298443440377 -0.00168445142015 0.00142501235368 -0.00551139916054 -0.000783951655543 0.00200975162050 -0.00269392582405 -0.00195225088981 -0.00721837749807 0.00296581079799 -0.000862893129639 0.000888517980023 -0.00366356468891 -0.000879823864120 0.00488920607894 -0.00479740971535 -0.00149567578450 0.000445349926758 0.00272723819756 0.000746007286554 -0.000279843909063 0.00610044619735 -0.000590985028162 0.00621169508017 -0.00248404321922 0.00276233540253 0.00991073042192 -0.00231548539268 -0.00859140176765 -0.000607071105433 0.000330377037895 -0.00165813783321 0.00136004358962 -0.000341243187922 0.000189479825303 -0.00206502030809 0.00157885630533 0.00320167062953 -0.00345487721417 0.000587724502628 -0.00724142452805
internal_count=0
leaf_count=0

Tree=84
num_leaves=62
num_cat=0
split_feature=7 5 27 4 5 8 25 7 5 1 2 2 3 26 21 5 17 4 4 2 5 17 8 26 8 4 13 3 5 4 2 27 7 5 8 5 2 16 13 8 17 23 5 20 11 8 17 3 8 4 14 3 5 20 17 5 1 4 27 14 5
threshold=0.103430781372 -0.166548407827 0.125208703047 -2.24318926726 -0.273239054352 0.0857490147627 0.400000000000 0.0570090069520 -0.361555380804 80.0090000000 -13.4987001300 -16.4956220800 -4.42779173769 0.00519290995316 -10.0000000000 -0.627935832879 0.00540256988241 -1.79145888008 -2.76650163521 -21.7307450000 0.399885807796 0.00867734936179 0.0857490147627 -0.00382958224798 1.09934912520 -0.00155504985333 -0.163582134964 -0.778016571477 -0.0508877817085 1.40635495873 7.03174318000 0.0579526845421 0.177110172640 -0.393961159858 0.182737938385 -0.462384437352 -19.8935943900 0.00435515561586 -1.50276927503 0.661002923676 0.00661237557012 -0.141074934568 0.470126150570 -0.0480919145085 -0.0755993423174 0.148162087887 0.00867734936179 -1.10931758721 0.253504512106 -3.30926409587 -0.104885737466 -0.938226143578 -0.244857038213 0.00156629336612 0.0598907368742 1.01580292239 235.178000000 1.59184062530 2.08135419425 0.410415384778 -1.20383396889
decision_type=2 2 2 2 2 2 2 2 2 2 2 2 2 2 2 2 2 2 2 2 2 2 2 2 2 2 2 2 2 2 2 2 2 2 2 2 2 2 2 2 2 2 2 2 2 2 2 2 2 2 2 2 2 2 2 2 2 2 2 2 2
left_child=1 2 3 4 5 -1 -3 8 -5 -7 11 12 -9 -11 15 -13 -15 18 19 20 -17 -19 23 -21 -23 26 27 -25 -27 30 -29 -31 33 34 35 36 -33 38 -36 -38 41 -40 -41 44 -43 -45 47 48 49 -47 -49 52 -51 -53 55 56 -55 -57 59 -59 -61
right_child=32 17 10 7 6 -2 -4 9 -6 -8 14 13 -10 -12 16 -14 -16 25 22 21 -18 -20 24 -22 -24 29 28 -26 -28 31 -30 -32 46 40 37 -35 -34 39 -37 -39 43 42 -42 45 -44 -46 54 51 50 -48 -50 53 -52 -54 58 57 -56 -58 60 -60 -62
leaf_value=0.00460699264768 -0.00367367985245 0.0103580948269 -0.00155137232404 0.00408655937801 0.0000770609101797 0.00271222546647 0.00876283519627 0.00304643258243 -0.00204744764682 0.0188875262005 -0.000592659520555 0.000441964722582 -0.00836519543160 0.0142929935660 -0.000190907968415 -0.00208687237310 0.00296009237719 0.0172969949410 -0.00210398908879 -0.00413700427849 -0.0112568881061 -0.00197583893798 -0.0129026427135 0.00249205357798 -0.00366692108981 -0.00113613292437 0.00889542428860 -0.000590347966133 -0.00842199052181 -0.00296778047964 0.00126389667986 -0.00665512370560 0.00333643348997 0.0133959940496 -0.000848971503004 0.00874500782491 -0.00218133121049 0.00123447910546 0.00444152077649 -0.00462725239123 0.0000638506722315 -0.00186533153650 -0.00636703541234 0.00200262356443 -0.000861969767240 -0.000744791955555 -0.00975322170615 -0.00126721406063 -0.0102878241142 -0.00265577318968 0.0117221087553 0.00173407237505 -0.00279262447808 -0.000464424503542 -0.00630962804895 -0.00528944494127 -0.0225348753196 -0.000170134811514 0.000376922485290 -0.000894423085632 0.00103398977802
internal_count=0
leaf_count=0

Tree=85
num_leaves=62
num_cat=0
split_feature=12 7 26 26 2 4 15 25 11 17 2 3 4 17 6 26 18 3 4 4 13 5 3 1 7 14 16 4 4 26 5 11 18 18 5 27 4 16 17 8 15 7 4 5 4 0 12 18 8 21 2 17 14 5 5 17 12 7 18 4 18
threshold=-1.95486609087 0.0200690351546 0.00000000000 -0.0192472729221 -12.0792482300 -3.61082322397 0.691781923893 16.2040000000 0.00189715291921 0.952986898659 -28.2444090000 -5.81891398744 -7.39066020556 0.633984141587 0.00000000000 0.0194789325980 -0.00156264600926 -0.607663825342 -0.997527256379 -1.38995274003 -0.192463184959 -0.192068683452 -1.67473994434 202.367000000 0.494127148304 -0.118641935208 0.00492632181315 -0.479567608098 -0.830535944376 -0.00277921971992 -0.0952353104031 0.0485677767670 0.00154664710816 0.00154011680964 0.833540815858 0.686438671632 -2.76650163521 0.323340783027 1.45094772521 2.03974991587 0.311545039914 0.304318851811 4.09441681037 0.0933712367152 1.22940533169 173.216000000 0.422674352626 0.00155306754124 0.494265821792 -0.385733940842 4.89222395000 1.60679307713 0.197866529736 0.0460551844446 -0.166548407827 1.40218316710 -0.0891112970781 4.31389455448 0.00155754263487 2.25209925072 0.00156589579303
decision_type=2 2 2 2 2 2 2 2 2 2 2 2 2 2 2 2 2 2 2 2 2 2 2 2 2 2 2 2 2 2 2 2 2 2 2 2 2 2 2 2 2 2 2 2 2 2 2 2 2 2 2 2 2 2 2 2 2 2 2 2 2
left_child=1 2 3 4 5 -1 -3 8 -5 -7 11 12 -9 -11 15 -13 -15 18 19 20 -17 -19 23 -21 -23 26 27 -25 -27 30 -29 -31 33 34 35 36 -33 -35 39 -37 -39 42 43 -41 45 -44 -46 48 49 -48 -49 52 -51 -53 55 56 -55 -57 59 -59 -61
right_child=32 17 10 7 6 -2 -4 9 -6 -8 14 13 -10 -12 16 -14 -16 25 22 21 -18 -20 24 -22 -24 29 28 -26 -28 31 -30 -32 47 41 38 37 -34 -36 40 -38 -40 44 -43 -42 46 -45 -47 54 51 50 -50 53 -52 -54 58 57 -56 -58 60 -60 -62
leaf_value=-0.00317938452789 0.0152066182242 -0.0213889263034 -0.00483499295795 0.00326530099545 -0.00219958854194 0.0164963961278 0.00479210963189 -0.00210039561511 -0.00929402443792 0.00488382334481 0.0276916006887 -0.0124806572058 -0.000834330719773 0.00766528897341 -0.000442897097284 -0.000261450506263 -0.00234740591722 -0.00834825488377 -0.00125558362893 -0.000874246796355 -0.0130347170060 0.00339151238104 -0.00179298534334 0.00759058060931 -0.00249625087017 -0.0117946159450 -0.00456738939768 0.000764736831977 -0.0126770911916 -0.000633786116438 0.00587079496330 -0.000894303316670 0.000278704130138 -0.00133712618172 -0.000135045328591 -0.000450750168552 0.00966943318373 0.00323872019373 0.000571011805708 -0.0102772953856 -0.00513554921801 0.000395356798692 -0.00375355014122 0.00302640079572 0.00613311032667 0.000222331218096 0.00896541203395 -0.00805149597502 0.00231941713260 0.00807294748736 0.00281752764210 0.00363439470202 -0.00192775112434 0.00293188627629 0.000938049096330 -0.000316995023654 0.00415391227889 -0.00429363565237 0.00133559725278 0.000836088151236 -0.000267897827771
internal_count=0
leaf_count=0

Tree=86
num_leaves=52
num_cat=0
split_feature=14 4 2 0 2 5 2 2 2 14 5 5 0 16 1 2 8 17 17 2 4 25 27 27 5 15 7 23 27 20 15 8 15 0 8 3 7 6 3 26 21 26 21 5 23 22 9 24 20 3 7
threshold=-1.07692945853 -2.49781441239 -16.4956220800 88.6840000000 -25.9692494600 -0.627935832879 -23.7926516600 -21.7307450000 -13.4987001300 -2.69413778997 -0.393961159858 -0.796380558739 111.743000000 0.182253121201 239.515000000 -23.7926516600 0.00000000000 2.82853035896 1.55534131899 -13.4987001300 0.659270998415 16.2040000000 2.08135419425 0.686438671632 -1.20383396889 0.00275813030268 0.0716370092347 -0.0134744490840 0.0579526845421 -0.00154621640824 0.00409508091760 0.0549097436261 0.00270455431634 74.5930000000 0.461264166988 -0.778016571477 0.240654036270 0.00184896452653 6.60203487373 -0.111511164588 0.0835141761351 -0.000458447724228 0.267802785389 0.762860084669 -0.337594804827 0.00159708665848 0.286322117666 0.240586097270 -0.368607296318 -1.67473994434 0.467952931311
decision_type=2 2 2 2 2 2 2 2 2 2 2 2 2 2 2 2 2 2 2 2 2 2 2 2 2 2 2 2 2 2 2 2 2 2 2 2 2 2 2 2 2 2 2 2 2 2 2 2 2 2 2
left_child=1 2 3 4 -1 6 -3 -5 9 10 -7 -9 -11 -12 15 16 -14 18 -16 -19 21 -20 23 24 25 26 -23 -25 29 -27 -29 32 -31 -32 35 -34 -36 38 39 40 -38 -40 -42 -43 45 46 -45 -47 49 -49 -51
right_child=22 14 8 5 -2 7 -4 -6 12 11 -8 -10 13 -13 19 17 -15 -18 -17 20 -22 -21 37 31 28 27 -24 -26 30 -28 -30 34 33 -33 36 -35 -37 44 42 41 -39 -41 43 -44 48 47 -46 -48 50 -50 -52
leaf_value=0.000425720895065 -0.0129156964358 -0.000503871677427 -0.00459819786268 -0.000376355104966 0.00245386968933 0.0211985055413 -0.000617740130181 -0.00760032596026 0.00150831529092 0.00411911909112 -0.00934784964349 -0.00252513327640 0.0171419976796 -0.00251091916679 -0.00246106811853 -0.0132308965794 0.00878713964068 -0.0100360869769 0.00911836212028 0.0176906959763 -0.00342872768881 -0.0113824184070 0.000220707843968 0.00175407612172 0.00729463997465 0.000706202346550 -0.000452372791662 0.000847627649074 -0.000150412387668 0.00376408869697 -0.0140526765057 -0.00234764519877 0.00422760753979 0.000399809321168 -0.00258432065692 -0.000180738630776 -0.00828538017829 -0.0185033078536 0.00500506512151 -0.00240663754659 0.0126092041959 0.00308387788316 -0.000674170717335 -0.00102179251199 0.00352228551456 0.00649427906567 0.000328475816267 0.00142970925493 0.00469573106268 0.000534608578396 0.00207605128015
internal_count=0
leaf_count=0

Tree=87
num_leaves=52
num_cat=0
split_feature=14 17 5 6 4 1 0 3 8 5 3 2 3 4 17 5 5 14 0 5 17 3 17 15 17 2 4 8 2 5 3 8 5 4 8 15 17 5 4 2 2 14 4 4 17 14 21 4 16 21 27
threshold=-1.07692945853 0.00661237557012 -0.192068683452 0.109521642891 -3.04151162357 70.4530000000 83.5350000000 -1.67473994434 0.0857490147627 0.368144408060 -0.938226143578 -8.26659301999 -1.67473994434 -2.76650163521 1.60679307713 0.399885807796 0.0691158430716 -5.75143146140 97.6330000000 0.00457327276872 0.0598907368742 -0.607663825342 0.0101257926096 0.00310916291601 0.00867734936179 -9.45740646000 -0.830535944376 0.253504512106 -12.0792482300 -0.498997987210 -0.778016571477 0.116344416679 0.833540815858 -0.997527256379 1.88187114230 0.00220179579618 0.0598907368742 -0.867329495381 -2.24318926726 -18.1745422800 8.24509218000 -0.387101464888 -2.49781441239 0.318412943747 0.253534039101 0.0378504243741 0.0648473571345 -0.00155504985333 0.00468618163054 9.58343220945 0.648744838787
decision_type=2 2 2 2 2 2 2 2 2 2 2 2 2 2 2 2 2 2 2 2 2 2 2 2 2 2 2 2 2 2 2 2 2 2 2 2 2 2 2 2 2 2 2 2 2 2 2 2 2 2 2
left_child=1 2 3 4 5 -1 -5 8 -6 -8 11 12 13 -10 -12 16 -14 -16 19 -18 -19 22 -21 -23 25 26 27 28 -25 -27 31 32 -30 -32 35 -34 37 38 39 -37 -39 42 -41 -43 45 46 -45 -47 49 -49 -51
right_child=24 10 6 -4 -3 -2 7 9 -7 -9 18 15 14 -11 -13 17 -15 -17 21 20 -20 23 -22 -24 36 30 -29 29 -26 -28 34 33 -31 -33 -36 -35 44 41 40 -38 -40 43 -42 -44 48 47 -46 -48 50 -50 -52
leaf_value=0.000908786375950 -0.00570977081761 0.00395425944093 0.00615038029830 0.00475260236038 -0.00708934334392 -0.00247205181624 -0.0118578884667 -0.00442529999434 -0.0000913069275829 -0.00263393910017 0.00516795698443 -0.0178606034831 -0.00687407607180 0.0137303087530 -0.0281932909727 -0.00832644562277 0.0193165830317 0.000448431628113 0.0150788990469 0.0102961007530 -0.00400124907567 0.00122448174818 -0.0103819715159 -0.00933257943015 -0.000588249759567 -0.00395281448809 -0.000229659489227 -0.0102876826897 0.0173915004421 -0.000341736417939 -0.000906060171075 0.00488949752276 -0.000854107497253 0.000814809427764 0.0135704443563 0.00387304313436 -0.0101842603158 0.0122797457253 0.00358208257511 -0.00280771321394 0.00524523996760 -0.00346644359917 -0.000384500412606 0.00132261016675 0.0113262022526 -0.0135547440781 -0.000110741844030 0.000214581614069 -0.00223361348851 0.000352398681833 -0.0000785881726499
internal_count=0
leaf_count=0

Tree=88
num_leaves=55
num_cat=0
split_feature=23 8 26 26 25 25 8 25 3 16 4 26 25 21 15 8 1 2 1 5 3 11 12 5 8 19 17 1 10 1 5 0 17 17 14 0 8 11 21 27 12 2 2 7 8 16 17 7 0 13 17 8 20 4
threshold=-0.653143394673 0.870300163973 0.168648020211 0.0398848844041 1.00000000000 0.600000000000 0.00000000000 0.600000000000 1.91660164384 1.06409607947 0.870996751103 0.253252651092 0.599000000000 0.513472264083 0.00356333367835 1.40896085350 192.856000000 -13.4987001300 188.257000000 2.26239178944 7.36840354408 2.34534937238 0.182397815849 -0.581208894231 0.694727712835 -0.00154708187927 0.253534039101 197.221000000 -0.241538923754 89.4700000000 -0.733153937861 125.862000000 1.17380627407 0.911119161598 0.0498673096261 154.113000000 1.02025477781 0.00000000000 -0.170981480196 2.08135419425 -2.71989826643 -1.18093918001 -3.87635164000 0.0200690351546 1.88187114230 0.00605654303156 2.43933149181 0.521223548228 97.6330000000 6.47546780377 1.91389219978 2.22025006034 1.08368004138 5.00117569032
decision_type=2 2 2 2 2 2 2 2 2 2 2 2 2 2 2 2 2 2 2 2 2 2 2 2 2 2 2 2 2 2 2 2 2 2 2 2 2 2 2 2 2 2 2 2 2 2 2 2 2 2 2 2 2 2
left_child=1 2 3 4 5 -1 -3 8 -5 -7 11 -9 -10 -12 15 16 -14 -16 -17 20 21 -19 -21 24 25 26 27 -24 -26 30 -28 -30 33 34 -32 -34 37 -36 -38 40 41 42 -40 -42 45 -44 -46 48 49 -48 -50 52 -52 -54
right_child=23 14 10 7 6 -2 -4 9 -6 -8 13 12 -11 -13 19 17 -15 18 -18 -23 22 -20 -22 39 32 29 28 -25 -27 31 -29 -31 36 35 -33 -35 38 -37 -39 47 44 43 -41 -43 46 -45 -47 51 50 -49 -51 53 -53 -55
leaf_value=-0.00185961950041 0.000682682783151 -0.000176439304637 -0.00638184717015 0.00178912552099 -0.00504395430759 0.00131587662505 0.00835791541186 -0.00649284876801 -0.00296901186523 0.00472981253034 -0.0103287161785 -0.00241403282380 0.00274213199560 -0.00696242134488 0.000192344112509 0.00235107195004 0.0110846710455 -0.000273788476657 -0.00168523345021 0.00597182467254 0.000337351090352 0.00565890930233 0.00169089204762 0.00828792367505 0.00339552508858 -0.000909857812042 -0.000572276822023 0.00332020209023 0.0000317577508379 -0.00345038605116 -0.000438644458588 0.00290495440640 0.00747355175088 0.00249963304111 0.000172503958903 0.00723198231691 -0.000499300897770 0.000723498571565 -0.000488636143402 -0.00299414763448 0.0114551039661 0.00211170297983 0.000300066864014 -0.000353587924930 0.00105128490455 -0.000103394740389 -0.000212967200685 -0.00644878941171 0.00132169428908 -0.00155127691607 0.00501440767134 0.00159235999078 -0.00338416449914 0.00153606681964
internal_count=0
leaf_count=0

Tree=89
num_leaves=45
num_cat=0
split_feature=15 4 4 14 10 14 5 13 8 15 11 4 0 2 8 7 14 27 5 0 5 15 3 3 21 0 4 11 5 8 15 19 24 17 5 4 0 11 17 8 17 6 27 7
threshold=0.00155726358031 3.09490633225 0.318412943747 0.175391712368 -0.000945053069135 0.0378504243741 0.336251815261 0.864145991727 0.905362558294 0.00000000000 -0.694273049175 1.59184062530 182.305000000 12.2295096400 2.03974991587 0.548402422819 0.611671079234 0.0730026347026 -0.0508877817085 135.374000000 -0.142529670803 0.00156588242816 -1.48111798235 -1.67473994434 -0.240284137060 116.865000000 -1.38995274003 0.0861774501559 0.470126150570 0.289965575203 0.00218350643058 -0.00158519755211 -0.0188280916673 1.12970557049 0.644322682776 -2.24318926726 121.238000000 0.0485677767670 0.00605813935177 0.728812619125 0.00781617171032 0.00000000000 1.02268729201 4.31389455448
decision_type=2 2 2 2 2 2 2 2 2 2 2 2 2 2 2 2 2 2 2 2 2 2 2 2 2 2 2 2 2 2 2 2 2 2 2 2 2 2 2 2 2 2 2 2
left_child=1 2 3 4 5 -1 -3 8 9 -6 -8 12 -10 -12 15 16 17 -14 -16 -18 -19 22 23 24 25 -22 -26 28 -27 -29 31 32 -31 -32 35 -34 -36 38 39 -38 -40 42 -42 -44
right_child=21 14 7 -5 6 -2 -4 11 10 -7 -9 13 -11 -13 -21 19 18 -15 -17 20 -20 30 26 -25 -24 -23 27 29 -28 -30 37 34 33 -33 36 -35 -37 41 40 -39 -41 43 -43 -45
leaf_value=-0.00233012839395 0.00389530583800 -0.000474082791015 0.00344817732429 0.00790905205322 -0.00563409866213 -0.0115308343186 0.00597260472766 -0.00274363529190 0.00154660906875 0.00847424585449 -0.00871041122341 0.000769850101637 0.00182926965296 0.00612714874899 0.00272206733166 -0.000755899193406 -0.00580333419191 -0.00228921090267 0.00180460924515 0.00588151146438 0.00416956387164 -0.000793131883995 -0.00896088380633 -0.00781550306633 0.0146775767906 0.00338765353856 -0.00148516013914 -0.00713317436220 0.000589347606771 0.00884181973125 0.000102842430595 0.00489298552473 -0.000537655659949 -0.00361609699107 0.00918496267424 0.000762758170139 -0.00141163583522 0.00563438010851 0.000739476036202 -0.000169417718761 -0.000593320255870 -0.00705817166826 0.000151399577016 0.00172089887997
internal_count=0
leaf_count=0

Tree=90
num_leaves=38
num_cat=0
split_feature=2 21 14 21 6 4 8 11 1 1 21 17 17 27 13 20 25 24 9 25 27 7 25 17 12 18 10 3 25 2 21 2 4 4 8 20 17
threshold=-45.4388814100 -0.140755310962 -0.152147045261 -0.204057043221 0.00184896452653 -10.9951499617 1.95929095360 0.0652088757636 225.407000000 197.221000000 -0.385733940842 4.72870082554 3.20679567615 0.881494633487 -0.138204252754 -0.0480919145085 0.600000000000 -0.281095679875 -0.00794605181431 0.802000000000 2.08135419425 1.46095694762 0.801000000000 3.20679567615 1.10265234815 0.635046952093 0.00000000000 -6.40390201722 1.80000000000 -40.8000080600 -0.628221089709 -37.0978986900 -4.68335124869 -7.39066020556 0.661002923676 -0.00156241089400 0.728003870988
decision_type=2 2 2 2 2 2 2 2 2 2 2 2 2 2 2 2 2 2 2 2 2 2 2 2 2 2 2 2 2 2 2 2 2 2 2 2 2
left_child=1 2 3 4 5 -1 -3 8 -5 10 -8 12 -10 -12 15 -14 -15 -17 19 20 21 22 -19 -21 25 -23 -25 28 29 30 -28 32 33 -32 35 -35 -37
right_child=18 14 9 7 6 -2 -4 -7 -6 11 -9 13 -11 -13 17 16 -16 -18 27 -27 24 23 -20 -22 26 -24 -26 31 -31 -30 -29 34 -34 -33 36 -36 -38
leaf_value=-0.000676800513596 -0.00329930599064 -0.0000837389382646 -0.000658620611879 -0.00762469141153 -0.00146832141614 0.00390310924385 0.0000481833663903 0.0131063085710 -0.00174080998840 0.00650494490790 -0.00920931096128 -0.00160966595798 -0.00975939163358 -0.00148849413360 -0.00668822445204 0.00231374864862 -0.00486333536561 -0.000447090861636 0.00607896952058 0.000679394299063 -0.000834637354964 0.00168752550059 -0.00341189425742 -0.00000323835257021 -0.00445914553114 0.00775804745622 -0.000261249141029 0.00262561616839 0.00687267661177 0.0182296988215 0.00434207032298 -0.00171487263720 0.00593468279021 0.000776395990471 -0.000159691854773 0.00101771702180 0.000171838216376
internal_count=0
leaf_count=0

Tree=91
num_leaves=54
num_cat=0
split_feature=18 22 5 5 5 21 7 7 2 16 8 5 2 20 7 11 17 5 7 8 16 1 1 0 17 15 4 2 2 5 24 25 18 8 1 0 16 14 8 5 17 6 0 6 15 24 8 5 20 26 21 4 14
threshold=0.00159667916222 0.000519945694660 0.336251815261 0.168877160827 0.0933712367152 1.10068672190 0.0200690351546 0.0570090069520 10.8796863600 0.00468618163054 0.0549097436261 0.833540815858 -9.45740646000 -0.609623434671 0.304318851811 0.0344175056988 0.00661237557012 -0.166548407827 0.139276557418 0.0549097436261 0.00561250552878 225.407000000 263.432000000 60.4850000000 4.72870082554 0.218472159824 4.09441681037 15.1871396600 18.6897700000 0.194546386431 -0.620171814558 0.601000000000 0.00312080641551 0.253504512106 164.626000000 64.8220000000 1.37179790350 -0.118641935208 1.95929095360 -1.05941677639 1.45094772521 0.0178023500990 12.7700000000 0.0582155543701 0.397518299715 0.500541701696 0.393657168627 1.66867573793 1.40039792141 -0.0000180481529721 -0.204057043221 -1.38995274003 -0.219412952710
decision_type=2 2 2 2 2 2 2 2 2 2 2 2 2 2 2 2 2 2 2 2 2 2 2 2 2 2 2 2 2 2 2 2 2 2 2 2 2 2 2 2 2 2 2 2 2 2 2 2 2 2 2 2 2
left_child=1 2 3 4 5 -1 -3 8 -5 -7 11 12 -9 -11 15 -13 -15 18 19 20 -17 -19 23 -21 -23 26 27 -25 -27 30 -29 -31 33 34 -33 36 37 -35 -37 40 -39 -41 43 -43 -44 -45 47 48 -47 -49 51 -51 -53
right_child=32 17 10 7 6 -2 -4 9 -6 -8 14 13 -10 -12 16 -14 -16 25 22 21 -18 -20 24 -22 -24 29 28 -26 -28 31 -30 -32 42 35 -34 39 38 -36 -38 41 -40 -42 46 44 45 -46 50 49 -48 -50 52 -52 -54
leaf_value=-0.0000901234582491 0.000627670676055 0.00722998053408 0.000951494179328 -0.00508380449331 0.00125745591645 -0.00268011057003 -0.000283445274151 0.0165148266245 0.00541420868383 -0.00727388502305 0.00112132572857 -0.00116899650025 0.000625796034258 0.00442211753199 0.000469172641834 0.00309868917065 -0.00387723747936 0.00146496928796 0.00489732410146 -0.00185767178302 -0.0000722369994851 0.00142510992107 -0.00589033881021 -0.000705933341194 -0.00249297256899 -0.0106260582087 0.000457608931623 0.00748289950068 -0.000599998185067 0.000406840934642 0.00187917072504 -0.0140340622386 -0.00305147083190 0.0178088873398 0.00665511139506 -0.00703791582155 0.00503922516891 0.0142188986398 0.000302597809849 -0.00522786402270 0.00100052821533 -0.00743923395448 0.00531548822822 -0.00441904200646 0.00118043250781 0.00314386116278 0.00948200232362 0.00269607822117 -0.00460407700722 -0.000746967761426 0.00470605287161 0.00431051101291 0.000337765822447
internal_count=0
leaf_count=0

Tree=92
num_leaves=45
num_cat=0
split_feature=23 9 25 12 19 12 24 14 5 26 5 4 8 14 25 1 19 19 8 27 25 23 11 27 12 19 17 27 20 27 5 27 15 14 9 27 11 6 15 26 4 17 24 26
threshold=0.926543682695 -0.000152345229765 0.00000000000 1.28745834457 0.00159446936099 1.10265234815 0.203518575001 0.138255916411 0.336251815261 -0.0000814767264767 -0.462384437352 -3.30926409587 1.27058355643 -1.78538701797 0.199000000000 169.032000000 -0.955483508946 -0.0475823412405 1.74197710417 1.18726110774 1.20000000000 0.0350978789232 2.88769764397 0.298085911317 0.693692245626 -0.00159721496806 0.00921965501724 0.0278189743109 -0.176402812417 0.0387935664429 0.0691158430716 0.648744838787 0.00318810887026 0.0257096246605 -0.0000252426479719 0.372173462898 -1.16422746747 2.66113339578 2.12897563595 0.113892321583 5.52468036120 4.72870082554 0.0478495269439 -0.0603740752148
decision_type=2 2 2 2 2 2 2 2 2 2 2 2 2 2 2 2 2 2 2 2 2 2 2 2 2 2 2 2 2 2 2 2 2 2 2 2 2 2 2 2 2 2 2 2
left_child=1 2 3 4 5 -1 -3 8 -5 -7 11 12 -9 -11 15 -13 -15 18 19 20 -17 -19 23 -21 -23 26 27 -25 -27 30 -29 -31 33 34 -33 36 -36 38 39 -38 -40 42 -42 -44
right_child=32 17 10 7 6 -2 -4 9 -6 -8 14 13 -10 -12 16 -14 -16 25 22 21 -18 -20 24 -22 -24 29 28 -26 -28 31 -30 -32 35 -35 -34 37 -37 41 40 -39 -41 43 -43 -45
leaf_value=-0.00112629767522 -0.00518261743479 0.00210152357886 -0.00125891777677 0.00155412135556 0.00936304871511 0.000315275399831 -0.00332816260082 0.000456573521240 -0.000948205284913 0.0124114493352 0.000741791188566 0.00121105507812 0.0102224024166 0.00144943519545 -0.000421848292870 -0.00247478228713 0.000427843652260 -0.000677063082509 0.00223121625552 0.00524376042491 0.000292623251991 -0.00424610046317 0.00162358674962 0.000179997357440 -0.00968315607140 -0.000294059661923 0.00351320812480 -0.000574710447104 0.000277239000598 0.000532109530404 0.00000217740435795 -0.0100278963310 0.000376843608154 0.00207038554142 0.000419359380662 0.00864568759142 0.000721307296703 -0.000678420075323 0.00278313770250 0.0000861684243145 -0.00135009871496 -0.00653437175620 0.00190937407165 -0.00188351210387
internal_count=0
leaf_count=0

Tree=93
num_leaves=57
num_cat=0
split_feature=15 5 25 27 26 6 0 17 13 19 5 2 26 5 11 6 18 23 16 14 15 7 5 14 21 14 17 2 15 5 8 0 4 17 0 21 8 6 8 20 1 23 25 5 16 7 3 14 3 21 14 3 7 27 12 0
threshold=0.00440617307625 -0.166548407827 16.2040000000 0.0239016559244 0.0761659981419 0.837709173764 55.2350000000 0.00781617171032 0.751433512904 -0.00159721496806 -0.393961159858 -28.2444090000 -0.0603740752148 0.644322682776 -1.16422746747 0.565078433605 0.00155306754124 -0.00204990097158 0.00492632181315 -1.34169558889 0.00389589576629 0.0200690351546 0.762860084669 -1.34169558889 -1.15887829599 -0.493080888630 0.00921965501724 -2.91288375000 0.00994519032201 -1.20383396889 0.627251290229 135.374000000 -4.68335124869 1.35576608814 83.5350000000 -0.000928356377913 0.289965575203 0.0733613127090 1.67990962996 0.407683840413 164.626000000 -0.141074934568 1.00000000000 1.66867573793 0.505501082315 1.60939088774 -1.89118171795 -0.195106916204 8.36201024528 -0.385733940842 -0.195106916204 -2.84456943422 0.348387971097 0.372173462898 0.351341477540 262.320000000
decision_type=2 2 2 2 2 2 2 2 2 2 2 2 2 2 2 2 2 2 2 2 2 2 2 2 2 2 2 2 2 2 2 2 2 2 2 2 2 2 2 2 2 2 2 2 2 2 2 2 2 2 2 2 2 2 2 2
left_child=1 2 3 4 5 -1 -3 8 -5 -7 11 -9 -10 14 15 16 -13 -15 19 -17 -19 22 23 -21 -23 26 -25 -27 29 30 31 -29 -31 -32 35 36 -34 -36 39 -38 -40 42 43 44 -42 -44 47 -46 -48 50 51 -50 -52 54 -54 -56
right_child=28 13 10 7 6 -2 -4 9 -6 -8 -12 12 -11 21 18 17 -14 -16 20 -18 -20 25 24 -22 -24 27 -26 -28 41 34 32 -30 33 -33 38 37 -35 -37 40 -39 -41 49 46 45 -43 -45 48 -47 -49 53 52 -51 -53 55 -55 -57
leaf_value=0.0000766245027047 0.00896480493790 -0.00534998159035 -0.00119002099130 0.00365616370367 -0.000164943947740 0.00471669670157 0.000628069904948 0.00569370361687 -0.0137007031422 -0.00189816778930 -0.0189190838686 -0.00221074853696 -0.00676062509510 0.00298455765623 -0.00110972806867 -0.00366896483131 -0.000537538640808 0.000193552853754 -0.000868079207066 0.0203316631887 0.00706784370613 -0.00820257998554 0.00320888709340 -0.00453064655733 -0.000275156132391 0.00223632716188 0.000295125294550 -0.00766355721116 0.00350669883837 0.0183381841302 0.00902322194577 0.00279785669845 0.00714519886169 -0.00108167956595 -0.00669798573171 -0.00185352833098 -0.000531916073654 -0.00370609769415 0.000400404688946 0.00342687514871 -0.00102993693304 -0.000104278965055 0.00746494430928 0.000639848439242 -0.000867885814955 0.00329901646683 -0.00254837229497 0.000879935552294 -0.000360369821904 0.00199912826495 -0.00756519107010 -0.000581737810860 0.00486259079250 0.000622600785082 0.000119326485502 0.00130444459985
internal_count=0
leaf_count=0

Tree=94
num_leaves=55
num_cat=0
split_feature=15 4 4 5 5 15 2 3 26 8 7 4 8 14 12 7 11 8 2 4 8 26 0 5 15 2 12 17 6 5 5 6 7 4 16 27 4 17 2 15 5 19 6 4 11 1 4 23 8 8 8 5 14 27
threshold=0.00155726358031 3.09490633225 0.502165393317 1.34582779672 0.595046607112 0.00000000000 -10.6800062700 0.610244943878 -0.00131088738753 0.358914747193 0.103430781372 1.40635495873 0.905362558294 0.611671079234 0.945088020023 0.548402422819 0.00000000000 1.51195130763 33.9470030400 4.54865548792 0.324896492211 -0.0000814767264767 238.752000000 0.142888075738 0.00156588242816 -9.45740646000 -2.71989826643 0.00661237557012 0.0251834759676 -0.118256393348 -0.0508877817085 0.236733036829 0.371493143891 -0.830535944376 0.00407527667201 0.125208703047 -0.305730526963 0.00747273759650 -2.91288375000 0.00218350643058 0.399885807796 -0.00156573078836 0.153353891998 -2.24318926726 -0.519045387823 145.887000000 0.659270998415 -0.554697351086 0.526993947639 0.494265821792 0.593789644014 -0.796380558739 -0.118641935208 0.0579526845421
decision_type=2 2 2 2 2 2 2 2 2 2 2 2 2 2 2 2 2 2 2 2 2 2 2 2 2 2 2 2 2 2 2 2 2 2 2 2 2 2 2 2 2 2 2 2 2 2 2 2 2 2 2 2 2 2
left_child=1 2 3 4 5 -1 -3 8 -6 -7 11 -9 -11 14 -13 16 -14 -16 19 20 -18 22 -21 -23 25 26 27 28 -25 -27 31 -29 -31 34 -33 -34 37 -36 -38 40 41 42 -40 -42 45 -44 -46 48 49 -48 -50 52 -52 -54
right_child=24 13 7 -5 6 -2 -4 10 9 -8 12 -10 -12 18 15 17 -15 -17 21 -20 -19 23 -22 -24 39 33 30 29 -26 -28 32 -30 -32 36 35 -35 38 -37 -39 47 44 43 -41 -43 46 -45 -47 51 50 -49 -51 53 -53 -55
leaf_value=-0.000433840799613 -0.00214263491872 -0.00186874095650 0.00723045386660 -0.00951471346838 -0.0159544449533 -0.0117530579620 0.00253853314542 0.00879448438711 -0.000341898928503 -0.00679861809167 0.00141578371049 -0.000967869310771 0.00424045612460 0.00742921974741 -0.000157583599458 0.00460960134302 0.00489445559237 -0.00239531807617 -0.00658530580911 0.00269103964243 0.00104925148920 0.00142276815533 -0.00106404817550 -0.00591139485647 0.000368011588431 0.00339337383057 -0.00100605828125 -0.0104507709322 -0.00337112147435 0.00491574424129 -0.00394258916448 0.0155926125466 0.00844210628542 -0.0000351512510444 -0.0120658252038 0.000614978789982 -0.00682012402346 0.00253595558268 0.00374654236093 -0.00239119793416 -0.000122647227381 -0.00399107502364 0.00252441002808 0.0114215201910 0.00308609504147 -0.00209569901667 -0.00122859193655 -0.00598046814513 0.00307530977390 -0.000240834255457 -0.000198876723067 0.00160728262427 -0.000248359845447 0.000152071362492
internal_count=0
leaf_count=0

Tree=95
num_leaves=43
num_cat=0
split_feature=8 18 24 6 0 11 6 17 5 12 26 25 8 14 4 12 2 18 18 15 21 24 5 21 6 18 17 0 8 5 8 4 27 27 4 1 18 21 13 1 3 15
threshold=5.78091457570 -0.160264522147 -0.0465628212789 0.468124836701 60.4850000000 0.138689365881 0.141668209901 1.78330246989 -0.393961159858 0.182397815849 -0.0117170939196 0.400000000000 1.05954387796 0.155811516099 -2.24318926726 -0.277000044164 46.8465010500 -0.00159423499180 -0.00160955250128 0.00505867259505 -0.170981480196 -0.235513135897 -1.20383396889 -0.0586384021564 0.00901411292736 -0.00158785582460 0.313514400472 210.530000000 2.87627588438 -0.393961159858 0.0549097436261 0.318412943747 0.168199549713 0.0136650166774 3.09490633225 277.566000000 -0.160264522147 -0.449875770686 0.121235153979 94.1050000000 -16.7273900130 0.00378931643287
decision_type=2 2 2 2 2 2 2 2 2 2 2 2 2 2 2 2 2 2 2 2 2 2 2 2 2 2 2 2 2 2 2 2 2 2 2 2 2 2 2 2 2 2
left_child=1 2 3 4 5 -1 -3 8 -5 -7 11 12 -9 -11 15 -13 -15 18 19 20 -17 -19 23 -21 -23 26 27 -25 -27 30 -29 -31 33 -33 -34 36 37 -36 -37 40 -39 -41
right_child=32 17 10 7 6 -2 -4 9 -6 -8 14 13 -10 -12 16 -14 -16 25 22 21 -18 -20 24 -22 -24 29 28 -26 -28 31 -30 -32 35 34 -35 -43 39 38 -38 41 -40 -42
leaf_value=0.000751242629428 0.00583756943683 -0.00133710758156 0.000410777305258 -0.00391333416431 -0.000254819713810 -0.00000634423837380 -0.00148268628037 0.00453234199285 -0.000354506244782 -0.00338016689283 0.00166713928053 -0.00398996087597 0.00639341670866 -0.00936794165277 -0.00106644773448 0.00707469292128 0.000585242798463 0.00237277549762 -0.00139560155995 0.0121521013510 0.00254563295458 -0.00492510974863 0.00197655708584 -0.00869817227905 0.000344095489975 -0.000460332148308 -0.00437180798380 -0.00165256122041 0.000386745370630 -0.000369333991767 0.000109701620780 0.00185068559628 0.0138177753665 0.00675527674281 -0.00307490936677 0.00690039316480 0.00197102355518 -0.00238305943762 0.00301874557525 -0.00637181523400 -0.000180203671091 -0.00705555819970
internal_count=0
leaf_count=0

Tree=96
num_leaves=52
num_cat=0
split_feature=16 5 5 16 6 5 18 8 10 5 2 13 4 0 25 4 13 6 4 8 8 19 3 4 14 1 14 0 5 27 8 5 4 14 17 12 8 0 4 5 17 5 17 21 17 26 5 5 2 26 2
threshold=0.00605654303156 0.168877160827 0.0691158430716 0.00511935297902 0.0997760082483 -0.166548407827 0.00156128049378 0.0262629266088 0.00000000000 -1.74418511906 -16.4956220800 -0.709945373641 -3.04151162357 69.4180000000 0.600000000000 1.22940533169 -0.623862185018 0.00422127385723 -3.04151162357 0.148162087887 0.0262629266088 -0.00158519755211 -2.84456943422 0.502165393317 0.0140656244135 178.762000000 0.0140656244135 224.643000000 0.644322682776 2.34478566203 0.0549097436261 0.507910221844 0.00000000000 -0.648374684503 0.00921965501724 -3.98948083027 0.148162087887 145.053000000 0.00000000000 -0.796380558739 0.165506712899 1.14971668305 0.253534039101 9.58343220945 0.0598907368742 0.0000407936617819 0.117815535474 -1.05941677639 42.0882536800 0.410868904019 30.6954064400
decision_type=2 2 2 2 2 2 2 2 2 2 2 2 2 2 2 2 2 2 2 2 2 2 2 2 2 2 2 2 2 2 2 2 2 2 2 2 2 2 2 2 2 2 2 2 2 2 2 2 2 2 2
left_child=1 2 3 4 5 -1 -3 8 -5 -7 11 12 -9 14 -12 -14 17 18 19 -16 -18 -20 -21 24 25 -23 27 -26 -28 30 31 32 33 -30 -32 -34 37 38 -36 -38 41 -40 -42 44 45 46 -44 48 -47 -49 -51
right_child=29 16 10 7 6 -2 -4 9 -6 -8 13 -11 -10 15 -13 -15 23 21 20 -17 -19 22 -22 26 -25 -24 28 -27 -29 43 36 35 34 -31 -33 -35 40 39 -37 -39 42 -41 -43 50 47 -46 -45 49 -48 -50 -52
leaf_value=0.00166549482921 -0.000526979803847 -0.00151803369887 0.00261530607780 -0.00134750232749 -0.00977596988933 -0.00953619231482 0.00139256551709 -0.00221908566442 -0.00817853373077 0.00666434196536 0.00166866432437 -0.00361622661998 0.00742745855339 0.00126574214224 -0.0106276487986 -0.00172730894657 0.00702006728183 0.000607700301902 0.00495727330263 -0.00120971864175 -0.00338413241404 -0.000440636235153 0.00283784188272 0.0114782952129 -0.0125449138615 0.000598121762742 -0.00129281324768 0.00127910139265 -0.00423378286057 0.00156251287514 -0.00526253453481 -0.0136436876765 0.0145488728395 0.00380148250560 0.00558890595776 0.000980938156646 0.00993728159888 -0.000461935089084 -0.000730737368309 -0.0143530642963 0.00176232774481 -0.0000815528471348 0.0138115105828 0.00796887230663 0.000741046824833 -0.00126124460823 0.00372348903900 0.00100457873035 -0.00377840451973 -0.0121851536934 0.00267074475109
internal_count=0
leaf_count=0

Tree=97
num_leaves=54
num_cat=0
split_feature=18 18 18 8 8 17 16 12 5 17 14 4 4 16 8 4 14 8 4 2 18 21 8 21 3 18 4 3 21 25 27 17 6 23 24 5 17 3 25 15 5 27 1 17 23 17 25 1 17 4 8 17 8
threshold=0.00159667916222 0.00156309251098 0.00156128049378 1.88187114230 1.80980033160 3.00291458727 1.43254279506 -0.785944467316 1.14971668305 0.866617380745 -0.0581100847818 -1.18771476102 -1.58282946595 0.00511935297902 0.217266119482 0.00000000000 0.108432265917 0.289965575203 -1.18771476102 -4.96239504000 0.00156589579303 -0.0586384021564 0.148162087887 1.10068672190 -1.48111798235 0.00156589579303 -4.68335124869 -4.84858356806 -0.240284137060 0.399000000000 0.648744838787 1.40218316710 0.00184896452653 0.116121435414 0.171450022015 -1.05941677639 0.633984141587 4.81325607815 0.200000000000 0.00345471883665 -1.05941677639 1.25755586026 169.032000000 3.00291458727 -0.287641944156 2.33347066804 0.400000000000 281.778000000 1.60679307713 -2.24318926726 3.07799773041 1.60679307713 2.87627588438
decision_type=2 2 2 2 2 2 2 2 2 2 2 2 2 2 2 2 2 2 2 2 2 2 2 2 2 2 2 2 2 2 2 2 2 2 2 2 2 2 2 2 2 2 2 2 2 2 2 2 2 2 2 2 2
left_child=1 2 3 4 5 -1 -3 8 -5 -7 11 12 -9 -11 15 -13 -15 18 19 20 -17 22 -20 -22 25 26 -24 -26 29 -28 -30 32 33 -32 -33 36 -35 38 -37 -39 41 42 43 -41 -43 -45 -46 48 49 -48 -50 -52 -53
right_child=31 17 10 7 6 -2 -4 9 -6 -8 14 13 -10 -12 16 -14 -16 24 21 -19 -18 23 -21 -23 28 27 -25 -27 30 -29 -31 40 35 34 -34 37 -36 39 -38 -40 47 45 44 -42 -44 46 -47 51 50 -49 -51 52 -54
leaf_value=-0.000113247578645 0.00271717943531 -0.00278752512562 0.000527043692694 -0.000736893146119 0.00186713399611 0.00521020084651 0.000488888888871 0.0000867404087504 0.0132996200248 0.00578571328731 -0.00668860285617 0.00616434892823 -0.00271553097148 0.00741455125643 0.00323487200565 -0.00448729397665 0.00374364014124 -0.0131214860065 0.0135316863811 0.00377960111631 0.00104835856647 0.00548891719311 -0.00102666161973 -0.00456089712953 -0.000843805669549 0.00247103165149 -0.00291931269719 -0.00936480156595 -0.000110487890475 -0.00205304783938 -0.00989341364169 0.00399668222943 -0.00520786896924 -0.00113501297492 0.0114835068333 0.00298527005457 0.00111317523570 -0.00618771196218 -0.0000708430546509 0.00600395328844 -0.000965306223309 0.00709763839279 0.0125601778140 -0.00512973844739 -0.00378932699759 0.00311056862075 -0.00193243865438 0.00277831796529 -0.000491236610084 0.000652333626061 -0.00972677639967 0.00109544355917 -0.00618054309153
internal_count=0
leaf_count=0

Tree=98
num_leaves=46
num_cat=0
split_feature=15 20 25 11 16 4 4 11 0 1 5 3 6 14 16 27 1 0 27 3 20 3 14 6 4 5 25 5 4 17 17 3 14 4 4 4 7 4 17 10 0 4 12 7 14
threshold=0.00155726358031 -1.08143685667 0.400000000000 -0.0281588425888 0.00492632181315 3.09490633225 0.158891522888 -0.189394489003 121.238000000 202.367000000 0.762860084669 -0.0771452764587 0.0733613127090 -1.34169558889 0.00407527667201 1.18726110774 164.626000000 196.413000000 0.00508245738112 -1.89118171795 0.00000000000 -2.84456943422 -0.246854419237 0.141668209901 0.870996751103 -0.361555380804 0.600000000000 0.399885807796 1.83224003965 0.589172198853 0.00867734936179 -1.48111798235 -2.69413778997 -1.38995274003 -1.18771476102 -1.38995274003 0.121043722436 -1.18771476102 0.0101257926096 -0.116705049084 145.053000000 1.22940533169 4.52885195919 0.0315904679249 0.155811516099
decision_type=2 2 2 2 2 2 2 2 2 2 2 2 2 2 2 2 2 2 2 2 2 2 2 2 2 2 2 2 2 2 2 2 2 2 2 2 2 2 2 2 2 2 2 2 2
left_child=1 2 -1 4 5 6 -3 -5 9 -7 -9 12 13 -11 -13 16 -15 -17 19 20 21 22 -19 -22 25 26 -24 -26 -28 -29 31 32 33 -31 -33 36 -35 -37 39 40 -39 -41 43 -43 -45
right_child=18 3 -2 11 8 7 -4 -6 10 -8 -10 15 14 -12 -14 17 -16 -18 30 24 23 -21 -20 -23 28 27 -25 -27 29 -30 38 35 34 -32 -34 37 -36 -38 42 41 -40 -42 44 -44 -46
leaf_value=0.00826879105508 -0.000145130967495 -0.00316000388516 -0.00807730142393 0.00555233590677 -0.00104809203249 0.00877569795004 -0.000211477021897 -0.00155634576833 -0.00911929352230 -0.00208714223783 0.00361144220116 -0.00602876002150 0.000713321304998 0.00139036475433 -0.00177621586534 -0.00872587729116 0.00172777280399 -0.00251142637219 0.00453362139099 -0.00537019296033 -0.00415341167619 -0.00673817910151 0.0137971765636 0.00520811340904 0.000798214353166 0.0100092152904 -0.00864583823263 0.00742348543476 0.00190017156374 0.000176815225627 0.0188228437369 -0.00118724728148 -0.00727724979181 0.0102705379279 0.000876192603185 -0.00793426721310 0.000477129587215 -0.00759914762168 -0.00246320551707 0.0000811035507984 -0.00241070810971 -0.00113308691208 -0.0000820479814403 0.00227478109961 0.000209218185745
internal_count=0
leaf_count=0

Tree=99
num_leaves=53
num_cat=0
split_feature=17 5 27 17 8 8 5 5 5 3 5 2 14 27 8 14 21 3 8 17 5 5 14 26 17 5 2 0 0 1 4 5 8 14 4 3 3 6 2 4 2 5 2 5 2 25 8 5 27 22 24 18
threshold=0.00867734936179 0.277780453750 0.648744838787 0.00605813935177 0.182737938385 0.116344416679 -0.733153937861 -0.0508877817085 -1.74418511906 -1.10931758721 0.168877160827 10.8796863600 1.69106847762 0.779453849825 0.559693433615 -0.493080888630 -0.0197106873088 -0.607663825342 0.905362558294 0.00661237557012 0.595046607112 0.833540815858 -2.69413778997 -0.0000180481529721 0.0101257926096 -0.867329495381 -5.98818763001 130.968000000 215.453000000 61.2480000000 -0.0711180789270 -0.462384437352 0.0549097436261 0.410415384778 2.04134410612 -0.0771452764587 2.93284992940 0.000193551714386 -23.7926516600 -6.65274731568 -40.8000080600 -0.00816675045514 -18.1745422800 0.595046607112 -12.0792482300 1.20000000000 0.0262629266088 -0.538850043776 2.34478566203 0.00156232960791 0.622373573169 0.00156309251098
decision_type=2 2 2 2 2 2 2 2 2 2 2 2 2 2 2 2 2 2 2 2 2 2 2 2 2 2 2 2 2 2 2 2 2 2 2 2 2 2 2 2 2 2 2 2 2 2 2 2 2 2 2 2
left_child=1 2 3 4 5 -1 -3 8 -5 -7 11 12 -9 14 15 16 -13 -15 19 -17 -19 22 -21 -22 25 26 27 -25 -26 -28 -29 32 -31 -32 35 -34 -36 38 39 40 -38 -40 43 -42 -44 46 47 -46 -48 50 -50 -52
right_child=24 13 10 7 6 -2 -4 9 -6 -8 -12 -11 -10 21 18 17 -14 -16 20 -18 -20 -24 23 -23 37 31 29 28 -27 30 -30 34 33 -33 36 -35 -37 45 42 41 -39 -41 44 -43 -45 49 48 -47 -49 51 -51 -53
leaf_value=-0.000340882290507 -0.00364088080982 -0.00588883303523 0.00180637434189 -0.0102305529603 0.000767726362673 -0.000183190548983 0.00395910120058 -0.000727853119692 -0.00955525528927 0.00723446445888 -0.0141048955551 -0.00238686366272 -0.00966918218334 0.00258558183438 -0.00165554350634 0.00684282832993 0.00150183945658 -0.00781360139369 0.00181357595504 0.0155930907595 0.0109163175680 -0.00537319533424 -0.000438508493699 0.00526132852764 -0.00738127511051 -0.00234862625737 -0.00140274143727 0.0185215493747 0.00554517840545 -0.0148473568421 -0.00383610590947 0.00163979155811 -0.00139457397261 0.00210460001702 -0.0100189584148 0.000559302222914 -0.00200497755683 -0.00541203705210 0.0263305754097 0.00626692572395 -0.00865321465053 -0.0197146426528 0.00625572086046 -0.00187277726929 -0.0102125357696 -0.00108275819867 -0.0000543645592960 0.000553774009101 0.000363684312271 -0.00503028675832 0.00960964283058 0.00217719894961
internal_count=0
leaf_count=0

Tree=100
num_leaves=58
num_cat=0
split_feature=16 18 1 8 18 14 13 14 14 26 3 18 23 14 21 2 13 27 4 18 4 7 4 16 3 17 4 4 11 5 15 5 1 0 1 12 16 27 1 17 17 10 26 0 5 20 17 7 11 0 17 5 27 13 8 3 8
threshold=0.00468618163054 -0.00155675120905 75.3570000000 0.148162087887 -0.00156479413427 -0.434749823136 0.00374171302678 -0.172438734032 -0.308770995518 -0.00277921971992 0.215943446780 -0.00156045190769 -0.0933684433997 1.00716802096 9.58343220945 3.89448722000 0.655744945849 0.0117113691858 2.79745262504 -0.00153022188254 3.39433786400 0.0716370092347 0.659270998415 0.00407527667201 1.09962531636 0.00700539996511 2.50530408888 2.79745262504 -1.02384054815 0.549836986953 0.218472159824 -0.952604700979 206.957000000 88.6840000000 281.778000000 5.74652330221 1.80765683408 0.298085911317 206.957000000 1.26483982096 1.12970557049 -0.203379629570 -0.585714643219 41.1070000000 -0.0729366458646 -1.59261003462 1.72231749380 3.34717711917 1.97376379957 93.0430000000 0.00867734936179 0.277780453750 0.720608573708 -0.0493406857110 0.0549097436261 -4.42779173769 0.148162087887
decision_type=2 2 2 2 2 2 2 2 2 2 2 2 2 2 2 2 2 2 2 2 2 2 2 2 2 2 2 2 2 2 2 2 2 2 2 2 2 2 2 2 2 2 2 2 2 2 2 2 2 2 2 2 2 2 2 2 2
left_child=1 2 3 -1 -2 -3 7 8 -5 -7 11 -9 -11 14 15 16 -13 -15 19 -17 -19 22 23 -21 -23 26 -25 -27 29 30 31 32 -29 -31 35 -33 -35 38 -37 40 -39 -41 43 44 45 -43 -45 48 -47 -49 51 52 -51 -53 55 -55 -57
right_child=28 13 6 4 5 -4 10 9 -6 -8 12 -10 -12 21 18 17 -14 -16 20 -18 -20 25 24 -22 -24 27 -26 -28 42 37 34 33 -30 -32 36 -34 -36 39 -38 41 -40 -42 50 47 46 -44 -46 49 -48 -50 54 53 -52 -54 56 -56 -58
leaf_value=-0.00578110079190 -0.00243108402367 -0.00112445166301 0.00364198638640 0.00450048132227 -0.00867262931295 0.00157128228133 0.00807463840477 -0.00671924295097 0.00443442324574 -0.00445053258752 0.00331150742811 -0.000350121846539 -0.00840363950029 -0.00119947749480 0.0106279767719 -0.0118706759281 -0.00336261940903 0.00515073058818 -0.000477041762103 0.000709307063197 -0.00697344279617 0.0113054340342 0.00323779482444 -0.00660795391440 -0.000110640341519 0.00474441416527 0.000904770371312 0.000144742370885 0.00898137725845 -0.00247421426615 -0.000886543421414 -0.000305782029057 0.00302341430218 -0.000725317558758 0.00477648479431 0.00368037715342 0.0102369662008 -0.0000598119988443 -0.00713121778589 0.000451140332317 0.00229822027161 0.00856937838024 -0.00154175956640 0.0164157547694 0.00461243810775 0.000874444987154 -0.00544417865866 0.00848180468286 0.00322483721570 0.00114152599623 -0.00427893311104 -0.00232947358936 0.00130528838735 0.00464809057688 -0.00158957885433 0.00127361365074 0.0000768557581911
internal_count=0
leaf_count=0

Tree=101
num_leaves=53
num_cat=0
split_feature=18 18 18 18 12 3 4 7 26 0 18 5 4 4 12 15 18 3 4 6 2 5 17 16 5 14 6 5 1 3 23 14 6 2 16 24 2 18 1 5 20 8 21 0 5 8 25 27 10 27 17 10
threshold=0.00159667916222 0.00156589579303 0.00154664710816 0.00154011680964 4.52885195919 0.104779155579 -0.00155504985333 0.177110172640 -0.0151144957972 168.209000000 0.00155306754124 0.0241368059753 -6.65274731568 0.870996751103 -0.674051327494 0.00994519032201 0.00156128049378 -0.778016571477 -4.68335124869 0.0654903557669 -58.8245610000 -0.0729366458646 1.08421918821 0.00519676014141 -0.192068683452 0.0378504243741 0.683638509503 0.595046607112 211.316000000 0.457250990502 0.00000000000 0.410415384778 0.000193551714386 -23.7926516600 2.47353627407 0.00428925120919 -5.98818763001 0.00312080641551 235.178000000 -0.244857038213 0.407683840413 0.593789644014 -0.114930635698 46.3960000000 0.194546386431 0.799551943830 0.400000000000 1.66232943936 -0.241538923754 1.25755586026 1.72231749380 0.0171815528027
decision_type=2 2 2 2 2 2 2 2 2 2 2 2 2 2 2 2 2 2 2 2 2 2 2 2 2 2 2 2 2 2 2 2 2 2 2 2 2 2 2 2 2 2 2 2 2 2 2 2 2 2 2 2
left_child=1 2 3 4 5 -1 -3 8 -5 -7 11 12 -9 -11 15 -13 -15 18 19 20 -17 -19 23 -21 -23 26 27 -25 -27 30 -29 -31 33 -33 35 -34 -35 38 39 40 -38 -40 43 -42 -44 46 47 -46 -48 50 -50 -52
right_child=32 17 10 7 6 -2 -4 9 -6 -8 14 13 -10 -12 16 -14 -16 25 22 21 -18 -20 24 -22 -24 29 28 -26 -28 31 -30 -32 37 34 -37 36 -36 45 42 41 -39 -41 44 -43 -45 49 48 -47 -49 51 -51 -53
leaf_value=0.0000117960975863 -0.000316601988338 0.00296584425251 0.000305829727729 -0.0116749357819 -0.00518393893041 -0.00213876265096 0.00128502200407 -0.00109626917747 0.00485234544444 -0.00125334904945 0.00289460972206 -0.00182687354568 0.000630567814200 -0.0000122537755086 0.00180272158868 -0.000295908559069 -0.00427912254194 0.000641235334813 -0.00197443760280 -0.00235649947011 0.00423218146261 -0.00250848423093 0.00200652108638 -0.00610924550793 0.00278784714220 -0.00398188730453 0.00503003471770 0.00315263823538 0.0122939552568 -0.00204408928814 -0.0000215931172043 0.00518594373098 -0.0109037129262 -0.00854541187521 -0.00177111241955 0.00368337219665 0.00134210609758 0.00558164999693 -0.00530298935414 0.000555447632640 0.0131243745668 0.00240198541953 0.0000358819574179 0.00553284481773 0.000584136016834 0.00380407355025 0.00731573286755 -0.000378889075142 0.00108831574117 -0.0000703691555129 0.000432226138507 -0.00117968312293
internal_count=0
leaf_count=0

Tree=102
num_leaves=37
num_cat=0
split_feature=6 26 26 4 26 13 26 20 27 7 23 15 20 5 7 23 5 17 8 0 0 16 17 8 4 1 9 2 14 0 7 11 8 15 13 1
threshold=0.0395259898797 -0.900710667014 -0.256305916437 -1.38995274003 -0.168368606328 0.391356819454 -0.111511164588 -0.305391135149 2.08135419425 1.46095694762 -0.00135175253770 0.00440617307625 -0.00154621640824 0.306780322033 1.12072144091 0.289928830827 0.549836986953 2.43933149181 2.32101311946 83.5350000000 191.789000000 2.29119258579 3.00291458727 2.43441964396 -6.06685340236 216.465000000 -0.0486939257471 -40.8000080600 -0.246854419237 60.4850000000 0.521223548228 -0.792527299368 1.18391307628 0.00313588028446 0.0689250288460 221.054000000
decision_type=2 2 2 2 2 2 2 2 2 2 2 2 2 2 2 2 2 2 2 2 2 2 2 2 2 2 2 2 2 2 2 2 2 2 2 2
left_child=1 -1 3 -2 5 -4 -6 -7 9 10 11 12 -9 -11 15 -13 -15 18 19 -17 -19 22 -21 -23 25 26 27 -25 -27 -29 31 -31 -32 34 -34 -36
right_child=8 2 4 -3 6 -5 7 -8 24 17 14 13 -10 -12 16 -14 -16 21 20 -18 -20 23 -22 -24 30 29 28 -26 -28 -30 33 32 -33 35 -35 -37
leaf_value=0.00830962700837 -0.00462611594723 -0.0187772899404 0.0193724873101 -0.000632253528372 -0.0199855092586 -0.000848326422736 0.000395551974294 0.000954180518516 0.0000688717792066 -0.000463574695901 0.000568237886148 -0.000438868786630 0.000334481235584 -0.00169595404016 0.000366572073127 -0.000576353698803 0.00106899852956 0.00309031865523 -0.000457287108490 -0.00157441161129 -0.000120067755569 0.00147852727296 -0.000141958671319 -0.000450641374373 0.00515195830339 -0.000591654901637 -0.00627318539166 -0.00172851741773 -0.00923705591284 0.00855847571390 0.000513564537133 -0.00174459215911 0.0138282991204 0.00267948451869 0.000861398394173 0.00329532462415
internal_count=0
leaf_count=0

Tree=103
num_leaves=54
num_cat=0
split_feature=15 8 4 5 8 4 2 11 14 27 13 4 2 17 6 26 2 1 3 13 1 21 8 11 5 15 0 2 7 21 4 19 21 8 2 17 4 27 15 19 26 23 20 13 19 3 15 13 18 13 15 17 15
threshold=0.00155726358031 0.942713385047 0.158891522888 -0.627935832879 0.324896492211 -0.997527256379 -18.1745422800 0.249254530389 -1.78538701797 0.00977812164651 0.864145991727 3.39433786400 -0.492254420002 0.00540256988241 0.0344196771918 0.000847837113849 -8.26659301999 249.306000000 -4.42779173769 -0.709945373641 164.626000000 -1.49794333143 2.03974991587 1.31073257239 -0.142529670803 0.00156588242816 215.453000000 -7.07819090000 1.12072144091 -0.628221089709 -0.830535944376 0.00156246215743 -0.628221089709 1.31577432481 -8.26659301999 0.633984141587 0.659270998415 0.0730026347026 0.00218350643058 -0.00158519755211 0.000481814117492 -0.00135175253770 -0.00156604562540 -0.379277387038 0.00158269519046 3.90503470123 0.00221504365870 -0.295255528996 -0.00156264600926 0.228679752016 0.00269821893880 0.00700539996511 0.00271080920615
decision_type=2 2 2 2 2 2 2 2 2 2 2 2 2 2 2 2 2 2 2 2 2 2 2 2 2 2 2 2 2 2 2 2 2 2 2 2 2 2 2 2 2 2 2 2 2 2 2 2 2 2 2 2 2
left_child=1 2 3 4 5 -1 -3 8 -5 -7 11 12 -9 14 -12 -14 17 18 19 -16 -18 -21 23 -22 -24 26 27 28 29 -26 -29 -30 33 34 -32 36 -35 -37 39 40 41 -39 -41 44 -43 -45 47 48 -47 -49 51 -51 -53
right_child=25 16 10 7 6 -2 -4 9 -6 -8 13 -11 -10 15 -13 -15 21 -20 20 -17 -19 22 24 -23 -25 38 32 30 -28 -27 31 -31 35 -34 -33 37 -36 -38 46 43 42 -40 -42 45 -44 -46 50 49 -48 -50 52 -52 -54
leaf_value=-0.00310423944513 0.00120077514814 0.0000294770681342 -0.0110904032566 -0.00430770492155 -0.0000886919476178 -0.00130173544611 0.00928895299532 0.00248020619043 -0.00840784730273 0.00259846219231 0.00761048503798 0.00301500689489 0.00158630669926 -0.00370605305603 0.00174923494756 -0.00320110078946 -0.00622385057321 0.000304997279130 0.00404398243653 0.0104453577706 0.000851105478489 -0.00561041325542 0.000581986586843 0.00732618446198 -0.000998523210200 0.00642557364311 -0.00870068047401 0.0104243748726 0.00247988815831 0.00628502633940 -0.00154331810057 0.00420749687463 0.0106606286030 -0.00554144547813 0.00192606841836 -0.0133585501873 -0.00314559844984 -0.00560506650561 0.00138110396140 0.00994336754616 -0.000453869661278 -0.000831973081598 0.00612186035946 -0.00343250306120 0.000648715237857 0.00397170936530 -0.000989632365041 0.00254937744445 0.000594149136555 -0.00281728209329 -0.000463552416345 0.000924175080946 0.00000544219565223
internal_count=0
leaf_count=0

Tree=104
num_leaves=57
num_cat=0
split_feature=12 18 15 5 2 17 15 0 25 14 2 1 25 4 14 4 6 8 5 4 13 26 2 4 2 18 18 6 8 4 4 5 16 17 7 2 1 2 4 12 12 18 8 4 4 3 3 5 4 18 13 13 4 18 14 18
threshold=-1.95486609087 -0.00157720745908 0.00505867259505 -1.05941677639 -37.0978986900 1.66291407593 0.00313588028446 64.8220000000 1.20000000000 -0.152147045261 -10.6800062700 183.135000000 1.00100000000 0.318412943747 -0.195106916204 0.00156328457290 0.00184896452653 0.116344416679 -0.867329495381 -2.01525026774 -4.18844894018 -0.0243592501514 -10.6800062700 4.54865548792 -2.02920675999 0.00154664710816 0.00154011680964 0.0451961751609 2.03974991587 -0.00155504985333 7.56853682001 0.833540815858 0.00442993880026 1.45094772521 0.304318851811 9.52968432000 287.230000000 13.6481808300 1.22940533169 -0.169505671303 0.351341477540 0.00155306754124 0.526993947639 2.04134410612 0.158891522888 3.53806252659 -2.58680694527 -0.462384437352 2.79745262504 0.00155754263487 1.00102493282 -0.295255528996 1.40635495873 0.00156589579303 -0.195106916204 0.00159667916222
decision_type=2 2 2 2 2 2 2 2 2 2 2 2 2 2 2 2 2 2 2 2 2 2 2 2 2 2 2 2 2 2 2 2 2 2 2 2 2 2 2 2 2 2 2 2 2 2 2 2 2 2 2 2 2 2 2 2
left_child=1 2 3 -1 5 -2 -4 8 9 -6 11 -9 -11 14 15 16 -13 -15 19 -17 -19 22 -21 24 -23 26 27 28 29 -26 -28 32 -30 -32 35 36 -34 -36 39 -38 -40 42 43 44 -42 -44 47 -46 -48 50 51 -50 -52 54 -54 -56
right_child=25 13 7 4 6 -3 -5 10 -8 -7 12 -10 -12 21 18 17 -14 -16 20 -18 -20 23 -22 -25 -24 41 34 31 30 -27 -29 33 -31 -33 38 37 -35 -37 40 -39 -41 49 46 45 -43 -45 48 -47 -49 53 52 -51 -53 55 -55 -57
leaf_value=-0.00371643533837 0.00155089566028 -0.00101504949115 -0.000118986432865 0.00635346978919 0.00639750056281 -0.00490327331980 0.0107392005499 -0.0000141575706715 -0.00230564950876 -0.000811594892980 -0.0108560351918 0.00110267923795 -0.000385750027209 -0.00142582807874 -0.0108696253799 0.00105090769384 0.00988122148824 -0.00837720653888 -0.00155547661410 0.00495637117546 -0.0133274662679 0.00350471743151 0.0104764755116 -0.00525444474515 0.00159112991121 -0.00000658623221914 0.00627208773577 -0.00324417163221 -0.00109808505849 -0.0000919328028976 -0.000540085647755 0.00129422144807 -0.00971168264850 0.000877945413934 0.00652254584036 -0.00563135869541 0.000397891225088 -0.00491507146870 0.00533930272424 0.000956486617265 0.000906211921635 -0.0144541822461 0.00828667942396 0.00201200847595 0.00466525950164 -0.00481848127935 0.00723063568573 0.00201781561756 0.00307795429146 -0.00293308375929 -0.00420826652372 0.00357442052512 -0.00147220063825 0.00123916127205 -0.000860916493596 0.000396802074423
internal_count=0
leaf_count=0

Tree=105
num_leaves=48
num_cat=0
split_feature=19 5 7 7 16 5 4 8 19 17 17 8 1 14 8 15 7 17 21 3 0 14 26 26 18 4 15 6 1 27 18 13 8 16 8 20 25 12 3 17 25 16 16 1 2 26 17
threshold=2.04799010035 1.66867573793 1.46095694762 1.16971800994 2.01890484902 1.01580292239 -6.06685340236 1.88187114230 1.34721700559 1.45094772521 2.43933149181 2.12476563595 216.465000000 -0.172438734032 1.80980033160 0.874554581751 2.17644917945 0.165506712899 5.03001661694 -2.34111228177 196.413000000 -0.152147045261 -0.000458447724228 -0.0192472729221 -0.00156479413427 4.09441681037 0.747807325827 0.0514316614976 108.211000000 1.10008647454 -0.00155073404673 0.300708129292 1.88187114230 2.29119258579 4.64350586095 1.24308523786 1.00000000000 0.422674352626 -16.7273900130 5.83445201054 0.400000000000 1.71922194776 1.43254279506 253.604000000 20.6034602200 0.000239200672603 2.43933149181
decision_type=2 2 2 2 2 2 2 2 2 2 2 2 2 2 2 2 2 2 2 2 2 2 2 2 2 2 2 2 2 2 2 2 2 2 2 2 2 2 2 2 2 2 2 2 2 2 2
left_child=1 2 3 4 5 -1 -3 8 -5 -7 11 12 -9 -11 15 -13 -15 18 19 -17 -19 22 23 -21 -23 26 -25 -27 29 30 31 -29 -31 -32 35 -34 -35 -37 39 -39 41 42 -41 -43 45 -45 -47
right_child=28 17 10 7 6 -2 -4 9 -6 -8 14 13 -10 -12 16 -14 -16 21 20 -18 -20 25 24 -22 -24 27 -26 -28 38 34 32 -30 33 -33 37 36 -36 -38 40 -40 44 43 -42 -44 46 -46 -48
leaf_value=0.0000231178655516 -0.000765644424878 -0.00115487972626 0.00266274516998 -0.00121604440184 0.00208976187446 0.00421155274401 -0.000128698811506 0.000785248162404 -0.00129869888516 -0.000848661037402 0.00229870987427 -0.000626759179897 0.00696414488465 -0.000857163389361 0.000204108314036 -0.00574178424220 -0.0150183523659 0.00870736064587 -0.00692185394048 -0.00116504367688 0.00990376985647 -0.0109712176261 -0.00127169066199 0.0106964518969 0.00306935310051 -0.00189601320643 0.00185774602883 -0.00875941104479 0.00139783055948 -0.00422336160783 0.00168035549736 -0.000544330532964 0.00442478031959 0.00112743759792 -0.00176548117861 0.00996647059790 -0.0000896592009014 0.000867203899261 0.0109748214601 -0.00239647894560 0.00570839125914 -0.00171991980056 0.00130249617084 0.000162701500682 -0.00451993979336 0.00365784737297 -0.00183624456462
internal_count=0
leaf_count=0

Tree=106
num_leaves=57
num_cat=0
split_feature=19 23 17 12 22 21 7 8 10 2 8 22 23 5 3 5 25 7 7 17 5 17 5 19 8 15 27 5 17 5 15 17 11 1 8 2 5 27 0 27 20 17 7 8 18 16 18 23 13 17 1 5 6 7 25 1
threshold=0.00159446936099 -0.554697351086 1.91389219978 -0.0891112970781 0.000107152812217 -0.114930635698 0.326241869268 2.32101311946 -0.0773258472409 -16.4956220800 0.728812619125 0.00212538907154 -0.776204834789 -0.273239054352 -1.48111798235 -0.166548407827 16.2040000000 0.103430781372 0.0570090069520 0.537121739772 -0.393961159858 0.589172198853 0.595046607112 0.00156472019119 0.182737938385 0.00227581342145 0.0730026347026 1.01580292239 0.253534039101 -1.05941677639 1.24556290727 0.773876487158 0.706650870126 126.784000000 1.36164823655 -25.9692494600 -1.74418511906 1.22101515382 111.743000000 0.881494633487 0.516858438695 2.15030088400 1.46095694762 1.09934912520 -0.00156479413427 1.90581103503 -0.00156479413427 -0.0187840957946 0.143128537702 2.23878317598 178.762000000 -0.0508877817085 0.498269861615 3.34717711917 1.80000000000 277.566000000
decision_type=2 2 2 2 2 2 2 2 2 2 2 2 2 2 2 2 2 2 2 2 2 2 2 2 2 2 2 2 2 2 2 2 2 2 2 2 2 2 2 2 2 2 2 2 2 2 2 2 2 2 2 2 2 2 2 2
left_child=1 2 3 4 5 -1 -3 8 -5 10 -8 -9 13 -11 -13 16 17 18 -15 -17 21 -19 23 24 -22 -24 27 -26 -28 30 31 32 33 -30 35 -33 -35 38 -37 -38 -40 42 43 44 -42 -44 47 -46 -48 50 51 -50 -52 54 -54 -56
right_child=29 15 9 7 6 -2 -4 -7 -6 12 11 -10 14 -12 -14 22 20 19 -16 -18 -21 -20 26 25 -23 -25 28 -27 -29 41 37 34 -32 -31 36 -34 -36 40 39 -39 -41 49 46 45 -43 -45 48 -47 -49 53 52 -51 -53 55 -55 -57
leaf_value=-0.00122328336300 0.00196161519974 0.00433954271725 0.000348494738092 -0.000452655040596 -0.00271871305602 0.00561856073179 -0.00533615258840 -0.000143082741214 -0.00189884441111 0.000428277883408 0.00308117396279 0.00329320806157 -0.00241730800476 0.000412492916516 0.00321005375518 -0.000531910468638 0.000392155879209 0.00327300353371 -0.00336819922392 -0.0135703998530 -0.000929538978237 -0.0000907970333751 -0.00530420893878 -0.00126957830480 0.000139842214758 -0.00228293686405 0.00270527408661 0.000553301640240 0.000935982915979 -0.00901993617135 0.00438253250477 0.0180723109589 0.00492043557872 0.00987403441450 0.00131956238509 0.00534499023326 -0.00517553626797 0.00177219058481 -0.00684397064043 0.000450180618591 -0.00203921333683 0.000703245639647 -0.000128982844122 0.00527584934625 -0.00311788443909 0.00260490647136 0.00256418202871 0.000152415055580 0.00195842142496 -0.00156043115721 -0.0107208746475 -0.00120657458065 -0.000265008690536 -0.00310482769702 0.00110139760938 -0.00282185181293
internal_count=0
leaf_count=0

Tree=107
num_leaves=52
num_cat=0
split_feature=23 15 18 17 5 22 5 12 24 6 2 17 27 15 21 27 0 26 0 12 1 7 19 5 14 4 3 1 0 16 0 3 26 23 11 1 6 2 27 5 3 14 24 5 2 15 5 23 6 27 26
threshold=-0.337594804827 0.00469489263463 0.00159015579149 0.589172198853 -0.952604700979 -0.0137079950996 -1.40563748412 -1.22377343084 -0.0303843544511 0.565078433605 42.0882536800 0.487455161116 0.298085911317 0.0860146938388 -0.915965049674 0.806799974918 8.29100000000 -0.421967979028 41.1070000000 0.288969848626 244.765000000 0.219307389626 0.808901370577 -0.796380558739 -0.152147045261 -2.01525026774 -2.58680694527 202.367000000 182.305000000 0.00540826492897 177.684000000 5.91395865396 -0.136552379681 0.244785259330 0.0229474023627 206.957000000 2.66113339578 53.1863195700 0.00508245738112 0.762860084669 -1.89118171795 -0.134400627271 0.000716048636838 1.14971668305 -2.02920675999 0.339152032354 0.595046607112 -0.00932322221818 0.00422127385723 0.225868022414 0.00280748524872
decision_type=2 2 2 2 2 2 2 2 2 2 2 2 2 2 2 2 2 2 2 2 2 2 2 2 2 2 2 2 2 2 2 2 2 2 2 2 2 2 2 2 2 2 2 2 2 2 2 2 2 2 2
left_child=1 2 3 4 -1 -2 -4 -5 -7 -8 11 12 13 -10 -12 16 -14 -16 19 -18 21 -20 -22 24 25 26 27 -24 -26 -28 -29 32 33 -31 -33 36 -35 -37 39 40 41 -39 -41 44 -43 46 47 -46 -48 -50 -51
right_child=23 10 8 6 5 -3 7 -6 9 -9 18 15 14 -11 -13 17 -15 -17 20 -19 22 -21 -23 38 31 29 28 -25 -27 30 -30 35 34 -32 -34 37 -36 -38 45 43 42 -40 -42 -45 -44 49 48 -47 -49 50 -52
leaf_value=-0.00726852672512 0.00137720497676 -0.00256742719995 0.00878250289576 -0.00151112312820 0.00133740541085 -0.00244387111637 0.00268115190696 0.0100961811435 -0.00298965915499 0.00621630901001 0.000783885416957 -0.00430806831197 -0.00734604305957 -0.00108140281166 0.000826893482194 -0.000545550090047 0.00163671218253 -0.00733466835356 0.00380818239541 0.000220994878371 0.00716962652173 -0.000666319187537 -0.000668171984824 0.00405535643342 -0.00632277636234 0.000167051493015 0.0192241190591 0.00854643617254 -0.00801592318283 -0.00270600089166 0.00190320188003 0.00369991941022 0.000989939603087 0.000698392026310 -0.00597453872957 -0.0148104331308 0.000412627142557 -0.000843581778195 -0.00679829096044 0.000510467201031 0.00369981842251 0.0133463542143 0.00152927724009 0.000924954037230 0.000119223938866 -0.000372867538424 0.00273531544020 0.000119799457815 0.00568794264682 0.000459836575061 -0.0000999287537804
internal_count=0
leaf_count=0

Tree=108
num_leaves=58
num_cat=0
split_feature=11 21 21 14 26 2 3 7 27 7 1 9 17 27 12 12 16 4 21 17 17 14 4 14 10 0 5 15 6 3 2 26 5 19 2 18 14 4 6 18 24 23 20 8 26 6 4 27 25 23 7 11 4 27 17 8 17
threshold=-1.16422746747 0.437393903212 0.157267426668 0.0957098816160 0.568270346619 13.6481808300 -7.12012752572 3.34717711917 1.34070540954 1.07391584299 216.465000000 -0.00254536719146 3.44440800215 0.648744838787 0.288969848626 1.10265234815 0.551955333859 4.09441681037 0.513472264083 4.14639264688 1.72231749380 0.321925094813 6.11085355053 0.410415384778 -0.762503353480 234.090000000 -0.166548407827 0.00440617307625 0.00000000000 0.927157033232 -28.2444090000 -0.0603740752148 -0.218506658008 -0.00159721496806 5.92186263000 0.00154664710816 0.362963520416 -2.24318926726 0.0116888600164 0.00155306754124 0.00187217615209 0.560312271173 -1.24481974262 0.905362558294 -0.00131088738753 0.530557991760 1.40635495873 1.57682711072 0.802000000000 0.00212240023808 0.197982388258 -0.0410114934679 2.04134410612 0.0579526845421 0.866617380745 0.980781075971 0.911119161598
decision_type=2 2 2 2 2 2 2 2 2 2 2 2 2 2 2 2 2 2 2 2 2 2 2 2 2 2 2 2 2 2 2 2 2 2 2 2 2 2 2 2 2 2 2 2 2 2 2 2 2 2 2 2 2 2 2 2 2
left_child=1 2 3 4 5 -1 -3 8 -5 10 11 -8 13 -11 -13 16 -15 -16 -17 20 21 -19 -21 24 -23 -25 27 28 29 30 -27 -29 33 -31 -33 36 37 -35 -37 40 -39 -41 43 44 45 -43 -45 48 -47 -49 51 52 -51 -53 55 -55 -57
right_child=26 15 9 7 6 -2 -4 -7 -6 12 -10 -9 14 -12 -14 19 17 18 -18 23 22 -20 -22 25 -24 -26 42 35 32 31 -28 -30 34 -32 -34 39 38 -36 -38 41 -40 -42 50 47 46 -44 -46 49 -48 -50 54 53 -52 -54 56 -56 -58
leaf_value=-0.000498653685052 -0.00348037039865 -0.000188593031254 0.00495637714043 0.00128246344672 0.00791682321842 -0.00872567585099 0.000339651866864 -0.00845713501659 -0.0166983439093 0.00621624424739 -0.000332281459071 -0.0148953447534 -0.00313242192548 0.00709128181464 -0.00204537629073 0.00551355762098 0.00199392634234 0.00503586777043 0.000872526791083 -0.00466838568178 -0.000119219462682 0.00563631891117 0.00178001286646 0.00165733340523 0.000290106794551 0.00389048922423 -0.00745129641309 -0.0104391289133 0.00293661537759 0.00422049246588 0.000433905567282 0.00303405339587 0.000569611307853 0.000120335449692 -0.000974072222427 0.00263125889728 0.000187699446903 0.00765298907253 0.00205395988747 0.0000887641428173 0.00297093933701 0.00478167204017 -0.00669640865832 -0.00939795870112 -0.00279155863862 0.00299373949621 -0.00137926702560 0.0114931774328 0.00285866955711 -0.000908229819685 -0.00372531903922 -0.000995128852870 0.000278546438937 0.000235152118630 0.00179237984004 -0.00232337179483 -0.000140657919575
internal_count=0
leaf_count=0

Tree=109
num_leaves=43
num_cat=0
split_feature=10 7 26 5 3 4 26 5 0 1 18 18 17 18 18 5 2 16 18 2 13 14 6 4 1 27 0 11 9 17 7 11 7 16 11 0 2 8 27 21 8 13
threshold=0.256671673422 0.103430781372 0.410868904019 -1.05941677639 2.37936672109 0.00000000000 -0.0603740752148 -0.427361730019 64.8220000000 47.1440000000 -0.00154491930138 -0.00155675120905 0.00781617171032 -0.00156479413427 -0.00155852915906 0.0460551844446 -9.45740646000 0.00519676014141 -0.00153022188254 24.9135837700 0.262546376222 0.223438817472 0.683638509503 -0.479567608098 258.893000000 0.00508245738112 135.374000000 0.620467063837 0.00000000000 1.12970557049 1.53201262460 -0.123963053875 1.12072144091 0.00540826492897 1.70185520184 22.4340000000 -8.26659301999 2.87627588438 0.750666235579 -0.0937182312575 0.834385536407 -0.0970619829951
decision_type=2 2 2 2 2 2 2 2 2 2 2 2 2 2 2 2 2 2 2 2 2 2 2 2 2 2 2 2 2 2 2 2 2 2 2 2 2 2 2 2 2 2
left_child=1 2 3 4 5 -1 -3 8 -5 -7 11 12 13 -10 -12 16 -14 -16 19 20 -18 -20 23 -22 -24 26 27 -26 -28 30 31 32 -30 -32 -34 36 37 -36 -38 40 -40 -42
right_child=25 10 -9 7 6 -2 -4 9 -6 -8 18 15 14 -11 -13 17 -15 -17 22 21 -19 -21 24 -23 -25 29 28 -27 -29 35 34 33 -31 -33 -35 39 38 -37 -39 41 -41 -43
leaf_value=-0.00213841554134 -0.0130142431934 -0.00975801277223 0.00520364602274 0.00605557704238 0.00142620866374 -0.00113185105650 0.000389882335060 -0.00893684600626 -0.00140202065245 0.00332031665283 0.000157587159763 -0.00185758500307 0.000808565908743 0.00377104759923 -0.00421772003503 0.000411496596045 -0.00242405198443 -0.0108950148886 -0.00439530391136 0.00217753510977 0.0000350878826929 -0.000428773303634 0.000146986900936 0.00140268712343 0.0123225428273 0.00456070128786 -0.00459195394558 0.00238965412843 0.00490787579217 -0.00314465271960 -0.00114844256666 0.000736620821840 0.00178482035043 0.0107669359545 0.00812443782492 -0.00128366334590 -0.00806612077911 -0.00123669978754 0.00377149634453 -0.000380340381164 0.00309641654445 0.000315149470375
internal_count=0
leaf_count=0

Tree=110
num_leaves=48
num_cat=0
split_feature=18 18 22 23 17 17 6 27 23 8 26 26 5 1 24 0 16 3 4 3 5 19 2 20 14 19 15 5 0 6 21 3 2 2 15 7 7 10 9 17 8 8 26 14 21 14 9
threshold=0.00159667916222 0.00159015579149 0.000519945694660 -0.554697351086 0.589172198853 0.378015240471 0.130607385897 2.34478566203 -0.00204990097158 0.148162087887 0.168648020211 0.0000407936617819 1.66867573793 291.709000000 0.203518575001 55.2350000000 1.16278930089 -1.48111798235 -2.49781441239 -4.42779173769 -1.20383396889 0.00159446936099 -13.4987001300 0.00000000000 1.69106847762 0.00000000000 0.00275813030268 -0.00816675045514 266.972000000 0.000193551714386 0.127738923683 -0.938226143578 -23.7926516600 24.9135837700 0.00449802926447 0.219307389626 0.103430781372 0.00439618539128 0.000416893253252 1.99121356738 1.67990962996 0.393657168627 -0.0742970589940 -2.69413778997 -0.755232197230 -0.195106916204 -0.0635727198328
decision_type=2 2 2 2 2 2 2 2 2 2 2 2 2 2 2 2 2 2 2 2 2 2 2 2 2 2 2 2 2 2 2 2 2 2 2 2 2 2 2 2 2 2 2 2 2 2 2
left_child=1 2 3 4 5 -1 -3 8 -5 -7 11 12 -9 -11 15 -13 -15 18 19 20 -17 -19 -21 -22 25 26 -24 -26 -28 30 31 32 -30 -33 35 36 -35 -36 39 -38 -40 42 -42 -43 45 -45 -47
right_child=29 17 10 7 6 -2 -4 9 -6 -8 14 13 -10 -12 16 -14 -16 24 22 21 -18 -20 23 -23 28 27 -25 -27 -29 34 33 -32 -31 -34 41 38 37 -37 40 -39 -41 44 43 -44 46 -46 -48
leaf_value=-0.000346482124764 -0.00495151280555 -0.00117477672403 -0.0000927932790503 0.000290993129844 -0.0000878620869492 -0.000274055997215 0.00176241851078 -0.000133171946626 0.00168794861646 -0.00126744955052 0.00495588767067 0.0144718384770 0.00226057240025 -0.00747692382920 0.000665192121533 0.00287314835824 -0.00285292908634 -0.000723459936429 0.00829796765087 0.0147624500774 -0.00217122800757 0.0100553774566 0.00649135311382 -0.00172900916472 -0.00721545147008 -0.00249117874034 0.00872371901296 0.000744639717351 0.00305530741376 -0.00981155456084 0.00397267760393 -0.0135167627615 0.000320271578735 0.00218766527907 -0.00909946396571 -0.000787588022208 0.00311679025851 0.0100658793285 0.00187631752135 -0.00311325931744 -0.00526762340634 -0.00249660736419 0.00310784842981 -0.000773275475363 -0.00986319749173 -0.000527780432114 0.000538132947457
internal_count=0
leaf_count=0

Tree=111
num_leaves=56
num_cat=0
split_feature=12 6 26 26 2 4 15 26 26 3 2 3 4 17 26 5 3 3 3 6 4 7 5 8 5 13 27 21 14 0 6 2 26 0 26 15 17 4 26 0 6 4 5 17 3 19 19 4 7 14 4 2 27 27 8
threshold=-1.95486609087 0.00184896452653 0.000847837113849 -0.0192472729221 -12.0792482300 -3.61082322397 0.936349402217 -0.00131088738753 -0.00277921971992 -3.40612058658 -23.7926516600 -5.81891398744 -7.39066020556 1.17380627407 0.0194789325980 0.914060499894 -1.89118171795 -0.778016571477 -0.938226143578 0.00663095217420 -0.830535944376 0.0200690351546 -0.627935832879 0.0549097436261 0.595046607112 -0.932943751839 0.648744838787 -6.46944371215 -0.0693489767319 205.895000000 0.00184896452653 42.0882536800 -0.136552379681 154.113000000 -0.0243592501514 0.00440617307625 2.43933149181 5.00117569032 0.0761659981419 154.113000000 0.0451961751609 -0.00155504985333 -0.0508877817085 0.00867734936179 -0.0771452764587 0.00155400179613 0.00000000000 0.00000000000 0.326241869268 -0.195106916204 -2.49781441239 -12.0792482300 2.34478566203 0.00508245738112 1.05954387796
decision_type=2 2 2 2 2 2 2 2 2 2 2 2 2 2 2 2 2 2 2 2 2 2 2 2 2 2 2 2 2 2 2 2 2 2 2 2 2 2 2 2 2 2 2 2 2 2 2 2 2 2 2 2 2 2 2
left_child=1 2 3 4 5 -1 -3 8 -5 -7 11 12 -9 -11 15 -13 -15 18 19 20 -17 -19 -21 -22 25 26 -24 -26 29 -28 31 32 33 -31 35 -33 -35 -37 39 -38 41 42 43 -41 -43 46 -45 -47 49 50 -49 -51 53 -53 -55
right_child=30 17 10 7 6 -2 -4 9 -6 -8 14 13 -10 -12 16 -14 -16 24 22 21 -18 -20 23 -23 28 27 -25 -27 -30 -29 40 37 34 -32 36 -34 -36 38 -40 -39 48 45 44 -42 -44 47 -46 -48 52 51 -50 -52 54 -54 -56
leaf_value=-0.00270598156959 0.0107953735995 -0.0158367125288 0.000624898691008 0.00317339068192 0.0166524841289 -0.00272660213228 0.00281495335841 -0.00127681708434 -0.00928432108591 0.0127415115121 0.0230593825958 -0.00722706296935 -0.0276778357147 -0.0129230979910 0.00993002733574 -0.00118542553973 -0.0101610654825 0.00356181874822 -0.000223456116116 0.0126067724565 -0.0119751760357 0.00183478084899 -0.00715232760256 0.00200054587192 0.00232662285597 -0.00235591327266 0.0105600113699 0.000775872887836 -0.00995185320958 -0.0176884505560 -0.00675290274119 0.00124459268235 0.0155739712091 -0.000856053769523 -0.00672228555583 0.0110000177536 0.00490018333967 0.00100724752322 -0.00128480547077 -0.00235326559416 0.00177313136501 0.00186161301018 0.00882922703704 0.000208078839901 -0.00323153546156 0.00742461460455 0.000887537867652 -0.00191541310739 0.00188854578182 -0.00548984169200 -0.000500505843611 0.00167347118591 0.0000519676836305 0.00239263822435 -0.0000480416158004
internal_count=0
leaf_count=0

Tree=112
num_leaves=62
num_cat=0
split_feature=7 24 20 21 23 26 0 4 8 8 26 2 21 2 8 6 5 0 4 13 17 10 7 3 14 19 11 8 19 2 17 7 11 1 27 5 17 23 5 0 26 11 17 8 6 25 27 14 12 27 27 2 10 4 23 10 4 24 2 4 15
threshold=0.576648563682 0.0245085265675 -0.00156241089400 1.97767629273 0.339756811815 -0.207368104068 149.498000000 1.02357174745 0.494265821792 0.0262629266088 -0.111511164588 -7.07819090000 -0.628221089709 30.6954064400 2.70883952793 0.286509426605 0.368144408060 201.378000000 1.59184062530 0.262546376222 1.21949253978 0.126638785922 0.548402422819 1.70519618448 0.253056683203 -1.64571960581 -0.0410114934679 1.36164823655 0.00158269519046 24.9135837700 0.728003870988 0.986160693721 0.407374050326 103.587000000 0.974671384752 0.00457327276872 0.633984141587 0.339756811815 0.117815535474 36.5680000000 -0.00903938535579 -0.123963053875 0.633984141587 1.09934912520 0.304989953807 0.801000000000 2.79237484437 -0.195106916204 -0.277000044164 0.806799974918 1.34070540954 -106.654106600 -0.338716109415 -2.49781441239 -1.71442845367 -0.170287300965 -7.39066020556 0.622373573169 -19.8935943900 -9.52034228640 1.06841039274
decision_type=2 2 2 2 2 2 2 2 2 2 2 2 2 2 2 2 2 2 2 2 2 2 2 2 2 2 2 2 2 2 2 2 2 2 2 2 2 2 2 2 2 2 2 2 2 2 2 2 2 2 2 2 2 2 2 2 2 2 2 2 2
left_child=1 2 3 4 5 -1 -3 8 -5 -7 11 12 -9 -11 15 -13 -15 18 19 20 -17 -19 23 -21 -23 26 -25 28 -27 -29 31 32 33 34 -31 -33 37 -35 -37 40 41 -39 -41 44 -43 -45 47 48 49 -47 -49 52 -51 -53 55 56 -55 -57 59 -59 -61
right_child=30 17 10 7 6 -2 -4 9 -6 -8 14 13 -10 -12 16 -14 -16 25 22 21 -18 -20 24 -22 -24 27 -26 29 -28 -30 46 39 36 35 -32 -34 38 -36 -38 43 42 -40 -42 45 -44 -46 54 51 50 -48 -50 53 -52 -54 58 57 -56 -58 60 -60 -62
leaf_value=-0.00418283445173 0.000194674032183 0.00577138200862 -0.000373614348989 0.00902554140779 0.00161983361354 -0.00709333731159 0.00101941281374 -0.00103304889187 0.00877858004371 -0.00682713480446 0.00304614688932 -0.000208111276985 0.000757445509651 0.00594102047926 -0.00449620055911 -0.00119024738028 0.000679065353005 0.00126123405427 0.00680942426819 -0.00460678895619 -0.00154073193339 0.00668399666001 -0.000574302484893 -0.00617492185271 -0.0000734048291461 -0.000335007868030 0.00103389321071 0.00287514678594 -0.000347133518851 -0.0000788190488287 -0.00702259788539 0.000661318291036 0.00341378498769 -0.00137089788294 -0.0110982317736 -0.0000979100323901 0.00491459823214 0.0000838948894483 0.00842246564833 0.00872839505700 0.0173194571429 0.0139352321064 0.00357004698910 0.00151659724974 -0.00579285446102 -0.000925548290067 1.91056884695e-7 -0.00587833290089 -0.000324710809827 0.000780289736245 0.0199565881746 0.000795954719719 -0.0000125726429540 -0.00246797598545 0.00552793826188 0.000131567009041 -0.00642089867124 -0.00359074558655 0.0109979901386 -0.00292470402995 0.00340148431431
internal_count=0
leaf_count=0

Tree=113
num_leaves=44
num_cat=0
split_feature=8 18 24 0 27 27 4 21 4 8 24 4 14 1 26 17 18 8 4 0 5 16 6 18 5 17 4 5 18 18 0 4 27 2 0 21 11 2 5 3 27 16 13
threshold=5.78091457570 -0.00160955250128 0.0584794831257 234.090000000 0.0278189743109 0.168199549713 1.83224003965 -0.385733940842 2.50530408888 1.95929095360 0.622373573169 2.25209925072 -0.172438734032 273.061000000 0.253252651092 3.20679567615 -0.00159423499180 0.324896492211 0.00000000000 121.238000000 -1.20383396889 1.16278930089 0.0116888600164 -0.00158785582460 0.00457327276872 1.30954229552 0.870996751103 -0.393961159858 -0.00156479413427 -0.00157720745908 18.2220000000 -7.39066020556 0.806799974918 -106.654106600 182.305000000 -0.140755310962 1.70185520184 18.6897700000 -1.20383396889 -0.185421340445 1.25755586026 1.21319692289 0.300708129292
decision_type=2 2 2 2 2 2 2 2 2 2 2 2 2 2 2 2 2 2 2 2 2 2 2 2 2 2 2 2 2 2 2 2 2 2 2 2 2 2 2 2 2 2 2
left_child=1 2 3 4 -1 -2 7 -4 -6 10 11 -8 -10 14 -12 -14 17 18 19 -16 21 -19 -21 24 25 -23 -25 28 -27 -29 -31 32 33 -32 -33 36 -35 38 -38 -39 41 -41 -43
right_child=30 16 9 6 5 -3 8 -5 -7 13 12 -9 -11 15 -13 -15 23 20 -18 -17 22 -20 -22 27 26 -24 -26 29 -28 -30 31 37 35 34 -34 -37 -36 40 39 -40 42 -42 -44
leaf_value=0.00613448962957 -0.00776220935546 0.000195724218695 -0.000849634847730 -0.00522287660958 0.00494524525614 -0.0000782635054196 -0.00278534957596 0.00117759195147 -0.000754889514458 -0.00965686204260 -0.000389649822378 -0.00748660953140 0.00949283667607 0.00119548055325 0.00505574956628 -0.00385659286017 -0.0146412219391 0.0178284332267 0.000881371856549 -0.00372781117187 0.00206113597172 -0.00479067144813 -0.000701770140041 0.00241722060962 -0.00208403901942 0.00210491830084 0.000222225200921 -0.00131473642887 -0.0000340885701731 -0.00749627083818 -0.000225348212047 -0.00954705914264 -0.00128262994240 0.000345540617617 0.00798612961910 -0.00511072464715 -0.00191153945479 0.00442440697036 0.0117952834040 -0.00329639154426 0.00186682817066 -0.0107884067628 0.000140928308679
internal_count=0
leaf_count=0

Tree=114
num_leaves=56
num_cat=0
split_feature=11 15 0 5 10 2 4 21 4 11 1 4 8 4 17 8 7 8 1 8 17 9 7 4 18 16 20 17 18 17 2 6 6 4 18 21 6 4 21 4 3 18 5 8 4 10 17 0 18 18 27 4 18 27 18
threshold=-1.16422746747 0.00318810887026 83.5350000000 -0.796380558739 -0.897475271767 -14.9387866800 1.40635495873 -0.140755310962 -2.49781441239 -1.32164092676 56.3800000000 0.00000000000 1.46063275777 1.02357174745 1.84679532749 2.03974991587 1.16971800994 0.980781075971 112.702000000 3.31748176198 1.60679307713 -0.0825843287577 0.943444322986 -2.01525026774 0.00154011680964 0.802009699559 -0.831635988453 2.06774676726 -0.00154491930138 0.00540256988241 1.37948000000 0.206577060851 0.0654903557669 0.659270998415 -0.00155073404673 2.97696870460 0.119807697741 0.659270998415 1.97767629273 -2.24318926726 1.09962531636 -0.00153022188254 0.0933712367152 0.870300163973 -2.49781441239 -0.116705049084 3.44440800215 159.143000000 0.00154664710816 0.00154011680964 2.34478566203 2.79745262504 0.00155306754124 3.66124994643 0.00155754263487
decision_type=2 2 2 2 2 2 2 2 2 2 2 2 2 2 2 2 2 2 2 2 2 2 2 2 2 2 2 2 2 2 2 2 2 2 2 2 2 2 2 2 2 2 2 2 2 2 2 2 2 2 2 2 2 2 2
left_child=1 2 3 -1 5 -2 -4 8 9 -6 -8 12 -10 -12 15 16 17 -14 -16 20 -18 22 23 -21 -23 26 -25 -27 29 30 31 32 -29 -32 35 36 -34 -36 39 -38 -40 42 43 44 -42 -44 47 -46 49 50 -49 -51 53 -53 -55
right_child=28 14 7 4 6 -3 -5 11 10 -7 -9 13 -11 -13 21 19 18 -15 -17 -20 -19 25 24 -22 -24 27 -26 -28 41 34 33 -31 -30 -33 38 37 -35 -37 40 -39 -41 48 46 45 -43 -45 -48 -47 52 51 -50 -52 54 -54 -56
leaf_value=0.00703331169954 -0.00476984432965 0.00141756825339 -0.00544915816745 -0.0168416501269 -0.00201112277512 0.00162414377968 -0.00341318951900 -0.0108881832570 0.0107099980992 0.000360730431213 -0.00715468616519 -0.000355717904158 -0.00170990198552 0.000662330255453 -0.000144300875035 -0.00412599116185 0.00619020346231 0.000317170557188 -0.00767971005365 0.000170567412076 -0.00871815060877 -0.0000605352511370 -0.00160999600821 -0.00847558931304 -0.00129586032235 0.00216829444842 0.000273021750441 0.00303078094399 -0.00432552294372 0.00677411091907 0.0106428750655 0.00272437957024 -0.000454471156071 0.000303475357983 0.00361240584362 0.000418145732832 -0.000629564633425 0.00434642010060 -0.0131367462091 0.000392246703770 0.0000969860123900 -0.00867143370127 -0.00416471000176 0.000202092721702 0.00262738326237 -0.000653175554478 -0.00539634825980 -0.0000882800095741 0.000704560662485 -0.00280418833957 0.00165184029903 0.00323780949481 -0.00347632681016 -0.00118156373584 0.000140566270945
internal_count=0
leaf_count=0

Tree=115
num_leaves=50
num_cat=0
split_feature=18 18 20 20 22 6 24 1 24 4 16 21 16 17 21 0 8 5 17 4 3 2 1 21 4 4 1 5 27 7 1 10 11 0 5 17 22 20 15 5 19 25 6 24 15 11 7 4 27
threshold=0.00159667916222 0.00156589579303 2.49514349654 1.08368004138 0.000107152812217 1.23435599487 -1.16988580785 98.6220000000 0.0707243961851 -1.38995274003 4.37162629225 0.127738923683 3.47686201287 1.40218316710 -0.114930635698 154.113000000 0.217266119482 -1.20383396889 0.00540256988241 1.40635495873 -1.48111798235 -23.7926516600 202.367000000 -0.385733940842 3.39433786400 3.09490633225 192.856000000 -1.20383396889 1.15557275844 1.33388401413 164.626000000 -0.469379876046 -2.00313826039 60.4850000000 -1.74418511906 2.15030088400 0.00159708665848 -0.831635988453 1.24556290727 0.399885807796 0.557993530081 0.599000000000 0.899664130528 1.15137611936 0.00378931643287 -1.16422746747 1.33388401413 1.40635495873 0.974671384752
decision_type=2 2 2 2 2 2 2 2 2 2 2 2 2 2 2 2 2 2 2 2 2 2 2 2 2 2 2 2 2 2 2 2 2 2 2 2 2 2 2 2 2 2 2 2 2 2 2 2 2
left_child=1 2 3 4 5 -1 -3 8 -5 -7 11 12 -9 -11 -13 -14 17 -16 -17 -18 21 22 -20 -22 25 -24 -26 28 29 -28 -29 32 -31 -33 -34 36 37 -36 -37 40 -39 -41 43 44 -43 -45 47 -47 -49
right_child=27 16 10 7 6 -2 -4 9 -6 -8 14 13 -10 -12 15 -15 20 18 19 -19 24 23 -21 -23 26 -25 -27 35 31 30 -30 33 -32 34 -35 42 39 38 -38 41 -40 -42 46 45 -44 -46 48 -48 -50
leaf_value=0.000115374002939 0.00103930380866 -0.00747601193156 -0.000149442980859 -0.000766731597124 0.000924028041852 0.00214469613444 0.000524228697158 -0.00138936678168 -0.00606393367547 -0.00604693032949 0.0000734695261089 0.00677911859847 -0.000518626208373 0.00316346095075 -0.00772641885219 -0.00278666064455 0.00781830572163 0.00131928679716 -0.000979507977014 0.00179637609386 0.00476826432814 0.000870828484506 -0.00222870197089 -0.0105056599985 0.000263527200854 -0.00251991066806 0.0123778893805 -0.000691947123052 0.00829864473151 -0.00204466266839 0.00859450897673 -0.00769146796770 -0.000807373478238 0.00679899153266 0.00556600085278 -0.00124589012365 0.00331705020659 0.000804321242714 0.00343109878051 0.00129852372189 -0.000509447258992 0.00404016155875 -0.00127446172101 -0.00361415164509 0.00193014661251 0.00807592866517 -0.0000174962569526 0.00111338639313 -0.000575712448067
internal_count=0
leaf_count=0

Tree=116
num_leaves=51
num_cat=0
split_feature=26 6 5 15 19 19 19 12 19 4 7 5 5 4 7 2 17 14 7 1 23 2 20 27 9 27 11 16 13 20 2 21 14 17 12 25 10 6 11 8 19 4 5 7 0 16 5 7 1 17
threshold=0.113892321583 1.04565212535 0.00457327276872 0.00440617307625 -0.00154708187927 -0.00155511297062 -0.00153822465210 7.49978807662 0.557993530081 0.158891522888 0.0200690351546 0.306780322033 0.168877160827 -0.830535944376 0.197982388258 -12.0792482300 0.435043482504 -0.195106916204 1.16971800994 126.784000000 0.339756811815 -33.7232243500 -0.485957918848 1.04719817578 -0.00794605181431 0.372173462898 -1.32164092676 1.80765683408 -0.192463184959 -2.52720654279 -28.2444090000 -3.34390898630 -0.0921936898604 0.00661237557012 -0.674051327494 0.200000000000 0.353017959938 0.389458603488 0.170392870571 0.461264166988 1.61392653345 7.56853682001 -0.166548407827 0.371493143891 215.453000000 0.00511935297902 -0.393961159858 0.394934762368 174.138000000 0.378015240471
decision_type=2 2 2 2 2 2 2 2 2 2 2 2 2 2 2 2 2 2 2 2 2 2 2 2 2 2 2 2 2 2 2 2 2 2 2 2 2 2 2 2 2 2 2 2 2 2 2 2 2 2
left_child=1 2 3 4 5 -1 -3 8 -5 -7 11 12 -9 -11 15 -13 -15 18 19 20 -17 22 -20 -22 25 26 -24 -26 29 -28 -30 32 33 -32 35 -33 -35 38 -37 40 41 42 -40 44 45 -44 -46 48 -48 -50
right_child=31 17 10 7 6 -2 -4 9 -6 -8 14 13 -10 -12 16 -14 -16 24 21 -19 -18 23 -21 -23 28 27 -25 -27 30 -29 -31 39 37 34 36 -34 -36 -39 -38 43 -43 -42 -41 47 46 -45 -47 49 -49 -51
leaf_value=0.000850231727233 0.00317320300861 -0.00203034885159 0.000261104302666 -0.000393826480702 0.00145419708845 0.00428924938336 0.000722244391296 0.00149578743606 -0.00490545025022 0.00731523463183 0.000992792187353 -0.00202681577847 -0.000384735250540 0.000505535148477 -0.000196280774491 0.00239986834320 -0.00104049966865 0.00901813178581 0.000368116168393 -0.00153807649906 -0.00500562543519 -0.000983454580888 0.000204910542589 0.00929179395487 -0.000822041313620 0.000692379001680 0.00107346953953 0.00791535518345 -0.00228796218411 0.00156045980685 0.00442336087769 0.00165320329055 -0.00144896483166 -0.00627378160455 -0.000171837132951 -0.00738234564160 0.00236391310470 -0.0100342706155 -0.000192886837120 0.00359000672354 -0.00554363059675 -0.00810082407761 -0.00966460634821 -0.00197124650137 -0.00460473852112 0.00156226343581 0.000427794483133 0.00804518093409 0.00142477865617 -0.000313378194740
internal_count=0
leaf_count=0

Tree=117
num_leaves=48
num_cat=0
split_feature=9 25 11 27 27 11 21 21 4 13 18 17 21 16 20 26 17 27 9 14 4 14 3 25 5 4 25 10 0 7 14 23 4 4 11 21 15 5 3 16 4 17 14 0 0 21 17
threshold=-0.00558869786893 0.801000000000 0.0652088757636 1.34070540954 1.12749571311 0.00725084590147 0.267802785389 -0.0197106873088 -0.305730526963 0.505841314079 -0.00153022188254 0.952986898659 -0.449875770686 2.29119258579 0.621832540497 -0.00195984232731 3.75413257975 0.857579980236 -0.00383599789711 -0.134400627271 -2.01525026774 -0.195106916204 -3.72897587868 0.600000000000 0.0691158430716 2.50530408888 0.799000000000 -0.0773258472409 93.0430000000 0.695256419878 0.321925094813 0.0350978789232 -0.479567608098 -1.79145888008 2.88769764397 -0.0383516807272 2.12897563595 0.914060499894 -1.67473994434 0.00468618163054 -0.305730526963 0.0598907368742 0.0610565794768 210.530000000 135.374000000 -0.0753843856169 0.00540256988241
decision_type=2 2 2 2 2 2 2 2 2 2 2 2 2 2 2 2 2 2 2 2 2 2 2 2 2 2 2 2 2 2 2 2 2 2 2 2 2 2 2 2 2 2 2 2 2 2 2
left_child=1 2 3 4 5 -1 -3 8 -5 -7 11 12 -9 -11 15 -13 -15 -17 19 20 21 22 -19 24 -22 26 27 -25 -27 30 -29 -31 33 34 35 -33 -35 38 -37 -39 41 42 -41 -43 45 -45 -47
right_child=18 17 10 7 6 -2 -4 9 -6 -8 14 13 -10 -12 16 -14 -16 -18 32 25 23 -21 -20 -24 -23 29 28 -26 -28 31 -30 -32 40 37 36 -34 -36 39 -38 -40 44 43 -42 -44 46 -46 -48
leaf_value=-0.000331387841043 -0.00165690598333 -0.00174346702402 0.000802612402833 -0.000225523436329 -0.0101841660105 0.00227166148035 0.0000327046319095 0.000241430839370 0.00420981180072 -0.000305563947238 0.00187661830522 0.000371778908045 -0.00312424512642 -0.00125485394334 0.00121065967999 0.00897893906904 -0.000748271044196 -0.000334839573301 0.00325683638516 -0.00588993121195 -0.00663405530940 0.000979439080690 -0.00991608897540 0.00686453945391 0.00290610142635 0.00272709130927 -0.00477437311305 -0.00858670868694 -0.000332356276378 0.0000675671526167 0.00507449546811 -0.00000966712369248 0.00721881632433 -0.00300253204383 0.00284142451038 0.00341436255544 0.000637412341392 0.00848663602015 -0.00383011919369 -0.00953255412659 0.00474028037483 -0.00247188507191 0.00226252171854 -0.00448068750843 -0.000219607890144 0.00412684879791 0.000206413200864
internal_count=0
leaf_count=0

Tree=118
num_leaves=56
num_cat=0
split_feature=25 21 3 1 4 2 23 20 9 17 0 2 5 17 14 18 3 8 4 4 13 4 21 17 4 0 3 26 26 26 8 26 17 26 27 7 3 12 21 2 6 26 0 13 4 2 3 26 22 21 14 17 12 0 7
threshold=1.00100000000 0.0503404796097 0.104779155579 4.82100000000 -1.79145888008 -45.4388814100 -0.0584332597492 1.83210679619 0.0152998813552 3.20679567615 271.827000000 2.11568500000 -0.166548407827 0.00700539996511 0.0498673096261 -0.00155852915906 -0.607663825342 0.182737938385 0.318412943747 1.59184062530 -0.116271217115 0.659270998415 9.58343220945 0.0598907368742 0.502165393317 182.305000000 0.0197968860418 0.0000407936617819 -0.0000180481529721 -0.000458447724228 0.0549097436261 -0.00277921971992 0.00605813935177 -0.000225052876335 6.39023125907 0.00000000000 -3.40612058658 0.0680538427705 0.0835141761351 3.89448722000 0.00000000000 0.00519290995316 135.374000000 3.93513052957 1.59184062530 -23.7926516600 -5.81891398744 0.0194789325980 0.00156232960791 -0.330247425293 -1.07692945853 0.00747273759650 -0.487415277274 168.209000000 0.157868830442
decision_type=2 2 2 2 2 2 2 2 2 2 2 2 2 2 2 2 2 2 2 2 2 2 2 2 2 2 2 2 2 2 2 2 2 2 2 2 2 2 2 2 2 2 2 2 2 2 2 2 2 2 2 2 2 2 2
left_child=1 2 3 4 5 -1 -3 8 -5 -7 11 12 -9 -11 -13 -14 17 -16 -17 -18 21 22 -20 -22 25 -24 -26 28 29 30 31 -28 -30 34 -32 -34 -36 38 -37 -39 41 42 43 -41 -43 46 -45 -47 49 50 -49 -51 53 -53 -55
right_child=27 16 10 7 6 -2 -4 9 -6 -8 14 13 -10 -12 15 -15 20 18 19 -19 24 23 -21 -23 26 -25 -27 40 36 33 32 -29 -31 35 -33 -35 37 39 -38 -40 48 45 44 -42 -44 47 -46 -48 52 51 -50 -52 54 -54 -56
leaf_value=-0.0000810653610421 -0.00183405529382 -0.00733503093475 -0.00299763152587 -0.000154609864583 0.000524586295593 -0.00159388137178 0.000308584668907 -0.00110058840932 -0.00542152397497 0.00371250711783 -0.00101133906563 0.0135799061213 -0.00551003508337 0.00479897553616 0.0135154285155 -0.00561272421521 0.00756022365327 -0.000553344295316 -0.00475804963513 0.00849864830298 -0.0165723737893 -0.00260843429890 0.00273637265823 -0.00190994436224 -0.00347514016089 0.0000489749641900 0.00102497624426 0.0111185603127 0.00419310187768 0.000441813998278 -0.00249779823152 -0.0322526945296 0.0110738591856 -0.000165932285834 -0.00668882134233 0.0106373747987 -0.000205101680999 -0.00695414425390 0.00570570654715 -0.0105938865341 -0.0277907189337 -0.00783508372546 0.00592378578654 -0.00241486443609 0.0187628796428 -0.0111440084774 -0.000419573202637 -0.00102087125531 0.00148721871955 -0.00261750685760 -0.000221935247033 0.00830422115106 0.000509139262079 0.00658682785567 -0.000196641611322
internal_count=0
leaf_count=0

Tree=119
num_leaves=52
num_cat=0
split_feature=20 21 6 2 14 2 14 1 13 22 7 0 21 5 14 2 14 27 25 17 14 4 0 4 8 5 21 27 4 16 8 17 1 14 16 27 6 21 5 1 14 5 0 21 15 7 19 4 1 4 19
threshold=-2.15757466062 0.373831299355 0.00184896452653 15.1871396600 5.56117562990 -16.4956220800 0.530166380602 291.709000000 -0.334741266929 -0.499220800572 0.634608390115 238.752000000 0.513472264083 -0.0729366458646 0.321925094813 70.4954267700 0.362963520416 1.76673829003 0.200000000000 2.68019417816 0.465061805457 -0.479567608098 55.2350000000 -1.18771476102 0.694727712835 -0.244857038213 -0.0753843856169 0.0207346520598 -0.997527256379 0.758833152912 2.12476563595 3.44440800215 4.82100000000 -0.344703051085 0.597038160528 0.904692655707 0.0395259898797 -3.34390898630 -0.627935832879 112.702000000 0.175391712368 0.248909684195 46.3960000000 -10.0000000000 0.00350126659057 2.02963360760 -0.00155511297062 0.502165393317 235.178000000 0.318412943747 0.00154619919535
decision_type=2 2 2 2 2 2 2 2 2 2 2 2 2 2 2 2 2 2 2 2 2 2 2 2 2 2 2 2 2 2 2 2 2 2 2 2 2 2 2 2 2 2 2 2 2 2 2 2 2 2 2
left_child=1 2 3 4 5 -1 7 8 -5 -7 -9 12 13 14 -11 -14 -15 18 19 -17 -19 22 23 24 25 -22 -24 28 -26 -28 31 32 -30 -32 35 -34 -36 38 39 40 -38 42 -41 -43 45 46 -45 -47 49 -49 -51
right_child=21 11 6 -4 -3 -2 10 9 -6 -8 -10 17 15 -13 -12 16 -16 -21 20 -18 -20 37 30 27 26 -23 -25 29 -27 -29 34 33 -31 -33 36 -35 -37 44 41 -40 -39 43 -42 -44 48 47 -46 -48 50 -50 -52
leaf_value=-0.00449853166277 0.00910440503764 -0.00590623148851 0.0121632758213 0.0000850415890768 -0.00108737257263 0.00795775858300 0.00131800535641 -0.0144731660482 -0.000773751048180 -0.000617964342862 0.00486566316667 0.00668297751085 -0.00196106631452 0.00403493082182 0.000989155796812 -0.00344814773798 0.00100471493394 0.00357975536008 0.000656995937994 -0.00556059960375 -0.00153182656796 -0.00754956737724 0.00160356867996 -0.00112077068009 -0.0133009897710 0.000965380507187 0.00480157764488 0.00132183905168 -0.00161974649244 0.000219921426651 -0.00141959974997 0.0110891265399 -0.00210102967759 -0.00851944885692 -0.00455454412328 -0.000234355764034 0.0149149059748 0.00847615745348 -0.00303078920749 0.00249358850388 -0.00933143156347 -0.0102751235953 0.00548864661510 0.00108506595246 -0.0000212015968730 0.0113768602649 0.00237108011579 -0.000865508240749 0.0000900594290476 -0.00176072896856 -0.000105468145834
internal_count=0
leaf_count=0

Tree=120
num_leaves=54
num_cat=0
split_feature=18 18 21 4 27 14 18 21 25 27 5 0 17 4 18 21 4 0 5 5 8 5 8 3 8 8 18 5 7 3 4 2 12 20 14 7 24 25 8 9 7 5 7 27 7 4 17 0 27 9 22 20 1
threshold=-0.00154491930138 -0.00155073404673 2.97696870460 -1.38995274003 0.904692655707 -0.246854419237 -0.00155852915906 -0.0937182312575 1.40000000000 0.0207346520598 1.14971668305 78.9460000000 0.00747273759650 3.09490633225 -0.00156045190769 -6.46944371215 -1.18771476102 125.862000000 -0.393961159858 -0.498997987210 0.217266119482 -0.00816675045514 0.116344416679 -1.48111798235 1.14056962752 0.526993947639 -0.00153022188254 0.0933712367152 0.664657344473 -1.29557689674 -2.76650163521 24.9135837700 0.811713542607 0.0312378953149 0.362963520416 0.0874058316203 0.171450022015 0.200000000000 2.32101311946 0.00384632091066 0.103430781372 -0.166548407827 0.0716370092347 0.0730026347026 0.177110172640 -0.479567608098 0.00661237557012 8.29100000000 0.00508245738112 0.0281572412320 -0.0370284386375 0.00155677277958 211.316000000
decision_type=2 2 2 2 2 2 2 2 2 2 2 2 2 2 2 2 2 2 2 2 2 2 2 2 2 2 2 2 2 2 2 2 2 2 2 2 2 2 2 2 2 2 2 2 2 2 2 2 2 2 2 2 2
left_child=1 2 3 4 5 -1 -3 8 -5 -7 11 12 -9 -11 -13 16 17 18 -15 -17 21 -20 -21 24 -23 -25 27 28 29 30 -27 -29 33 -31 -33 -35 37 -36 -38 40 41 42 -40 -42 45 -44 -46 48 -48 -49 51 -51 -53
right_child=26 15 10 7 6 -2 -4 9 -6 -8 14 13 -10 -12 -14 20 -19 19 -16 -18 23 22 -22 25 -24 -26 39 35 32 31 -28 -30 34 -32 -34 36 38 -37 -39 47 44 43 -41 -43 46 -45 -47 50 49 -50 52 -52 -54
leaf_value=0.000298670263749 0.00190820410770 0.000120508411477 -0.00231279065626 -0.00206130078611 0.00458545960067 0.00354821719216 -0.000193285524250 -0.00905754592321 0.0000606531387315 0.00258508901711 0.000289101383434 0.00557124744197 -0.0114369242748 0.0125318210977 0.00389454044961 -0.00633468007687 0.00278614556105 0.0192152975414 0.00145027599352 -0.00852102309356 -0.0165052093991 0.00342121297186 -0.00392467360834 -0.00234423128285 0.00379801874380 -0.00248651825367 0.00483942536264 -0.0113105229197 0.000787942119238 -0.00386929968069 0.000508207852233 0.00722103714740 0.00107954405073 0.00644815117965 -0.00297168855342 0.000615818435396 0.00719461302221 0.000222612823209 0.000189182045357 0.00387866643617 -0.000989965700823 0.000141396601444 0.000168943334636 -0.00171140996883 0.000775725905468 -0.000159566305835 0.00559787135188 -0.00596335648915 -0.00125014642946 0.000477452661325 -0.000318483169295 0.000265852945784 0.00138300942807
internal_count=0
leaf_count=0

Tree=121
num_leaves=56
num_cat=0
split_feature=15 15 15 5 19 19 0 4 14 8 14 8 17 1 14 19 2 14 4 19 3 19 5 13 8 14 1 15 15 8 21 15 2 13 5 5 5 6 11 13 4 4 4 20 21 15 8 8 0 21 14 2 4 16 4
threshold=0.00308703356193 0.00271080920615 0.00269821893880 -0.273239054352 0.00154619919535 0.00000000000 60.4850000000 2.50530408888 0.0957098816160 2.03974991587 -0.0804062324948 0.289965575203 0.00661237557012 263.432000000 0.611671079234 0.00155958358006 13.6481808300 -0.152147045261 -3.04151162357 -0.00158519755211 -6.40390201722 0.00158269519046 0.644322682776 -0.428946624771 1.05954387796 0.362963520416 183.135000000 0.00275813030268 0.00275813030268 3.31748176198 -0.240284137060 0.00311747346162 -12.0792482300 -0.163582134964 0.833540815858 -1.20383396889 0.277780453750 0.000193551714386 0.0485677767670 -1.50276927503 1.40635495873 -0.479567608098 -0.639250279769 2.11691761492 -0.0383516807272 2.12897563595 2.32101311946 1.74197710417 135.374000000 -3.34390898630 0.122383999960 -4.96239504000 0.318412943747 0.00678402246635 0.502165393317
decision_type=2 2 2 2 2 2 2 2 2 2 2 2 2 2 2 2 2 2 2 2 2 2 2 2 2 2 2 2 2 2 2 2 2 2 2 2 2 2 2 2 2 2 2 2 2 2 2 2 2 2 2 2 2 2 2
left_child=1 2 3 4 5 -1 -3 8 -5 -7 11 12 -9 -11 15 -13 -15 18 19 20 -17 -19 23 -21 25 26 -24 -26 29 -28 -30 32 33 34 35 -32 37 -36 -37 -39 -40 42 43 44 -42 -44 47 -46 -48 50 51 -50 53 -53 -55
right_child=31 17 10 7 6 -2 -4 9 -6 -8 14 13 -10 -12 16 -14 -16 24 22 21 -18 -20 -23 -22 28 27 -25 -27 30 -29 -31 41 36 -35 -34 -33 39 38 -38 40 -41 49 46 45 -43 -45 48 -47 -49 52 -52 -51 54 -54 -56
leaf_value=0.000409704652224 -0.00526274359123 0.00702098382809 0.00239270147180 -0.000232894432564 -0.00259154836819 0.000161833735619 0.00252881437087 0.00157325266937 -0.00408940706041 0.000654872001998 -0.00816772462574 0.00420562719579 0.000418792728661 -0.00522090042692 0.000603769952362 -0.00118862444794 0.00598857160000 -0.00240185199830 0.00232076471956 0.00399831565885 -0.00277396531994 0.0117681800545 -0.0100005865485 -0.00369766601310 0.00123761518397 -0.00334878564711 -0.00144056946610 -0.0100474491351 -0.00468488937171 0.00187909412230 0.00783857241181 -0.000404930737754 -0.00725270549375 -0.0108101203773 -0.00838119130360 0.00368705959378 0.00157069379358 0.00938023187309 -0.00360503039419 0.000828540621631 0.000126529666160 0.00293612383862 -0.00164072924463 0.00200568551420 0.00177843418986 0.00831259957208 -0.000822034285372 -0.0106941095031 0.00290932309091 -0.00900816173166 0.00787815901514 0.000455239147504 -0.00124048285892 0.00225980680331 -0.00000491060018284
internal_count=0
leaf_count=0

Tree=122
num_leaves=60
num_cat=0
split_feature=18 18 22 24 15 11 27 6 1 15 18 1 6 26 18 15 9 7 0 13 15 4 16 6 20 4 0 5 16 15 3 18 17 21 2 7 4 4 17 5 17 14 23 17 1 18 13 3 14 4 4 0 16 18 12 18 10 11 7
threshold=0.00154664710816 0.00154011680964 -0.0370284386375 -0.118271061279 0.218472159824 0.620467063837 0.298085911317 0.683638509503 47.1440000000 0.00413104659530 -0.00159423499180 98.6220000000 0.00663095217420 0.0761659981419 -0.00158785582460 0.442052571947 0.0208411115299 0.304318851811 210.530000000 -0.932943751839 0.00310916291601 2.79745262504 0.00561250552878 0.0344196771918 0.00000000000 1.22940533169 168.209000000 0.399885807796 1.43254279506 0.00220179579618 2.93284992940 0.00155306754124 1.72231749380 0.883342274276 -8.26659301999 0.139276557418 -0.0711180789270 0.870996751103 0.633984141587 0.117815535474 2.68019417816 -0.104885737466 0.0264532291768 2.06774676726 221.054000000 0.00155754263487 1.16832022541 -4.84858356806 -0.648374684503 -0.0711180789270 1.40635495873 219.991000000 0.00561250552878 0.00155893004949 0.0680538427705 0.00156128049378 -0.398769754454 -1.02384054815 0.139276557418
decision_type=2 2 2 2 2 2 2 2 2 2 2 2 2 2 2 2 2 2 2 2 2 2 2 2 2 2 2 2 2 2 2 2 2 2 2 2 2 2 2 2 2 2 2 2 2 2 2 2 2 2 2 2 2 2 2 2 2 2 2
left_child=1 2 3 4 5 -1 -3 8 -5 -7 11 12 -9 -11 15 -13 -15 18 19 20 -17 -19 23 -21 -23 26 27 -25 -27 -29 -30 32 33 34 35 -32 -34 -36 -37 40 41 -39 -41 -43 -44 46 47 48 -46 -48 -50 -51 53 54 -53 -55 57 -57 -59
right_child=31 17 10 7 6 -2 -4 9 -6 -8 14 13 -10 -12 16 -14 -16 25 22 21 -18 -20 24 -22 -24 29 28 -26 -28 30 -31 45 39 37 36 -33 -35 38 -38 43 42 -40 -42 44 -45 52 50 49 -47 -49 51 -52 56 55 -54 -56 58 -58 -60
leaf_value=0.00139669340297 -0.00131345786113 0.00425627402228 -0.000168389923079 0.000413198915740 -0.00103915408716 0.00266121436738 -0.000212512985269 -0.0113847075379 -0.000179141447305 0.00164607167589 -0.00469386648616 -0.00225391774719 0.000519093629471 0.0000164314683556 0.000918401353340 0.00297334852457 -0.00549461312599 -0.00838744471318 -0.000322547936831 -0.00727297597166 -0.00152048426125 -0.000893595068593 0.00466522998716 -0.00389743679747 0.00215826044215 0.0000934594577068 0.00594753520873 -0.00389195235363 0.00502426817356 0.000912805733852 0.0101615114612 0.00117829977479 0.0141808109271 0.00327859431508 -0.0101115585327 0.00438565002025 0.000315400184293 -0.000213921896663 0.00614795139628 0.000150779163763 -0.00745296077719 -0.00838181422938 -0.00200503307963 0.00672174373503 -0.00152467612938 0.00589347696127 -0.00457365704700 -0.00143748615898 -0.00268913104322 0.00629148883750 0.00174769791366 0.00110018194278 0.00737773992867 -0.00186641128352 0.00102966438728 0.0000318591082262 0.00169183000732 0.000528388077856 -0.000231632329446
internal_count=0
leaf_count=0

Tree=123
num_leaves=54
num_cat=0
split_feature=6 17 5 5 5 16 8 8 4 8 4 2 4 4 16 2 17 14 14 27 7 14 8 3 16 6 4 15 5 16 27 21 15 8 10 4 25 22 27 15 12 4 10 6 18 13 26 20 25 16 25 25 5
threshold=1.35628179832 0.435043482504 1.14971668305 0.595046607112 0.507910221844 0.304743954612 0.559693433615 0.148162087887 2.79745262504 0.593789644014 3.09490633225 9.52968432000 1.22940533169 4.09441681037 0.00540826492897 15.1871396600 0.487455161116 0.108432265917 0.0498673096261 1.38911079043 0.521223548228 0.321925094813 0.799551943830 1.29108446040 0.00540826492897 0.640235695571 1.22940533169 0.00440617307625 -0.733153937861 0.379917714663 0.606112795198 -1.15887829599 1.24556290727 2.22025006034 1.49869421225 -3.61082322397 0.200000000000 0.0894069332384 0.779453849825 0.747807325827 0.288969848626 -2.01525026774 1.04855680553 2.66113339578 0.359028873727 0.262546376222 0.0931925329728 -2.52720654279 0.200000000000 2.29119258579 0.401000000000 0.200000000000 -2.45930946378
decision_type=2 2 2 2 2 2 2 2 2 2 2 2 2 2 2 2 2 2 2 2 2 2 2 2 2 2 2 2 2 2 2 2 2 2 2 2 2 2 2 2 2 2 2 2 2 2 2 2 2 2 2 2 2
left_child=1 2 3 4 5 -1 -3 8 -5 -7 11 12 -9 14 -12 -14 17 18 19 -16 -18 22 -20 -22 25 26 -24 28 -27 -29 31 -31 33 34 -32 -34 -36 -37 39 40 41 -39 -41 44 -43 -45 47 48 -47 -49 51 -51 -53
right_child=30 16 10 7 6 -2 -4 9 -6 -8 13 -11 -10 15 -13 -15 24 21 20 -17 -19 23 -21 -23 27 -26 -25 29 -28 -30 38 32 36 35 -33 -35 37 -38 46 43 42 -40 -42 45 -44 -46 50 49 -48 -50 52 -52 -54
leaf_value=0.00000683891753222 0.00163752606674 -0.00415954585784 0.00303213311515 0.00565888750116 -0.00135324795735 -0.000360111721531 0.00294285397398 -0.00601765615240 0.00270083459381 -0.0314177811853 0.0106267385103 0.00530963795426 -0.00971502448226 0.00256620795264 -0.000676138073054 -0.00575632936789 0.00489681752190 0.0156710149032 -0.0139589387455 -0.000521171253374 -0.00963435965276 0.000677631615229 -0.00144150011836 0.000103908237442 0.00730514640487 0.00149550438035 -0.0000173313140210 -0.00100140060994 -0.000183279865237 -0.00613729777821 -0.00245622015772 0.00666089048236 -0.000349346555601 0.00614958973707 -0.00502935532422 -0.00173755647708 0.00703228645748 -0.00110999980245 -0.00661268260843 0.00295024403403 -0.00119072537591 0.00179371715913 -0.00401459658108 -0.00327779891567 0.00253170933591 -0.00136267946826 0.000286239854302 0.000507988540415 0.00205496906345 -0.000448533752317 0.00161882519281 -0.00821190143123 -0.000900812861763
internal_count=0
leaf_count=0

Tree=124
num_leaves=48
num_cat=0
split_feature=7 8 10 5 4 19 13 27 11 5 0 19 26 14 8 25 14 2 23 0 8 14 17 18 23 17 1 5 11 3 23 23 20 8 8 17 4 1 7 4 17 6 0 25 27 1 27
threshold=0.219307389626 1.95929095360 -0.0773258472409 -1.40563748412 -2.76650163521 -0.810785053297 -0.258382320721 0.0207346520598 0.348985388616 -0.166548407827 116.865000000 -0.0475823412405 0.00896367478020 -0.0921936898604 2.22025006034 0.400000000000 0.0498673096261 -3.87635164000 0.00212240023808 163.581000000 0.324896492211 0.00260995718382 0.00747273759650 -0.00154491930138 -0.0933684433997 0.0101257926096 131.791000000 0.762860084669 0.471400826725 0.104779155579 0.00638508944162 -0.0933684433997 -2.15757466062 1.40896085350 1.36164823655 1.72231749380 -2.49781441239 287.230000000 0.664657344473 -5.51901401705 0.0598907368742 0.286509426605 74.5930000000 0.200000000000 0.686438671632 211.316000000 1.15557275844
decision_type=2 2 2 2 2 2 2 2 2 2 2 2 2 2 2 2 2 2 2 2 2 2 2 2 2 2 2 2 2 2 2 2 2 2 2 2 2 2 2 2 2 2 2 2 2 2 2
left_child=1 2 3 4 -1 6 -3 -5 9 10 -7 -9 -11 14 -13 -14 17 -16 19 -18 21 22 23 -21 -22 26 -24 -26 29 30 -28 -30 33 34 35 -33 -35 38 -37 -39 41 42 -41 -43 45 -45 -47
right_child=20 13 8 5 -2 7 -4 -6 12 11 -8 -10 -12 16 15 -15 18 -17 -20 -19 32 28 25 24 -23 27 -25 -27 -32 31 -29 -31 40 37 36 -34 -36 39 -38 -40 44 43 -42 -44 46 -46 -48
leaf_value=-0.000577794791206 0.00723854603215 -0.000426923944376 -0.0101199992176 0.00197970158477 -0.00156444841206 0.00144579725516 -0.000300222298925 -0.00332378530912 -0.000263132397153 0.0102882998391 0.00313513896043 0.00422863157794 -0.00819385761700 -0.00126631971840 0.00405685116290 0.0179020091993 -0.00724852734450 0.00256449739161 0.00642800049113 0.00915528071729 0.00736286821039 -0.000480206466333 -0.00166618606004 -0.00956808379434 0.00138651750872 -0.00682231449352 0.0127889048103 0.00329957035864 -0.000863483608380 0.00351854839848 -0.00921561415090 -0.00254415002949 0.000463788618522 -0.00366480144823 -0.0132829366868 -0.00572244293661 -0.000279325869967 -0.00435312464978 0.00527160463751 -0.00340348563330 -0.000424163872770 0.00286944074680 -0.0000178380541903 0.000136378542613 0.00113603947269 -0.000142104989808 0.000261548629621
internal_count=0
leaf_count=0

Tree=125
num_leaves=56
num_cat=0
split_feature=16 5 14 21 3 14 1 20 20 8 11 4 14 3 7 5 4 4 2 5 2 5 16 0 0 17 5 5 5 8 0 1 3 5 21 14 4 8 2 6 4 17 5 5 5 8 4 21 27 5 6 19 0 16 19
threshold=0.00468618163054 0.644322682776 1.00716802096 1.42283266732 0.331081633047 0.0957098816160 244.765000000 -0.00156241089400 -0.00156604562540 0.253504512106 0.0861774501559 0.659270998415 2.55309681460 1.09962531636 0.139276557418 0.0933712367152 4.54865548792 1.83224003965 3.89448722000 1.01580292239 7.03174318000 1.14971668305 0.00442993880026 201.378000000 238.752000000 0.00867734936179 0.168877160827 -0.0508877817085 -0.166548407827 0.324896492211 83.5350000000 258.893000000 -1.10931758721 0.0241368059753 -10.0000000000 -2.69413778997 -1.58282946595 0.253504512106 7.03174318000 0.000193551714386 1.83224003965 0.165506712899 1.14971668305 0.248909684195 -0.867329495381 0.358914747193 2.25209925072 5.03001661694 0.648744838787 -0.0287332794340 0.0997760082483 -0.00158519755211 191.789000000 0.551955333859 2.04799010035
decision_type=2 2 2 2 2 2 2 2 2 2 2 2 2 2 2 2 2 2 2 2 2 2 2 2 2 2 2 2 2 2 2 2 2 2 2 2 2 2 2 2 2 2 2 2 2 2 2 2 2 2 2 2 2 2 2
left_child=1 2 3 4 5 -1 -3 8 -5 -7 11 12 -9 -11 -13 -14 17 18 19 -16 -19 -20 23 -22 -23 26 27 28 29 -26 -28 32 -30 -32 35 36 -34 -36 39 -38 -40 42 43 44 -42 -44 47 -46 49 50 -49 -51 53 -53 -55
right_child=25 16 10 7 6 -2 -4 9 -6 -8 14 13 -10 -12 15 -15 22 20 -18 -17 21 -21 -25 24 -24 41 34 31 30 -27 -29 33 -31 -33 38 37 -35 -37 40 -39 -41 48 46 45 -43 -45 -48 -47 52 51 -50 -52 54 -54 -56
leaf_value=-0.000326366509428 -0.00953660236474 0.00903948693781 -0.000653849998845 -0.000816704189408 0.00746104509450 -0.00568274275556 -0.00181934714275 0.00394006285226 -0.00488978777348 0.0101736087851 0.00196725508966 -0.00686367674626 -0.00188506785363 0.00311648878541 0.00402139899371 -0.00351116774661 -0.0127448919608 0.0161796737289 0.00648853437029 0.000610111744045 0.00195835980682 -0.00818429850944 -0.000348747643637 -0.00715750063362 0.00209206613203 -0.000953071404309 -0.00442580944641 -0.000213269721784 -0.000621614060981 0.00544032721213 0.00199079735693 -0.00364694583546 -0.00142777082988 0.0109993138310 -0.00926444864154 -0.00268693669198 0.0112829443491 0.00147218826138 -0.0115938282644 -0.00133501568576 0.00224642348396 -0.00125611080561 0.00290554789761 -0.000877286499341 -0.0109196790917 0.00142699409943 -0.0185046000857 0.00134727467084 0.000261252331024 0.00131624286468 -0.000364178705713 -0.000928527424269 -0.0000834228179190 0.0000725831268811 0.00140335804757
internal_count=0
leaf_count=0

Tree=126
num_leaves=55
num_cat=0
split_feature=18 18 18 18 5 27 6 7 8 1 12 18 4 6 4 17 8 3 4 21 5 5 8 19 15 11 14 16 4 12 16 0 15 8 0 23 10 13 10 12 27 25 26 22 27 14 17 26 26 17 1 6 1 25
threshold=0.00159667916222 0.00156589579303 0.00154664710816 0.00154011680964 0.595046607112 0.720608573708 0.0251834759676 0.304318851811 0.905362558294 183.135000000 -0.575258646363 0.00155306754124 -1.18771476102 0.000193551714386 0.00000000000 0.0101257926096 0.217266119482 -0.778016571477 -3.94564055199 -0.170981480196 -0.867329495381 -0.244857038213 0.253504512106 0.00158269519046 0.00318810887026 2.88769764397 0.410415384778 0.00605654303156 2.04134410612 0.137522580044 3.47686201287 12.7700000000 0.807179781345 0.324896492211 4.10100000000 0.244785259330 0.0236608052528 0.0689250288460 0.0317599131638 -0.0602925790624 1.90323447151 0.799000000000 0.410868904019 -0.919165638290 1.22101515382 0.155811516099 2.55638958345 0.00134591190193 -0.0603740752148 0.435043482504 145.887000000 0.0116888600164 150.502000000 1.20100000000
decision_type=2 2 2 2 2 2 2 2 2 2 2 2 2 2 2 2 2 2 2 2 2 2 2 2 2 2 2 2 2 2 2 2 2 2 2 2 2 2 2 2 2 2 2 2 2 2 2 2 2 2 2 2 2 2
left_child=1 2 3 4 5 -1 -3 8 -5 -7 11 12 -9 -11 15 -13 -15 18 19 20 -17 -19 23 -21 -23 26 27 -25 -27 -29 -30 32 33 34 -32 -33 -35 -36 39 -38 -39 42 -41 44 45 46 -44 48 49 -48 -50 52 -52 -54
right_child=31 17 10 7 6 -2 -4 9 -6 -8 14 13 -10 -12 16 -14 -16 25 22 21 -18 -20 24 -22 -24 29 28 -26 -28 30 -31 43 38 36 35 -34 37 -37 41 40 -40 -43 -42 47 -47 -46 -45 51 50 -49 -51 53 -53 -55
leaf_value=0.0000851449052785 -0.000209928230402 0.00151023462853 0.0000618116812774 -0.00536735448524 0.00113403773345 0.000777801929102 -0.00219958069087 0.000490025219428 0.00934108745263 0.00346221517946 -0.00130846475653 0.00506115605151 0.000825953851670 -0.00175447172031 0.000962194232906 0.00166180594067 -0.000821215043166 -0.000588166413820 -0.00969746951517 0.0108721896599 -0.000931273233018 -0.00198959334577 0.00173455988021 -0.00521324163901 -0.00165546092431 0.00544641595646 -0.000711777028461 0.00760092592228 -0.000231680072796 0.00755003908683 0.00251669828801 -0.0106812894411 -0.00210277477833 0.000198788284980 0.0103744395182 0.000369377592853 -0.00494819092333 -0.000282469532632 0.00559237411626 -0.00773518752114 0.00390886402467 -0.0117377656549 0.00295071106537 0.00967426675009 0.000290729921862 -0.00286520942120 -0.00629779695546 0.000110901024108 0.000602293904630 0.00225792368095 -0.000473860524900 -0.00893483873282 0.0000716604258991 0.00364088783049
internal_count=0
leaf_count=0

Tree=127
num_leaves=48
num_cat=0
split_feature=18 8 27 14 10 14 25 27 24 10 1 17 14 21 5 25 2 15 11 19 12 1 21 18 14 5 15 13 15 8 13 3 18 5 8 0 17 4 6 16 18 15 5 0 4 18 4
threshold=-0.00160955250128 1.61990213902 0.0239016559244 -0.246854419237 0.00772673598215 -0.308770995518 0.201000000000 0.225868022414 0.144374236484 0.479581654591 47.1440000000 3.75413257975 0.611671079234 -0.282127104250 -0.393961159858 0.199000000000 -68.2682700000 2.12897563595 -1.72367148628 -1.36848487933 0.0680538427705 84.5470000000 0.157267426668 -0.00159423499180 0.122383999960 -1.74418511906 0.00378931643287 0.0851161913645 0.00505867259505 0.253504512106 0.197135840844 3.53806252659 -0.00158785582460 -0.00816675045514 2.32101311946 69.4180000000 3.20679567615 0.870996751103 0.0582155543701 0.551955333859 -0.00155852915906 2.74621096442 -0.581208894231 163.581000000 -1.18771476102 -0.00155675120905 -0.639250279769
decision_type=2 2 2 2 2 2 2 2 2 2 2 2 2 2 2 2 2 2 2 2 2 2 2 2 2 2 2 2 2 2 2 2 2 2 2 2 2 2 2 2 2 2 2 2 2 2 2
left_child=1 2 -1 4 5 -2 -4 -6 -7 10 11 12 -9 -11 15 -13 -15 18 -17 -18 21 -20 -22 24 25 -24 27 -25 -27 -29 -30 -31 33 34 35 -33 -35 38 -37 -39 41 42 -41 -43 45 -45 -47
right_child=23 9 3 7 6 -3 -5 8 -8 17 14 13 -10 -12 16 -14 -16 20 19 -19 22 -21 -23 32 29 26 28 -26 -28 30 31 -32 40 37 36 -34 -36 39 -38 -40 44 43 -42 -44 46 -46 -48
leaf_value=0.00522847317672 -0.00107890073090 0.00252693927408 0.00687923425785 0.000276816793105 -0.00884373610822 -0.000978396522276 -0.00360483824522 -0.00319797314048 0.000886932964336 -0.00117865566289 0.00312011312513 0.00162849811714 -0.000113639957808 -0.00262307126457 0.00199415388714 -0.00770825718493 0.00135956427477 -0.00174950520231 -0.00295239417441 0.00693409176277 -0.00414653738816 0.00118324150206 0.0113616910008 -0.0000173363708717 0.00949859917563 0.00649767699072 0.00208762796912 -0.00941854099332 -0.00782695295604 0.00397250354991 -0.000186652860143 -0.00782402011604 -0.00217494706335 0.00500438105532 -0.00288825247619 0.0109199746326 0.00110206394040 -0.00575088989751 -0.000536717550588 0.00175255957417 0.000208914588137 -0.0108930986026 -0.000352478707102 -0.00406061761796 -0.000122354151613 0.00120876290631 -0.0000102823102978
internal_count=0
leaf_count=0

Tree=128
num_leaves=58
num_cat=0
split_feature=25 9 16 6 4 4 21 18 4 19 19 5 19 25 11 25 19 9 25 21 18 3 18 0 22 6 26 26 7 2 3 2 2 2 15 23 4 5 13 2 5 21 6 1 3 3 4 26 13 2 10 4 26 4 17 19 0
threshold=0.800000000000 -0.00558869786893 0.00468618163054 0.0395259898797 -0.997527256379 -4.68335124869 -0.449875770686 -0.00155675120905 0.870996751103 -0.00156020308895 0.00155400179613 2.26239178944 0.00154619919535 0.200000000000 -0.0755993423174 0.200000000000 -2.84199450681 0.137778095193 0.400000000000 -0.114930635698 -0.00159423499180 5.33009565768 -0.00160955250128 41.1070000000 -0.0370284386375 0.730695836237 -0.00903938535579 0.0000407936617819 0.00000000000 22.5750884000 0.610244943878 0.669401129999 8.24509218000 30.6954064400 0.00312500024077 0.781303863892 -0.479567608098 1.34582779672 0.0541594523738 -19.8935943900 -1.05941677639 -0.0937182312575 0.00000000000 164.626000000 -4.42779173769 -5.81891398744 1.59184062530 0.0151693708084 3.93513052957 3.89448722000 0.00772673598215 -1.38995274003 0.138471412019 -1.18771476102 0.00661237557012 0.00154619919535 149.498000000
decision_type=2 2 2 2 2 2 2 2 2 2 2 2 2 2 2 2 2 2 2 2 2 2 2 2 2 2 2 2 2 2 2 2 2 2 2 2 2 2 2 2 2 2 2 2 2 2 2 2 2 2 2 2 2 2 2 2 2
left_child=1 2 3 4 5 -1 -3 8 -5 -7 11 12 -9 14 -12 -14 17 18 19 -16 21 22 -20 -22 25 -24 -26 28 29 30 31 -28 -30 -32 -33 36 37 -35 -37 40 -39 -41 43 44 45 -43 -45 48 -47 -49 51 52 -51 -53 55 -55 -57
right_child=27 16 10 7 6 -2 -4 9 -6 -8 13 -11 -10 15 -13 -15 20 -19 -18 -17 24 23 -21 -23 26 -25 -27 42 35 33 32 -29 -31 34 -34 39 38 -36 -38 41 -40 -42 50 47 46 -44 -46 49 -48 -50 54 53 -52 -54 56 -56 -58
leaf_value=0.00162181981112 -0.00402315906159 0.00920287317880 0.00106529425040 0.00392000945957 -0.00384070221113 0.00171930374869 -0.00223193324237 -0.0000210925331519 0.00210261129738 0.00602040702801 -0.000822883070461 0.000961722308457 -0.00326016624673 -0.000630536729437 -0.00246764071210 -0.00975992793984 -0.000722944916210 0.00113798989290 0.000664821793005 0.00307146069074 -0.00804917518840 -0.000515416114192 -0.000432910745587 0.000496273838362 0.00289348210538 0.000252091056668 0.00224666037677 -0.0133191856606 0.0161776863967 0.00309199325694 -0.0190131851136 -0.00284083766276 0.00377356140447 0.000427224526350 -0.00698115724432 -0.00168187738388 -0.0000520341077323 -0.00591270441804 -0.000194118768893 0.00592699227630 0.00168535688257 -0.00315861100619 0.0195791130359 -0.00823599434372 0.00280687871139 -0.00936693371360 -0.0242639353880 0.00492186215136 -0.00731687674728 -0.000307111607439 0.00305333796886 -0.00777065627298 -0.00125207558715 0.000287303278498 0.00753884400938 -0.000655870252258 0.000291760716052
internal_count=0
leaf_count=0

Tree=129
num_leaves=52
num_cat=0
split_feature=9 14 15 7 16 0 8 7 18 19 7 11 23 17 4 24 4 1 22 4 1 0 15 6 26 26 14 25 7 26 14 17 11 24 5 17 13 1 6 7 23 12 21 21 14 4 14 12 20 8 8
threshold=-0.000152345229765 1.69106847762 1.15400706730 0.0436599896000 0.00625316516789 266.972000000 0.0549097436261 0.0570090069520 0.00156309251098 0.00159446936099 0.0570090069520 -1.32164092676 -0.337594804827 3.20679567615 1.40635495873 0.00187217615209 2.79745262504 51.8100000000 0.00319672268456 2.25209925072 169.032000000 182.305000000 1.34609371769 0.683638509503 0.0000407936617819 -0.0192472729221 -5.75143146140 16.2040000000 0.00000000000 0.00280748524872 -1.07692945853 0.253534039101 0.911063917435 -0.140687468454 0.762860084669 1.21949253978 -0.709945373641 140.857000000 1.04565212535 0.0874058316203 -1.10479334585 -1.67150094903 0.0648473571345 -0.170981480196 0.197866529736 -17.1227861729 -0.246854419237 -1.05741328486 3.08286712827 2.32101311946 1.40896085350
decision_type=2 2 2 2 2 2 2 2 2 2 2 2 2 2 2 2 2 2 2 2 2 2 2 2 2 2 2 2 2 2 2 2 2 2 2 2 2 2 2 2 2 2 2 2 2 2 2 2 2 2 2
left_child=1 2 3 4 5 -1 -3 8 -5 -7 -9 12 -10 -12 15 -14 17 18 -16 -18 21 -20 23 24 25 26 -23 -25 29 -27 -29 32 33 -31 35 -34 -36 38 39 40 -38 -40 43 -42 -44 46 47 -46 49 -49 -51
right_child=22 14 10 7 6 -2 -4 9 -6 -8 11 13 -11 -13 16 -15 20 19 -17 -19 -22 -21 37 31 28 27 -24 -26 30 -28 -30 34 -33 -32 36 -35 -37 45 42 41 -39 -41 44 -43 -45 48 -48 -47 50 -50 -52
leaf_value=0.00225747773910 -0.00452110341374 -0.00453955867796 -0.000170351852087 -0.00269595298974 0.00530248635353 -0.000339986194222 0.000306587585594 -0.00716665515367 -0.00148594315232 0.000120313735416 0.00138269043648 -0.000112703957675 -0.00946158166445 -0.000407389501856 -0.00359833728454 0.00275778286301 0.0121764457516 0.00891041426448 -0.00188246640704 0.000599185604579 0.00555546591932 -0.00369555539450 -0.000120231848550 0.000381526183544 0.00363254012772 -0.00950015260556 0.000496525424620 -0.000724263656719 0.0000479128653606 0.00198263238819 0.0109503856889 0.000200068651038 0.00121162624924 0.000120277556780 -0.00183806843630 0.00167111672891 0.00672715853170 0.000423294493870 0.000900095023847 -0.00158584848647 0.000190796884922 0.00503480590935 -0.00177800793675 0.000575672996856 0.00268295906770 -0.00457274894622 0.0118804118517 0.0000402193744241 -0.00151854150437 -0.00614674879423 -0.00169223573657
internal_count=0
leaf_count=0

Tree=130
num_leaves=50
num_cat=0
split_feature=11 5 5 15 13 5 18 15 4 19 6 1 25 17 17 0 23 7 0 5 16 8 8 5 14 17 0 27 17 24 11 11 7 2 14 14 15 5 26 14 6 27 0 1 8 19 4 8 21
threshold=0.0652088757636 0.595046607112 0.507910221844 0.00221504365870 -0.163582134964 0.221257564408 0.00156309251098 0.00268094396502 -1.58282946595 0.00155958358006 0.0818309415999 253.604000000 1.80000000000 0.0101257926096 0.00867734936179 107.144000000 0.141595149026 0.521223548228 116.865000000 0.644322682776 0.00561250552878 1.22726054095 0.253504512106 1.14971668305 0.0957098816160 3.75413257975 125.862000000 0.686438671632 1.45094772521 0.0478495269439 -1.32164092676 -2.00313826039 0.0874058316203 -12.0792482300 -1.78538701797 1.00716802096 0.00308703356193 -0.0508877817085 0.0499495419248 2.55309681460 0.00000000000 1.02268729201 252.856000000 89.4700000000 0.526993947639 2.04799010035 -4.29461982557 0.870300163973 0.513472264083
decision_type=2 2 2 2 2 2 2 2 2 2 2 2 2 2 2 2 2 2 2 2 2 2 2 2 2 2 2 2 2 2 2 2 2 2 2 2 2 2 2 2 2 2 2 2 2 2 2 2 2
left_child=1 2 3 4 5 -1 -3 8 -5 -7 11 12 -9 -11 15 -13 -15 18 19 20 -17 -19 23 -21 -23 26 27 -25 -27 30 -29 -31 33 34 -33 36 37 -35 -37 -39 41 -41 43 44 -43 -45 47 -47 -49
right_child=32 17 10 7 6 -2 -4 9 -6 -8 14 13 -10 -12 16 -14 -16 25 22 21 -18 -20 24 -22 -24 29 28 -26 -28 31 -30 -32 40 35 -34 39 38 -36 -38 -40 42 -42 46 45 -44 -46 48 -48 -50
leaf_value=0.0000457723006765 -0.00268997866074 0.000734539797957 0.00677037397444 0.000502279112981 -0.00283693526598 4.53488805530e-7 -0.000557774125217 -0.00310433006184 0.00704617699414 -0.00317248492178 -0.0135702296344 -0.0123676945987 -0.00163928889364 0.00181720088970 -0.000966029128865 0.00779364944121 -0.000782015646000 -0.00260012991030 0.00144925046466 0.00417393203177 -0.000346568511558 0.00105150958450 -0.00212526960822 0.00423094604853 0.00140569558872 -0.000524068858208 0.000960142969919 -0.000494647981475 -0.00484378280519 -0.00166678988387 0.00237831531767 0.00207321913355 -0.00736691831346 0.0111744041936 0.00350242226559 0.00187006953981 0.00832720644793 -0.00429148564973 0.00298188059781 -0.000669496580243 -0.00897832632323 0.000901590292364 -0.000683157855029 0.000270816813161 -0.000798749640170 0.00106866814075 -0.000688065668714 0.00182173558379 0.000176881735398
internal_count=0
leaf_count=0

Tree=131
num_leaves=51
num_cat=0
split_feature=17 5 8 3 2 27 14 4 4 23 7 7 3 0 14 5 14 11 8 11 24 4 8 0 6 8 17 17 5 5 5 17 3 6 1 21 14 3 2 3 0 27 4 2 27 0 0 27 7 14
threshold=0.00605813935177 -0.627935832879 0.289965575203 1.29108446040 -2.91288375000 0.0180733568311 0.0498673096261 -1.79145888008 -4.68335124869 -0.0584332597492 0.177110172640 0.0436599896000 0.215943446780 46.3960000000 1.00716802096 -0.361555380804 0.0610565794768 0.0142728452968 0.358914747193 -0.274568879244 -0.00416127103536 1.02357174745 0.559693433615 46.3960000000 0.141668209901 5.78091457570 5.83445201054 0.00867734936179 0.434265890967 -0.0729366458646 0.595046607112 0.0101257926096 -4.42779173769 0.00000000000 89.4700000000 -0.114930635698 -0.887818084911 5.91395865396 30.6954064400 2.13804739340 93.0430000000 0.168199549713 5.52468036120 -23.7926516600 0.606112795198 50.6940000000 238.752000000 1.25755586026 1.69537961689 0.0257096246605
decision_type=2 2 2 2 2 2 2 2 2 2 2 2 2 2 2 2 2 2 2 2 2 2 2 2 2 2 2 2 2 2 2 2 2 2 2 2 2 2 2 2 2 2 2 2 2 2 2 2 2 2
left_child=1 2 3 4 -1 -2 7 8 -5 -8 11 12 13 -10 -12 16 -14 -16 19 20 -18 -20 23 -22 -24 26 27 28 29 -26 -28 32 -30 -32 35 36 -34 -36 39 -38 -40 42 43 -42 45 -45 -46 48 -48 -50
right_child=25 10 6 -4 5 -3 9 -7 -6 -9 18 15 14 -11 -13 17 -15 -17 22 21 -19 -21 24 -23 -25 41 34 31 30 -27 -29 33 -31 -33 38 37 -35 -37 40 -39 -41 44 -44 -43 47 46 -47 49 -49 -51
leaf_value=-0.00284533665947 0.000160062336760 0.0118572367161 -0.00832000925347 -0.00144737813353 -0.00625036949115 -0.0221473925292 -0.00891248034392 0.00382751983407 0.000183829501808 -0.00466099499998 0.000758705332201 0.00630070610640 -0.0000602413972356 0.00897286715631 -0.00399460621438 -0.000885166495056 -0.00711895919114 0.00117891408713 0.00496836175055 -0.00233138436557 -0.00513887901611 -0.000291994825552 -0.00261288574273 0.00352259739476 -0.000279955728517 0.00150686212408 -0.00363733111479 0.000288850308794 0.00260904836125 -0.00130725185136 -0.000926256924332 -0.00000805374451947 -0.000510815572223 -0.00341886053322 0.0111643528404 -0.000456991278499 -0.00377939934310 -0.0151225324259 0.00477533087993 -0.000990315545016 0.000279393995149 0.0145370104399 0.000218574581565 -0.0142701324633 -0.00182372947173 0.00477423306415 -0.00489364025248 0.00212496378007 0.00234139354998 -0.00451158172116
internal_count=0
leaf_count=0

Tree=132
num_leaves=62
num_cat=0
split_feature=16 17 8 4 4 4 5 4 17 16 0 8 17 8 3 4 4 17 20 1 23 14 21 4 21 8 27 21 17 20 7 7 17 12 8 12 10 25 14 1 23 3 16 18 11 11 1 11 27 15 0 16 0 14 20 27 0 12 16 4 15
threshold=2.29119258579 2.43933149181 2.12476563595 -0.479567608098 -0.997527256379 -1.38995274003 0.762860084669 -0.305730526963 0.00661237557012 0.00678402246635 140.007000000 3.63244036731 0.952986898659 5.78091457570 -1.10931758721 -2.01525026774 -0.997527256379 3.00291458727 -1.08143685667 239.515000000 -2.42353202072 -0.152147045261 0.267802785389 -0.0711180789270 0.373831299355 2.87627588438 0.503059476706 -6.46944371215 4.72870082554 0.00159374664799 1.02957996597 1.90284003610 3.20679567615 -0.0891112970781 2.22025006034 -0.169505671303 -0.00614172112279 0.400000000000 -0.134400627271 239.515000000 -0.554697351086 5.33009565768 3.00944038206 -1.11116063455 -0.0755993423174 2.88769764397 136.419000000 3.92898378824 0.720608573708 0.540439996533 154.113000000 4.37162629225 238.752000000 0.0610565794768 -4.17603236786 1.04719817578 64.8220000000 -0.169505671303 3.47686201287 -1.38995274003 0.339152032354
decision_type=2 2 2 2 2 2 2 2 2 2 2 2 2 2 2 2 2 2 2 2 2 2 2 2 2 2 2 2 2 2 2 2 2 2 2 2 2 2 2 2 2 2 2 2 2 2 2 2 2 2 2 2 2 2 2 2 2 2 2 2 2
left_child=1 2 3 4 5 -1 -3 8 -5 -7 11 12 -9 -11 15 -13 -15 18 19 20 -17 -19 23 -21 -23 26 27 -25 -27 30 -29 -31 33 34 35 36 -33 -35 39 -37 -39 42 43 -41 -43 46 -45 -47 49 50 -49 52 -51 -53 55 56 -55 -57 59 -59 -61
right_child=32 17 10 7 6 -2 -4 9 -6 -8 14 13 -10 -12 16 -14 -16 25 22 21 -18 -20 24 -22 -24 29 28 -26 -28 31 -30 -32 48 41 38 37 -34 -36 40 -38 -40 45 44 -42 -44 47 -46 -48 54 51 -50 53 -52 -54 58 57 -56 -58 60 -60 -62
leaf_value=0.0000706259827061 -0.00103856854115 0.00140575215235 -0.00280432864140 -0.0132622273211 -0.00193284502270 0.000174122633837 -0.000400800782993 0.00842561239761 0.00187134500574 -0.00748049679603 0.00651680746049 -0.00107869017682 -0.00844775285171 0.0117446991013 0.000731030596453 -0.00615310127128 0.00112936336592 0.00447564761093 -0.00431252607625 -0.00108566282964 -0.00377066289748 0.00254088386223 -0.000790232692084 0.000904076315922 0.00782550502785 0.00124265075483 -0.00566468265966 -0.00362726257945 -0.000542798877139 0.00179437924423 -0.000889424544245 -0.000904779590452 0.00226633388262 0.0123234964137 0.00237931525462 -0.000373582936321 0.00638695773356 -0.00742024204146 -0.00185670825305 -0.00232119933209 0.00315375171210 0.00277183959844 0.0143929379974 0.000237498730065 0.00384004555585 -0.00309030377499 0.00132780097223 -0.0113890078865 -0.00251258355582 -0.00327262853072 0.00241261831052 -0.00167105278812 0.00418343189948 0.00508186342379 -0.000916030968390 -0.000211482964952 -0.00396678927285 0.000924789121033 -0.00106654020382 0.00332683071266 0.000626569549686
internal_count=0
leaf_count=0

Tree=133
num_leaves=54
num_cat=0
split_feature=11 16 5 2 8 4 13 24 0 14 21 11 13 13 7 7 15 17 21 5 0 16 1 1 18 18 16 9 11 6 9 18 21 4 12 21 8 2 11 18 5 8 4 14 7 17 15 17 17 2 5 24 15
threshold=-1.16422746747 1.06409607947 -1.05941677639 -19.8935943900 3.31748176198 4.54865548792 0.168666734258 -0.281095679875 196.413000000 -0.0467495563097 -0.170981480196 -2.36881279972 -0.334741266929 -0.163582134964 2.89441759460 2.17644917945 0.00389589576629 1.50277291956 0.127738923683 -0.733153937861 159.143000000 1.26379866689 239.515000000 169.032000000 -0.00154491930138 -0.00155073404673 0.00352199058645 0.0152998813552 -0.123963053875 0.0582155543701 -0.0208116959710 -0.00156264600926 2.97696870460 -3.04151162357 -1.43188043056 -0.114930635698 0.526993947639 7.03174318000 0.110282811976 -0.00153022188254 0.277780453750 0.799551943830 -2.49781441239 0.285642036220 0.121043722436 3.75413257975 0.00389589576629 1.50277291956 1.45094772521 -33.7232243500 -0.867329495381 0.286831965951 0.00994519032201
decision_type=2 2 2 2 2 2 2 2 2 2 2 2 2 2 2 2 2 2 2 2 2 2 2 2 2 2 2 2 2 2 2 2 2 2 2 2 2 2 2 2 2 2 2 2 2 2 2 2 2 2 2 2 2
left_child=1 2 3 -1 5 6 -3 -5 -7 10 11 12 -9 -11 15 -13 -15 18 19 -17 -19 22 -21 -23 25 26 27 28 -25 30 -28 -30 33 34 -32 -34 37 -36 -38 40 41 42 -40 -42 -44 -45 47 48 -47 -49 51 -51 -53
right_child=24 9 4 -2 8 7 -4 -6 -8 17 14 13 -10 -12 16 -14 -16 21 20 -18 -20 23 -22 -24 39 32 29 -27 -26 31 -29 -31 36 35 -33 -35 38 -37 -39 46 44 43 -41 -43 45 -46 50 49 -48 -50 52 -52 -54
leaf_value=0.00113768461049 0.00917933218720 -0.000932905105503 -0.00645000940582 -0.00320636277579 0.00189431545206 -0.00865648420268 -0.00189414893499 0.0000891986580154 -0.00181285464481 0.000238637072476 0.00553422890546 -0.00114862330437 0.00167247838868 -0.0119913952580 -0.00296338411547 -0.00129009010041 0.00802452720423 -0.00524323682618 0.00235375558405 -0.00105756188179 -0.0134023051775 -0.000315899772901 0.00119117000550 0.00960928422850 0.00275371634321 -0.00284886035618 -0.00287080878960 -0.000193612314383 0.0000990574947024 0.000835178420611 0.000998104194650 -0.00457681066334 0.00843110991041 0.00246772367365 -0.0222579222896 -0.00308593840140 0.00425278875356 -0.00272811128177 -0.0000891202544222 -0.00739734505220 -0.00225673663187 0.00237880730354 0.0100584593755 0.00186941598065 -0.00648031833729 0.0000453438319249 -0.00230185769466 -0.000665158157067 0.00107558821718 0.00169499645858 -0.000591193796761 -0.000722806668132 -0.0000177707353337
internal_count=0
leaf_count=0

Tree=134
num_leaves=58
num_cat=0
split_feature=19 5 7 7 11 10 3 17 21 15 0 17 14 23 14 8 2 8 5 1 0 14 16 16 2 17 21 14 14 2 26 3 5 17 7 21 23 25 12 10 20 20 6 8 26 27 21 1 4 11 20 8 3 9 9 17 17
threshold=0.00159446936099 0.549836986953 1.16971800994 0.986160693721 0.706650870126 0.0846505913943 -1.67473994434 0.681161488478 0.0280251752848 0.00382900321764 74.5930000000 1.12970557049 -0.0804062324948 0.926543682695 0.0837077082107 1.36164823655 10.8796863600 0.182737938385 0.914060499894 145.887000000 243.620000000 0.0498673096261 0.935270774912 0.714780949927 5.92186263000 1.30954229552 -0.204057043221 -0.308770995518 -0.172438734032 -14.9387866800 0.138471412019 0.766299993008 -1.05941677639 1.60679307713 0.419266212499 -1.49794333143 -0.0584332597492 0.199000000000 0.0992196284065 -0.648715863343 0.948836078829 -0.609623434671 1.50487906197 1.05954387796 -0.000808448397116 0.0136650166774 2.97696870460 287.230000000 4.54865548792 0.543045844787 -1.41324324448 2.22025006034 -1.48111798235 -0.289964967942 -0.0111435769778 3.75413257975 2.15030088400
decision_type=2 2 2 2 2 2 2 2 2 2 2 2 2 2 2 2 2 2 2 2 2 2 2 2 2 2 2 2 2 2 2 2 2 2 2 2 2 2 2 2 2 2 2 2 2 2 2 2 2 2 2 2 2 2 2 2 2
left_child=1 2 3 4 5 -1 -3 8 -5 -7 11 12 -9 -11 15 -13 -15 18 19 20 -17 -19 23 -21 -23 26 27 -25 -27 30 -29 -31 33 34 35 -33 37 -35 -37 -39 41 -40 -42 44 45 -44 -45 48 -47 -49 51 52 -51 -53 55 -55 -57
right_child=32 17 10 7 6 -2 -4 9 -6 -8 14 13 -10 -12 16 -14 -16 25 22 21 -18 -20 24 -22 -24 29 28 -26 -28 31 -30 -32 43 39 36 -34 38 -36 -38 40 42 -41 -43 50 47 46 -46 49 -48 -50 54 53 -52 -54 56 -56 -58
leaf_value=-0.0000981504535081 0.000418462463843 0.000662732665969 -0.00144847487086 0.0102358673038 0.000600585375398 0.00126530875498 -0.0000101815764683 0.00941713736098 0.00102717161651 -0.00193657370940 0.000624279507333 -0.00301417813723 -0.000319823811367 0.00771534952294 0.000317153555010 0.00832367218764 0.00290483565343 -0.00416639355542 0.00693535827987 -0.0000272252023316 0.0108102193735 -0.00645425690092 0.00252506394532 -0.000298793817474 0.00327119691656 -0.00482652322188 -0.000936288195543 -0.000931328604323 0.00715109071871 0.00404973635460 0.00109471823084 0.00320396222737 -0.00536291023256 0.0118262862349 0.00195246531163 0.0179812141344 0.00733020912595 0.00723601251211 0.00241828243126 -0.00270771826264 0.00458830809710 -0.000533646244249 0.00742388965423 0.00187219336890 -0.00170521786718 0.000794847596381 -0.000882349759673 -0.00364922938832 0.000806921872593 0.00851548595401 0.00253343402080 -0.00504300527522 0.00115919422342 -0.00140647759220 0.000753701562326 0.000307735647010 -0.000382040722300
internal_count=0
leaf_count=0

Tree=135
num_leaves=48
num_cat=0
split_feature=18 18 3 13 20 4 17 18 2 2 4 19 24 4 4 15 0 8 4 3 18 17 18 7 27 6 21 3 8 10 6 8 21 1 0 8 25 5 16 0 17 25 2 11 15 26 6
threshold=0.00159667916222 0.00156309251098 1.91660164384 0.655744945849 2.11691761492 3.09490633225 1.35576608814 0.00155893004949 2.11568500000 3.89448722000 0.659270998415 -0.401600114543 0.807185695726 0.158891522888 1.02357174745 0.00356333367835 50.6940000000 0.289965575203 -1.18771476102 -0.778016571477 0.00156589579303 0.00921965501724 0.00159015579149 0.00000000000 1.57682711072 0.00901411292736 0.189586937398 -1.89118171795 0.393657168627 -0.0212096134067 0.000193551714386 0.0262629266088 0.0648473571345 154.947000000 149.498000000 0.942713385047 1.20000000000 -1.05941677639 1.37179790350 238.752000000 3.20679567615 0.400000000000 33.9470030400 -0.0566908067678 0.00420957961609 0.315350231748 0.413760439458
decision_type=2 2 2 2 2 2 2 2 2 2 2 2 2 2 2 2 2 2 2 2 2 2 2 2 2 2 2 2 2 2 2 2 2 2 2 2 2 2 2 2 2 2 2 2 2 2 2
left_child=1 2 3 4 5 -1 -3 8 -5 -7 11 12 -9 -11 15 -13 -15 18 19 20 -17 22 -20 -22 25 26 -24 -26 -28 -29 31 32 33 -31 -33 -35 37 38 39 -37 -39 42 -41 -43 -45 46 -46
right_child=30 17 10 7 6 -2 -4 9 -6 -8 14 13 -10 -12 16 -14 -16 24 21 -19 -18 23 -21 -23 28 27 -25 -27 29 -30 36 35 34 -32 -34 -36 44 41 40 -38 -40 43 -42 -44 45 -48 -47
leaf_value=0.0000235962427883 0.00425009322680 -0.00658680209596 -0.000782160174744 -0.00385202041731 -0.0000314554723470 -0.000116101205220 -0.00929502044309 -0.00138842662180 0.00730058159133 0.00942110863230 0.0154314776298 -0.0161080737844 -0.00104806523149 -0.000944649920551 0.000275166992431 -0.00412637410191 0.00291864380970 -0.0130360259094 0.00333415562720 -0.00697222776862 0.0000387024342954 0.00906231484525 -0.00718163591907 0.00109529897360 0.000150112556247 -0.00121077353350 -0.00876071712992 -0.000412118890388 -0.00332057741089 -0.00241736184274 0.00822386360713 -0.00939748484071 0.00148797164695 -0.0109188280805 -0.00233279019421 0.00961639352406 0.000970111978810 0.00313313670301 -0.000943414631766 0.000826878657394 -0.000532430278235 0.000714532436120 -0.000729941499911 0.00746828439123 0.00251857430505 -0.000940558577473 0.00567235121335
internal_count=0
leaf_count=0

Tree=136
num_leaves=57
num_cat=0
split_feature=17 3 5 8 4 3 4 5 4 4 8 8 17 4 4 1 1 3 21 4 5 8 1 16 20 14 0 18 20 14 7 17 25 3 5 0 2 20 4 2 5 15 11 19 6 5 15 7 2 17 8 11 21 5 6 19
threshold=0.00867734936179 -1.10931758721 -0.118256393348 0.116344416679 -3.94564055199 -4.42779173769 -2.76650163521 -0.498997987210 -3.61082322397 -2.76650163521 0.253504512106 0.182737938385 0.00781617171032 -1.58282946595 -1.38995274003 197.221000000 192.856000000 -0.778016571477 -0.0197106873088 -0.997527256379 -0.733153937861 0.393657168627 206.957000000 0.00468618163054 -0.00156604562540 0.0498673096261 4.10100000000 -0.00158785582460 -0.00156241089400 0.836570849422 0.177110172640 0.0101257926096 1.80000000000 -4.42779173769 0.470126150570 135.374000000 -12.0792482300 0.00156629336612 -1.38995274003 0.669401129999 -0.0508877817085 0.00308703356193 1.48989673877 -0.00159721496806 0.0251834759676 1.01580292239 0.00220179579618 1.16971800994 -40.8000080600 1.60679307713 2.03974991587 -2.36881279972 -0.385733940842 -0.330871973152 1.35628179832 -0.955483508946
decision_type=2 2 2 2 2 2 2 2 2 2 2 2 2 2 2 2 2 2 2 2 2 2 2 2 2 2 2 2 2 2 2 2 2 2 2 2 2 2 2 2 2 2 2 2 2 2 2 2 2 2 2 2 2 2 2 2
left_child=1 2 3 4 5 -1 -3 8 -5 -7 11 12 -9 -11 15 -13 -15 18 19 20 -17 -19 -21 -22 25 26 -24 -26 29 -28 -30 32 33 34 35 -32 37 -35 -37 40 -39 42 43 44 -42 -44 47 -46 -48 50 51 -50 -52 54 -54 -56
right_child=31 17 10 7 6 -2 -4 9 -6 -8 14 13 -10 -12 16 -14 -16 24 22 21 -18 -20 23 -23 28 27 -25 -27 30 -29 -31 41 39 36 -34 -33 38 -36 -38 -41 -40 49 46 45 -43 -45 48 -47 -49 53 52 -51 -53 55 -55 -57
leaf_value=0.00176606966065 -0.00902628999622 0.0211178619320 0.00388568622253 0.0000208602181476 -0.00502484105071 -0.000557575480389 0.00398127073977 -0.00322887990618 0.00231611490526 -0.00352541067459 -0.0130782805732 -0.000509747410835 0.00640202748884 0.000385744085886 -0.0101951354432 0.0136474236201 -0.00177593316203 0.0159428917224 0.00148525859700 -0.0161740506873 0.00815687609101 -0.00130288016757 0.000486347390796 -0.00965729395960 -0.00471977981114 0.00188953205272 0.00525855072603 -0.00126644020442 -0.000108151638737 0.00122348957469 0.00965518997044 -0.000713217435642 0.0159900490972 -0.00453501699005 0.00756874381464 0.00649918828645 -0.00137312951473 0.00610576955669 0.0140699919393 -0.00138068565203 -0.00608417230161 0.00376048878583 -0.000510389853907 0.00149178059604 0.00565752707774 -0.00160240811254 -0.00289749558668 0.00361788400375 -0.00305760203708 0.000202690869297 -0.00243352290520 0.00345520477930 -0.000657298606904 0.000393589973495 0.00126234244294 -0.0000456478625381
internal_count=0
leaf_count=0

Tree=137
num_leaves=58
num_cat=0
split_feature=19 19 4 4 1 7 17 0 17 3 14 5 1 5 14 16 21 8 12 5 4 2 26 13 5 4 21 21 4 0 19 2 5 19 4 5 4 19 4 17 3 5 5 8 19 8 4 25 3 9 19 17 6 26 7 15 26
threshold=0.00154619919535 0.00000000000 -2.49781441239 -2.76650163521 291.709000000 0.0570090069520 2.82853035896 234.090000000 1.91389219978 -2.11533196394 -1.34169558889 -0.627935832879 84.5470000000 0.0933712367152 -0.308770995518 0.379917714663 -0.204057043221 0.661002923676 -0.409728050363 0.470126150570 -2.49781441239 24.9135837700 0.00685683775536 3.93513052957 0.434265890967 2.25209925072 5.03001661694 0.437393903212 -0.479567608098 140.007000000 0.00155958358006 -9.45740646000 1.34582779672 0.00155400179613 -5.10031717597 -0.677031752773 -0.639250279769 0.00155400179613 -1.18771476102 0.165506712899 -0.607663825342 0.399885807796 0.507910221844 0.593789644014 0.00156246215743 0.559693433615 -1.38995274003 0.200000000000 0.766299993008 -0.135630335610 0.00159446936099 0.00781617171032 0.0654903557669 0.0931925329728 0.0716370092347 0.155774803319 0.0761659981419
decision_type=2 2 2 2 2 2 2 2 2 2 2 2 2 2 2 2 2 2 2 2 2 2 2 2 2 2 2 2 2 2 2 2 2 2 2 2 2 2 2 2 2 2 2 2 2 2 2 2 2 2 2 2 2 2 2 2 2
left_child=1 2 3 4 5 -1 -3 8 -5 -7 11 12 -9 -11 15 -13 -15 18 19 20 -17 22 -20 -22 25 26 -24 -26 -28 -29 31 32 33 34 -31 -33 37 38 -36 -38 41 -40 -42 44 45 46 -44 48 -47 -49 51 52 -51 -53 55 -55 -57
right_child=30 17 10 7 6 -2 -4 9 -6 -8 14 13 -10 -12 16 -14 -16 24 21 -19 -18 23 -21 -23 28 27 -25 -27 29 -30 43 36 -35 35 -32 -34 40 39 -37 -39 42 -41 -43 50 47 -46 -45 49 -48 -50 54 53 -52 -54 56 -56 -58
leaf_value=0.00112631831138 -0.0000458249775509 0.00634391316341 -0.00293077215857 0.00400409290896 -0.00127605815940 -0.00156954423402 -0.00637837749962 0.0131048510821 -0.000301259941208 -0.00595918729519 0.0000689233538652 0.00182716736921 -0.00271433454543 -0.000840138577589 -0.000123143488135 -0.000732540341665 -0.00815526688686 0.00554769247349 -0.0107209952304 -0.00325425438500 0.00350696279080 -0.00153407469416 -0.00129441037571 -0.0107906906785 -0.00178912361250 0.00311431793573 0.0121298049267 -0.00209807026639 0.00396381406900 0.00406614311046 -0.00110767202385 -0.00627610168410 -0.000936264235763 -0.0114686972862 0.00227504909898 0.0170180156919 -0.00139261885480 0.00506999008434 -0.0118077291411 -0.00123725918907 0.00188949524986 -0.000769180993426 0.00212152275281 -0.00269883750061 0.00930041942286 0.00290783209831 0.000334675811145 -0.00690443055800 0.000560739377821 0.00223871415763 -0.00743523422489 -0.000971130516000 0.000761411583389 -0.0124746496004 -0.00149859234990 0.000386973137514 -0.000213805129662
internal_count=0
leaf_count=0

Tree=138
num_leaves=51
num_cat=0
split_feature=17 14 4 12 13 20 25 4 5 3 0 14 1 17 8 26 1 5 13 7 0 8 13 13 2 0 8 8 7 27 2 8 16 8 12 27 7 27 5 8 8 5 10 21 2 13 19 21 15 1
threshold=0.00605813935177 2.55309681460 0.502165393317 3.66711142195 0.574984125942 0.00156629336612 0.600000000000 2.79745262504 -0.0729366458646 1.09962531636 140.007000000 1.26170740016 169.032000000 0.00540256988241 0.0549097436261 -0.0000180481529721 202.367000000 0.306780322033 6.47546780377 0.121043722436 257.742000000 1.14056962752 1.16832022541 -0.295255528996 12.2295096400 97.6330000000 1.95929095360 1.36164823655 0.0570090069520 0.441030884905 -7.07819090000 0.253504512106 0.00605654303156 0.0857490147627 -4.93756271567 2.08135419425 0.240654036270 0.225868022414 1.14971668305 0.593789644014 0.253504512106 -0.0952353104031 -2.61446418718 -0.140755310962 -4.96239504000 -0.623862185018 -0.00159721496806 -0.0586384021564 0.00413104659530 281.778000000
decision_type=2 2 2 2 2 2 2 2 2 2 2 2 2 2 2 2 2 2 2 2 2 2 2 2 2 2 2 2 2 2 2 2 2 2 2 2 2 2 2 2 2 2 2 2 2 2 2 2 2 2
left_child=1 2 3 4 5 -1 -4 8 9 -6 -8 12 -10 -12 15 -14 -15 18 -17 20 21 22 23 -20 -22 26 -24 -26 29 30 -28 -30 33 -32 -34 36 37 38 -36 -38 41 -40 -42 44 45 -44 -46 48 -48 -50
right_child=19 14 7 6 -3 -2 -5 11 10 -7 -9 13 -11 -13 17 16 -16 -19 -18 35 28 25 24 -21 -23 27 -25 -27 32 31 -29 -31 34 -33 -35 43 40 39 -37 -39 42 -41 -43 47 46 -45 -47 49 -49 -51
leaf_value=-0.000252234380107 -0.00469846547246 -0.00948804886384 0.00958950514147 -0.00141100989525 0.0119926373366 -0.00334271811453 -0.0109821249310 -0.00314333995836 0.00712446969027 -0.00429703426637 0.00270352494370 -0.00443445077803 0.00977970376076 0.00392472629866 0.00233464258939 0.00505604245921 0.000136374680436 -0.00319861699594 0.000500903281364 0.00187568721324 -0.00146032133787 0.000870429979565 -0.00775034389383 0.00325761889025 -0.00291981734565 0.00226502997453 -0.000999484765444 -0.00445484134861 -0.000860671204742 0.00323035586088 0.00672198486435 -0.00171601774619 -0.000326292421963 0.00438671529458 -0.000102086992657 -0.00494568836965 -0.000734868843558 -0.00328742122094 0.000377527948834 0.00868708198119 -0.000879458474392 -0.0000119041567913 -0.000137242507679 -0.00272036311495 0.000924057214609 0.0137795341479 0.00940977560615 0.00212811097027 0.000634518996782 -0.00275090669678
internal_count=0
leaf_count=0

Tree=139
num_leaves=40
num_cat=0
split_feature=6 10 1 27 25 16 21 7 3 16 19 17 8 3 2 26 1 11 27 8 12 15 8 8 14 4 0 17 21 12 20 27 19 4 21 5 27 17 12
threshold=1.35628179832 -0.648715863343 211.316000000 2.34478566203 1.80000000000 1.43254279506 -0.114930635698 0.695256419878 1.29108446040 0.505501082315 -0.401600114543 1.30954229552 3.63244036731 -6.40390201722 -37.0978986900 -0.900710667014 192.856000000 -0.447261390469 2.34478566203 0.461264166988 0.502094454189 1.47208558213 5.78091457570 2.22025006034 -0.195106916204 -5.51901401705 64.8220000000 2.23878317598 -0.449875770686 -0.277000044164 2.11691761492 0.832863824615 -1.15326988549 -17.1227861729 -0.385733940842 -0.462384437352 0.372173462898 1.21949253978 -0.220114357249
decision_type=2 2 2 2 2 2 2 2 2 2 2 2 2 2 2 2 2 2 2 2 2 2 2 2 2 2 2 2 2 2 2 2 2 2 2 2 2 2 2
left_child=1 2 3 4 5 -1 7 -4 -6 10 -8 -9 13 -11 -13 16 -15 18 19 -17 -19 22 -21 -23 25 26 -25 28 -26 -28 31 -30 -31 -34 35 -35 37 -37 -39
right_child=24 15 9 6 -3 -2 8 -5 -7 12 11 -10 14 -12 -14 17 -16 21 20 -18 -20 23 -22 -24 33 30 27 29 -27 -29 -33 32 -32 34 36 -36 38 -38 -40
leaf_value=-0.000743796482649 0.000369198315606 0.00761623157923 0.00266977563014 -0.00339034178040 0.0154206137226 0.00433432877456 0.0112168033561 0.000197395203029 0.00852762379908 0.00285955082539 -0.00219394018379 -0.00245331270371 0.00416122436218 0.00239209057137 0.0103813388159 0.00303032446819 0.000137828137851 0.00388628419002 -0.00231881779989 0.00000102176481630 0.00205391059390 -0.000118058060831 -0.00220150626292 -0.00432614528926 -0.000145879108827 0.00528148211163 -0.000218769193845 -0.00550326757234 -0.00613565520653 -0.00445104255372 0.000390718939812 -0.00820937244783 0.0106415538889 -0.00402452354287 -0.00944149210337 0.00934993704987 0.00138704373771 0.00316118527237 0.000434074113169
internal_count=0
leaf_count=0

end of trees
