tree
version=v3
num_class=1
num_tree_per_iteration=1
label_index=0
max_feature_idx=6
objective=regression

Tree=0
num_leaves=27
num_cat=0
split_feature=2 0 2 4 5 0 0 6 6 4 0 6 4 4 0 0 5 6 6 6 0 6 6 6 1 0
threshold=0.0512919125761 0.290580110192 0.0224878535967 242.361000000 0.380240934175 0.209685758227 0.138846704622 -1.98411417907 -2.96000796093 197.846000000 0.343093506709 -2.25805384524 296.699000000 294.589000000 0.171931751285 0.115267515989 0.173263955765 -3.44827759203 3.63460238305 -2.25805384524 0.254639150384 2.38119576508 1.36084153804 -0.317772996000 -0.0342735764360 0.517462192691
decision_type=2 2 2 2 2 2 2 2 2 2 2 2 2 2 2 2 2 2 2 2 2 2 2 2 2 2
left_child=1 2 3 4 -1 -3 7 -5 -7 10 -9 -11 -12 14 15 16 -14 -16 19 -18 -20 22 23 -22 -24 -26
right_child=13 9 6 5 -2 -4 8 -6 -8 11 -10 12 -13 21 18 17 -15 -17 20 -19 -21 25 24 -23 -25 -27
leaf_value=0.0113043231485 0.00584697523847 0.0117451856470 0.0107616229407 0.0129966337560 0.0117829835514 0.0174371312708 0.0134896482382 0.00984944028464 0.000873808621346 0.0162105112976 0.00883350123889 0.0111463541332 0.0112660211836 0.0127485514078 0.0157735030279 0.0137720562958 0.0191217492901 0.0146594386361 0.0178009628204 0.0255525148191 0.0120196114370 0.0109300138621 0.0110950176854 0.0155701544689 0.0112530766241 0.00783124141876
internal_count=0
leaf_count=0

Tree=1
num_leaves=27
num_cat=0
split_feature=2 0 2 4 6 0 0 6 4 6 4 5 5 4 0 0 5 6 3 6 6 6 6 3 3 0
threshold=0.0512919125761 0.229651356831 0.0250240889661 138.519000000 0.0365145228218 0.0940994497662 0.149678275743 -1.56343556650 250.346000000 -3.44827759203 300.671000000 0.583538721700 0.309954110468 294.589000000 0.209685758227 0.134248472990 0.202809048023 4.46399276889 0.240000000000 3.12711454809 -0.639900322360 2.38119576508 -0.759825048687 0.620000000000 0.770000000000 0.517462192691
decision_type=2 2 2 2 2 2 2 2 2 2 2 2 2 2 2 2 2 2 2 2 2 2 2 2 2 2
left_child=1 2 3 4 -1 -3 7 -5 -7 -9 11 -10 -12 14 15 16 -14 -16 19 -18 -20 22 23 -22 -24 -26
right_child=13 9 6 5 -2 -4 8 -6 -8 10 12 -11 -13 21 18 17 -15 -17 20 -19 -21 25 24 -23 -25 -27
leaf_value=-0.00111162270164 0.0000651082096506 -0.000196445597125 -0.000487405346764 0.00105248966661 -0.000161515072059 0.00213662255795 -0.00136440579596 0.00482873266044 -0.00281522445821 -0.000907539236942 0.00552819409771 -0.000225560752997 0.000318685913349 0.00157216890810 0.00261218462879 0.00537375589301 0.00552073703123 0.0113645547887 0.00373586707742 -0.000701348277035 0.0000370905175926 0.00515074498087 -0.000422960596319 -0.00195845738927 -0.00136079885964 -0.00543009212574
internal_count=0
leaf_count=0

Tree=2
num_leaves=27
num_cat=0
split_feature=2 0 2 4 6 0 0 4 5 4 5 6 2 4 0 0 0 6 0 3 4 6 6 3 5 1
threshold=0.0378050173546 0.229651356831 0.0127242326278 99.7900000000 -1.74435456000 0.209685758227 0.144204971510 61.5620000000 0.348718018311 301.925000000 0.583538721700 -0.00166398820067 -0.00864875519606 294.589000000 0.155996149483 0.0970062156631 0.0677780034658 5.99336119990 0.517462192691 0.0800000000000 300.858000000 3.63460238305 -2.25805384524 0.620000000000 0.348718018311 -0.00563626658963
decision_type=2 2 2 2 2 2 2 2 2 2 2 2 2 2 2 2 2 2 2 2 2 2 2 2 2 2
left_child=1 2 3 4 -1 -3 7 -5 -7 10 11 -9 -11 14 15 16 -14 -16 19 -18 21 22 -21 24 -24 -26
right_child=13 9 6 5 -2 -4 8 -6 -8 -13 12 -10 -12 20 18 17 -15 -17 -20 -19 23 -23 -22 25 -25 -27
leaf_value=0.000505482292019 -0.00108327465208 -0.000241825819515 0.000788342910629 0.000366638146133 -0.000335534462604 0.00164179208208 -0.00115628600822 -0.000426707480503 -0.00308268465953 0.0000403847797143 -0.00104144738531 0.00508104361124 -0.00111389533213 0.000183075486859 0.00125913786407 0.00346917414121 0.00530558501526 0.00257349544963 0.0147097515326 0.00111993176395 -0.000813417071939 -0.00351295299138 0.000978470557047 -0.000337364100753 0.00328920316837 -0.0000764542034915
internal_count=0
leaf_count=0

Tree=3
num_leaves=29
num_cat=0
split_feature=2 0 2 4 6 0 0 6 6 4 3 6 4 6 5 4 0 0 5 3 6 6 3 5 6 3 5 5
threshold=0.0512919125761 0.229651356831 0.0180465538770 99.7900000000 -1.98411417907 0.105893585049 0.209685758227 1.67981501632 0.173935450622 296.699000000 0.330000000000 -0.188270048229 109.675000000 1.55086319495 0.0637739078459 294.589000000 0.194190662069 0.112018384471 0.173263955765 0.130000000000 4.46399276889 -2.96000796093 0.130000000000 0.348718018311 2.10951526032 0.520000000000 0.496503302851 0.846658885456
decision_type=2 2 2 2 2 2 2 2 2 2 2 2 2 2 2 2 2 2 2 2 2 2 2 2 2 2 2 2
left_child=1 2 3 4 -1 -3 7 -5 -7 10 11 -9 -11 14 -13 16 17 18 -16 -18 21 -20 -22 24 -24 26 -26 -28
right_child=15 9 6 5 -2 -4 8 -6 -8 13 12 -10 -12 -15 -14 23 20 19 -17 -19 22 -21 -23 25 -25 27 -27 -29
leaf_value=0.000162138667103 -0.00106388710644 -0.000157874223943 -0.000525237758305 0.0000414093637788 0.000948958502317 0.00152588570296 0.00590119171913 0.00220612092497 -0.00232204418842 -0.00736284385164 -0.00289917035766 0.00224001156236 -0.000424000995176 -0.00326096878527 -0.000809141468029 0.000550456955760 0.00240315214077 0.000930154197243 0.00689638073304 0.00304208850601 0.0114758003713 0.00574345349678 -0.0000116653318751 -0.00413933386388 0.000747971435745 -0.000500166766116 0.00386946212115 -0.000393781432301
internal_count=0
leaf_count=0

Tree=4
num_leaves=30
num_cat=0
split_feature=2 0 3 0 0 6 4 6 4 5 4 0 2 5 4 4 0 0 0 3 3 6 6 6 3 3 5 0 0
threshold=0.0378050173546 0.229651356831 0.100000000000 0.163629200511 0.122142078077 1.05611607815 274.180000000 0.00156638046203 301.925000000 0.583538721700 300.671000000 0.343093506709 -0.00252248284379 0.699558116609 295.487000000 290.636000000 0.209685758227 0.144204971510 0.0884655380988 0.160000000000 0.240000000000 3.12711454809 0.499171821056 2.69963239358 0.520000000000 0.450000000000 0.846658885456 0.517462192691 0.171931751285
decision_type=2 2 2 2 2 2 2 2 2 2 2 2 2 2 2 2 2 2 2 2 2 2 2 2 2 2 2 2 2
left_child=1 2 3 4 -1 -3 7 -5 -7 10 11 -9 13 -12 -14 16 17 18 -16 -18 21 -20 -22 24 25 -24 -26 28 -28
right_child=15 9 6 5 -2 -4 8 -6 -8 12 -11 -10 14 -13 -15 23 20 19 -17 -19 22 -21 -23 27 26 -25 -27 -30 -29
leaf_value=-0.000191194920917 0.000383259997315 0.00155170915301 0.00513362366163 -0.00125427710911 -0.000343573953242 -0.000229687616502 0.000908321087598 -0.00186625470842 -0.00475834925534 0.00195978398245 0.00299610057976 -0.0000654329794978 -0.00380480225924 -0.000597766578750 -0.000536610538872 0.000942691570446 0.00280449466819 0.000285894018745 0.00487302781359 0.00892948984757 0.00250304974135 -0.00215269582989 -0.000269804111648 -0.00187652687839 0.00270337827590 -0.000175578313653 -0.000516217168444 0.000600855714278 -0.00455103440841
internal_count=0
leaf_count=0

Tree=5
num_leaves=28
num_cat=0
split_feature=2 0 3 6 6 0 4 5 4 4 4 5 3 4 0 0 5 6 6 6 0 4 3 5 3 6 5
threshold=0.0378050173546 0.343093506709 0.100000000000 1.67981501632 -1.56343556650 0.0884655380988 274.180000000 0.390566090098 301.925000000 121.110000000 301.325000000 0.583538721700 0.450000000000 290.636000000 0.209685758227 0.134248472990 0.173263955765 -0.393563675711 3.12711454809 -2.57230732359 0.343093506709 300.671000000 0.620000000000 0.348718018311 0.620000000000 -2.25805384524 0.846658885456
decision_type=2 2 2 2 2 2 2 2 2 2 2 2 2 2 2 2 2 2 2 2 2 2 2 2 2 2 2
left_child=1 2 3 4 -1 -3 7 -5 -7 -9 11 -10 -12 14 15 16 -14 -16 19 -18 -20 22 23 -22 25 -25 -27
right_child=13 9 6 5 -2 -4 8 -6 -8 10 12 -11 -13 21 18 17 -15 -17 20 -19 -21 24 -24 -23 26 -26 -28
leaf_value=0.000455130742348 -0.000258338051337 -0.000107021766264 0.00168924816477 -0.000698539886042 -0.00330966898923 -0.000208145982124 0.000827677645816 -0.0104219252331 -0.00296348772462 -0.000671485308943 0.00385232843949 0.0000653001293139 -0.000617636345756 0.000881404677932 0.00272779189205 0.00126852432944 0.00655925036543 0.00159691726622 0.00733893374830 0.0137529106425 -0.00175099469326 -0.000242715122432 -0.00308833399495 0.000404497802250 -0.000383513450117 0.00736826004519 0.000446104279094
internal_count=0
leaf_count=0

Tree=6
num_leaves=28
num_cat=0
split_feature=2 0 2 4 5 4 0 6 3 6 4 6 4 4 3 4 0 0 0 6 6 6 3 6 6 5 3
threshold=0.0564789899857 0.229651356831 0.0201396879119 138.519000000 0.264300404471 186.209000000 0.149678275743 -1.74435456000 0.0700000000000 1.67981501632 296.699000000 -0.533537461998 301.925000000 290.636000000 0.270000000000 285.894000000 0.229651356831 0.134248472990 0.0940994497662 -2.25805384524 3.63460238305 -3.44827759203 0.120000000000 2.38119576508 1.67981501632 0.583538721700 0.130000000000
decision_type=2 2 2 2 2 2 2 2 2 2 2 2 2 2 2 2 2 2 2 2 2 2 2 2 2 2 2
left_child=1 2 3 4 -1 -3 7 -5 -7 10 11 -9 -11 14 -13 16 17 18 -16 -18 21 -20 -22 24 25 -24 -27
right_child=15 9 6 5 -2 -4 8 -6 -8 13 12 -10 -12 -15 -14 23 20 19 -17 -19 22 -21 -23 26 -26 -25 -28
leaf_value=-0.000577318517541 -0.00370678820826 0.000207474637051 -0.000194511716974 0.000746080522774 -0.000209804354614 0.00295565449868 0.000669930459279 0.000573085779780 -0.00322181646070 -0.000617607749538 0.00334207467582 0.00789572402497 0.000910261478596 -0.00148593689674 -0.000265047314233 0.000851318669004 0.00373716406347 0.00180661489001 0.00827219462599 0.00217665373832 0.0105160465898 0.00583528155917 0.00130267412328 -0.000503488876180 0.00158805256037 -0.000292629010030 -0.00477786835264
internal_count=0
leaf_count=0

Tree=7
num_leaves=24
num_cat=0
split_feature=2 0 2 4 5 0 6 0 4 6 4 4 0 0 0 3 3 0 5 6 3 1 0
threshold=0.0378050173546 0.343093506709 0.0201396879119 242.361000000 0.380240934175 0.209685758227 4.46399276889 0.144204971510 209.041000000 1.67981501632 296.699000000 290.636000000 0.209685758227 0.134248472990 0.0940994497662 0.130000000000 0.240000000000 0.414119908303 0.348718018311 3.63460238305 0.520000000000 -0.110793042921 0.682234376366
decision_type=2 2 2 2 2 2 2 2 2 2 2 2 2 2 2 2 2 2 2 2 2 2 2
left_child=1 2 3 4 -1 -3 7 -5 -8 10 -9 12 13 14 -12 -14 17 -16 -18 20 21 -20 -22
right_child=11 8 6 5 -2 -4 -7 -6 9 -11 -10 19 16 15 -13 -15 18 -17 -19 -24 22 -21 -23
leaf_value=-0.000546121394298 -0.00438964668262 -0.000131341088396 -0.000803101718021 -0.0000421623272748 0.000961354310514 0.00383071188817 -0.00793413026097 -0.00292336077976 -0.000593050578026 0.00295146196328 -0.000305166049750 0.000742462505423 0.00220236039423 0.000256418761734 0.00447815848513 0.0126120456024 0.00223756312639 -0.000622097516601 -0.00105564193718 -0.000277333362060 -0.000266669190812 0.00431239521094 -0.00248473979330
internal_count=0
leaf_count=0

Tree=8
num_leaves=28
num_cat=0
split_feature=2 2 0 4 6 0 4 2 4 4 0 6 6 0 0 5 4 0 0 0 5 5 3 3 6 3 5
threshold=0.0788458258632 0.0201396879119 0.229651356831 99.7900000000 2.10951526032 0.163629200511 296.699000000 -0.0285947552131 301.585000000 285.894000000 0.144204971510 -1.56343556650 3.63460238305 0.517462192691 0.254639150384 0.699558116609 290.636000000 0.343093506709 0.171931751285 0.0940994497662 0.199870253522 0.327316199516 0.130000000000 0.770000000000 -0.759825048687 0.400000000000 0.348718018311
decision_type=2 2 2 2 2 2 2 2 2 2 2 2 2 2 2 2 2 2 2 2 2 2 2 2 2 2 2
left_child=1 2 3 4 -1 -3 7 -5 -7 10 11 -9 -11 14 -13 -15 17 18 19 -17 -19 -21 -22 24 25 -24 -26
right_child=16 9 6 5 -2 -4 8 -6 -8 13 12 -10 -12 15 -14 -16 23 21 20 -18 -20 22 -23 -28 26 -25 -27
leaf_value=-0.000728051509980 0.000883338283212 -0.000176361638877 0.000340090347044 0.000942511948421 -0.00228103836771 -0.000159268225028 0.00316695361543 0.000826318025238 -0.000113286693285 0.00123260782571 0.00555643160177 -0.000201515885722 -0.000799368626210 -0.00407180801637 -0.000838405933568 -0.000272539005264 0.00180218087748 0.00938008149339 0.00296941587549 0.0128030973439 0.00878622735846 0.00177243213165 -0.000274506877855 0.00536775602689 -0.00277296465182 -0.000315572644592 -0.00261886400272
internal_count=0
leaf_count=0

Tree=9
num_leaves=26
num_cat=0
split_feature=2 0 2 4 5 6 6 0 6 4 4 6 6 4 0 0 6 3 5 4 0 3 3 6 6
threshold=0.0629563975573 0.343093506709 0.0180465538770 274.180000000 0.390566090098 -4.16299320173 -3.44827759203 0.122142078077 1.67981501632 220.178000000 301.068000000 -0.188270048229 0.0365145228218 294.589000000 0.414119908303 0.181738281104 4.46399276889 0.240000000000 0.496503302851 297.912000000 0.517462192691 0.160000000000 0.620000000000 1.89947833490 -0.639900322360
decision_type=2 2 2 2 2 2 2 2 2 2 2 2 2 2 2 2 2 2 2 2 2 2 2 2 2
left_child=1 2 3 4 -1 -3 7 -5 -7 -9 11 -10 -12 14 15 16 -14 -16 -18 20 21 -20 23 -23 -25
right_child=13 9 6 5 -2 -4 8 -6 -8 10 12 -11 -13 19 18 17 -15 -17 -19 22 -22 -21 24 -24 -26
leaf_value=-0.000355373431656 -0.00236977285149 0.000840705737553 -0.000100714065643 0.000798463538709 0.00337690468769 -0.0000396408689543 0.000857832743154 -0.00732580094520 0.000830894284710 -0.00207434698287 -0.000147820794135 0.00626440748450 0.000545524960417 0.00227189828778 0.00380532715006 -0.000761438552004 0.0139694113434 0.00433720505366 -0.000765171702108 0.000737530847644 -0.00359460720422 -0.0000329005215509 -0.00137248785520 0.00484914826338 -0.0000686393070538
internal_count=0
leaf_count=0

Tree=10
num_leaves=27
num_cat=0
split_feature=2 0 0 6 0 3 2 6 0 6 4 6 4 4 0 0 5 6 6 6 3 1 5 6 5 0
threshold=0.0564789899857 0.254639150384 0.209685758227 -1.98411417907 0.0970062156631 0.0500000000000 0.0378050173546 -1.01118945359 0.229651356831 -3.44827759203 297.269000000 1.67981501632 300.671000000 294.589000000 0.229651356831 0.134248472990 0.173263955765 -2.25805384524 3.63460238305 -3.44827759203 0.130000000000 -0.0178287481748 0.348718018311 -1.56343556650 0.583538721700 0.682234376366
decision_type=2 2 2 2 2 2 2 2 2 2 2 2 2 2 2 2 2 2 2 2 2 2 2 2 2 2
left_child=1 2 3 4 -1 -3 7 -5 -7 -9 11 -10 -12 14 15 16 -14 -16 19 -18 -20 22 -22 -23 -25 -26
right_child=13 9 6 5 -2 -4 8 -6 -8 10 12 -11 -13 21 18 17 -15 -17 20 -19 -21 24 23 -24 25 -27
leaf_value=-0.000122841451816 0.00108359385445 -0.0000411977941749 -0.000295617836104 0.00369008178468 -0.000294866042249 0.00712649666371 0.00306648780408 0.00434796502048 -0.00233498323771 0.00222892499025 -0.000660350945431 0.000799095499130 -0.000419832067563 0.000912398577045 0.00329715269996 0.00132394615087 0.00717230045350 0.00143264352311 0.00911498394861 0.00369763501213 -0.00265056742258 -0.00149136497969 -0.000139707057956 0.00478020025649 -0.000710854639289 0.00180505564299
internal_count=0
leaf_count=0

Tree=11
num_leaves=26
num_cat=0
split_feature=2 0 2 4 3 0 0 6 3 4 0 6 4 5 4 0 0 0 6 3 6 3 3 6 0
threshold=0.0629563975573 0.254639150384 0.0224878535967 257.325000000 0.100000000000 0.0913496526281 0.163629200511 -1.74435456000 0.0700000000000 109.675000000 0.343093506709 -0.00166398820067 290.636000000 0.699558116609 294.589000000 0.343093506709 0.171931751285 0.0940994497662 3.12711454809 0.270000000000 2.10951526032 0.770000000000 0.520000000000 2.38119576508 0.682234376366
decision_type=2 2 2 2 2 2 2 2 2 2 2 2 2 2 2 2 2 2 2 2 2 2 2 2 2
left_child=1 2 3 4 -1 -3 7 -5 -7 10 -9 12 -11 -13 15 16 17 -15 -17 20 -19 22 23 -22 -24
right_child=14 9 6 5 -2 -4 8 -6 -8 11 -10 13 -12 -14 21 19 18 -16 -18 -21 -20 -26 24 -23 -25
leaf_value=-0.000162298833672 -0.000789267677736 -0.0000755380485931 -0.000327423061754 0.000770967603879 -0.000120074669562 0.00322568947301 0.000436654189555 -0.00202026936104 -0.0115427538283 0.00243535308986 -0.000971970510194 -0.00230683137634 0.0000926774388476 -0.000500103053819 0.00104302403203 0.00181012540176 0.00414763894681 0.00667357761192 0.0128666467276 0.000968009655594 -0.0000509627475991 -0.00132543674179 -0.00122827098578 0.00451293927129 -0.00253125991125
internal_count=0
leaf_count=0

Tree=12
num_leaves=28
num_cat=0
split_feature=2 0 3 0 4 4 4 5 0 4 2 5 4 3 3 4 0 0 4 3 3 3 5 0 4 6 6
threshold=0.0378050173546 0.290580110192 0.100000000000 0.115267515989 83.0590000000 109.675000000 242.361000000 0.380240934175 0.254639150384 297.269000000 -0.0463132080856 0.450699210863 301.585000000 0.0100000000000 0.360000000000 290.636000000 0.414119908303 0.155996149483 7.13600000000 0.0400000000000 0.190000000000 0.520000000000 0.348718018311 0.149678275743 296.634000000 1.05611607815 -0.639900322360
decision_type=2 2 2 2 2 2 2 2 2 2 2 2 2 2 2 2 2 2 2 2 2 2 2 2 2 2 2
left_child=1 2 3 4 -1 -3 7 -5 -7 10 -9 -10 13 -12 -14 16 17 18 -16 -18 -20 22 23 -22 -24 26 -26
right_child=15 9 6 5 -2 -4 8 -6 -8 12 11 -11 14 -13 -15 21 20 19 -17 -19 -21 25 24 -23 -25 -28 -27
leaf_value=-0.000526644226748 -0.0000619761158921 0.00133730837929 0.0000539193472423 -0.000568437475385 -0.00543125357617 -0.000137227833073 0.00116885135033 0.000588133562363 -0.00324172669069 -0.00105673234275 -0.00279482531774 -0.0000379661025925 0.00469018031170 0.000921188324264 -0.00117945632709 0.000639454748372 0.00308769410854 0.00104192927462 0.0103832148570 0.00477326351449 -0.000247444598208 -0.00371236047273 0.000530576686346 -0.000464059824174 0.00244122986207 -0.000933439043271 0.00410965740317
internal_count=0
leaf_count=0

Tree=13
num_leaves=26
num_cat=0
split_feature=2 2 0 3 0 4 4 5 4 0 6 6 6 0 4 5 0 0 2 3 4 6 6 4 4
threshold=0.0788458258632 0.0307278359821 0.229651356831 0.100000000000 0.181738281104 280.187000000 301.585000000 0.583538721700 242.361000000 0.209685758227 -1.56343556650 2.69963239358 -0.921995449452 0.209685758227 296.387000000 0.496503302851 0.343093506709 0.0940994497662 0.0906318398359 0.200000000000 290.636000000 1.05611607815 -2.25805384524 295.415000000 300.024000000
decision_type=2 2 2 2 2 2 2 2 2 2 2 2 2 2 2 2 2 2 2 2 2 2 2 2 2
left_child=1 2 3 4 -1 -3 7 -5 9 10 -8 -10 13 -12 -14 16 17 18 -16 -18 21 -20 -23 -24 -25
right_child=15 8 6 5 -2 -4 -7 -6 12 11 -9 -11 14 -13 -15 22 20 19 -17 -19 -22 -21 23 24 -26
leaf_value=-0.0000793321115900 0.00323235123730 -0.000512715237881 -0.0000584842275982 -0.00191070085117 -0.000314300830535 0.00232071953158 0.00101922092890 0.000169794307137 0.00262145452137 0.00580652127780 -0.000806415217242 0.00428235086757 -0.00216457371670 -0.000209944331442 -0.00123844715559 0.000131145371737 0.00233214086217 0.0000141639227417 0.00191075950602 0.0127769905116 0.00196840024275 0.00240748553346 -0.00395499783170 -0.000922782347781 0.0000674175134862
internal_count=0
leaf_count=0

Tree=14
num_leaves=32
num_cat=0
split_feature=2 0 6 4 2 0 0 4 0 4 6 5 6 1 4 5 0 0 6 3 5 4 4 2 4 0 3 3 6 5 5
threshold=0.0378050173546 0.229651356831 2.10951526032 91.1430000000 0.00791096406129 0.194190662069 0.0796868920859 31.7810000000 0.194190662069 295.415000000 -0.00158533903855 0.186961022519 0.173935450622 -0.0104333823096 301.325000000 0.210329250239 0.134248472990 0.0854769959227 0.0365145228218 0.0600000000000 0.202809048023 138.519000000 121.110000000 0.0906318398359 294.589000000 0.343093506709 0.190000000000 0.0700000000000 2.69963239358 0.390566090098 0.450699210863
decision_type=2 2 2 2 2 2 2 2 2 2 2 2 2 2 2 2 2 2 2 2 2 2 2 2 2 2 2 2 2 2 2
left_child=1 2 3 4 -1 -3 7 -5 -7 10 11 -9 -11 14 -13 -15 17 18 19 -17 -19 22 -21 -23 25 26 -25 -27 29 -29 -31
right_child=16 9 6 5 -2 -4 8 -6 -8 13 12 -10 -12 15 -14 -16 24 21 20 -18 -20 23 -22 -24 28 27 -26 -28 30 -30 -32
leaf_value=-0.000815431143896 0.0000247123149207 -0.000142053877740 0.000477692516250 -0.00165033125259 -0.000177877451840 0.00104417450030 0.00433827871325 -0.00338170465037 0.00140523655514 -0.00389662464802 -0.000647998548012 -0.00149021446034 0.00260077858120 0.00548278335937 -0.000213778917956 0.000219974004365 -0.000809603591648 -0.00121292760307 0.000515035839505 0.000372945810953 0.00244993962231 -0.000613905023512 0.000904455039771 0.00172337574621 0.00000899676781464 0.00929218263605 0.00286696014338 0.00263763860220 -0.0000628055653610 -0.00391709963850 0.000496043632380
internal_count=0
leaf_count=0

Tree=15
num_leaves=27
num_cat=0
split_feature=2 2 0 6 0 4 4 4 0 6 0 6 6 5 0 5 0 0 3 4 5 1 4 3 2 4
threshold=0.0788458258632 0.0307278359821 0.343093506709 -2.57230732359 0.134248472990 61.5620000000 220.178000000 301.585000000 0.149678275743 -1.56343556650 0.0796868920859 1.67981501632 4.46399276889 0.362930428979 0.181738281104 0.583538721700 0.229651356831 0.138846704622 0.170000000000 250.346000000 0.214593296673 -0.0242454277731 301.925000000 0.400000000000 0.186657368888 298.768000000
decision_type=2 2 2 2 2 2 2 2 2 2 2 2 2 2 2 2 2 2 2 2 2 2 2 2 2 2
left_child=1 2 3 4 -1 -3 -5 -6 9 10 -8 -10 13 -12 -14 16 17 18 -16 -18 -20 -21 23 24 -23 -25
right_child=15 8 6 5 -2 -4 7 -7 12 11 -9 -11 14 -13 -15 22 20 19 -17 -19 21 -22 -27 25 -24 -26
leaf_value=-0.0000456566558529 0.00365284919246 -0.000478229925930 -0.000101031324605 -0.00556824941711 -0.000977636761585 0.00366965196855 -0.000860006034818 0.000944841393665 -0.000570514401124 0.000399492547506 0.00115165260793 -0.000806487739371 0.00432985887463 0.00555443029585 0.000599087270160 -0.00173509276756 0.00185968253230 -0.000710000604279 0.00886643998824 -0.00195297904711 0.00355005683221 -0.000796359173359 0.000797693271326 -0.00424007167536 -0.000762533399876 0.00257662340244
internal_count=0
leaf_count=0

Tree=16
num_leaves=31
num_cat=0
split_feature=2 0 0 2 3 6 3 4 3 5 5 5 6 4 4 6 6 0 4 2 5 5 6 0 0 5 0 5 3 4
threshold=0.0378050173546 0.229651356831 0.194190662069 -0.0358469295132 0.210000000000 0.00156638046203 0.240000000000 269.097000000 0.360000000000 0.583538721700 0.225011847205 0.182771288847 -0.533537461998 285.894000000 295.487000000 4.46399276889 -3.44827759203 0.194190662069 250.346000000 0.0788458258632 0.362930428979 0.196653192402 1.67981501632 0.134248472990 0.112018384471 0.184536450026 0.122142078077 0.219219701849 0.0200000000000 129.235000000
decision_type=2 2 2 2 2 2 2 2 2 2 2 2 2 2 2 2 2 2 2 2 2 2 2 2 2 2 2 2 2 2
left_child=1 2 3 4 -1 -3 7 -5 -7 10 11 -9 -11 -13 -14 16 17 18 -16 -18 21 -20 -22 24 25 -24 -26 28 -28 -30
right_child=15 9 6 5 -2 -4 8 -6 -8 13 12 -10 -12 14 -15 23 20 19 -17 -19 22 -21 -23 27 26 -25 -27 29 -29 -31
leaf_value=-0.000921419003434 -0.000101637793272 -0.000176881886539 0.0000796630617517 0.00236928211654 -0.000962690031326 -0.00218928990500 0.00245565325438 -0.00100177076198 0.00187027001513 0.000172152122019 -0.00339308072794 0.00191967238223 -0.00358341669173 -0.0000712373595142 0.00101709309377 -0.00130679831446 0.000936357933636 0.00457965409462 -0.000196011353930 0.00103975383207 -0.000542238700238 0.000925211417389 -0.00112152033780 0.000750974810192 0.00254301946765 0.000484360572324 0.00812348087714 0.00406304854026 -0.00178734038418 0.00269148672140
internal_count=0
leaf_count=0

Tree=17
num_leaves=29
num_cat=0
split_feature=2 2 4 3 0 2 0 0 2 6 3 0 4 6 2 5 4 0 3 6 0 0 5 4 6 6 4 3
threshold=0.0564789899857 0.0180465538770 99.7900000000 0.0900000000000 0.122142078077 -0.00383152918995 0.108971897536 0.102939009049 -0.0463132080856 -1.74435456000 0.110000000000 0.163629200511 129.235000000 1.55086319495 0.0419243274418 0.182771288847 294.589000000 0.155996149483 0.0200000000000 5.99336119990 0.0970062156631 0.414119908303 0.428287952565 274.180000000 2.38119576508 1.67981501632 301.925000000 0.130000000000
decision_type=2 2 2 2 2 2 2 2 2 2 2 2 2 2 2 2 2 2 2 2 2 2 2 2 2 2 2 2
left_child=1 2 3 4 -1 -3 7 -5 -7 10 11 -9 -11 14 -13 -15 17 18 19 -17 -19 22 -21 -23 25 26 -25 -28
right_child=16 9 6 5 -2 -4 8 -6 -8 13 12 -10 -12 15 -14 -16 24 21 20 -18 -20 23 -22 -24 27 -27 -26 -29
leaf_value=-0.000372889706118 0.00146429660920 -0.000438377699113 -0.00126877689124 -0.0000651988325867 0.000500511092108 0.000859089101569 -0.000594375970736 0.00105336550261 0.00532054882233 -0.00210775152539 0.000603095981354 0.00000231572768235 -0.000829878069016 -0.000269500236216 0.00103263183934 -0.000268316431857 0.00199723950606 -0.000263725869606 0.00111425684578 0.00210490826272 -0.00118536954791 0.0104315370612 0.000549402064066 -0.000385526033452 0.00129810913296 0.00196210870885 -0.000632299839907 -0.00379681310492
internal_count=0
leaf_count=0

Tree=18
num_leaves=27
num_cat=0
split_feature=2 6 6 0 3 3 0 4 4 0 0 4 2 4 4 4 0 0 4 5 6 3 4 3 4 5
threshold=0.0788458258632 1.67981501632 -0.533537461998 0.134248472990 0.0800000000000 0.360000000000 0.0796868920859 46.0950000000 295.415000000 0.194190662069 0.0767907251380 25.0140000000 -0.0358469295132 290.636000000 230.655000000 263.523000000 0.343093506709 0.209685758227 12.1930000000 0.219219701849 -0.639900322360 0.520000000000 294.589000000 0.100000000000 296.387000000 0.699558116609
decision_type=2 2 2 2 2 2 2 2 2 2 2 2 2 2 2 2 2 2 2 2 2 2 2 2 2 2
left_child=1 2 3 4 -1 -3 7 -5 -7 10 11 -9 -11 14 -13 16 17 18 -16 -18 21 22 -21 24 -24 -26
right_child=15 9 6 5 -2 -4 8 -6 -8 13 12 -10 -12 -15 -14 20 -20 19 -17 -19 23 -23 -22 25 -25 -27
leaf_value=0.000117175820681 -0.000329283366913 0.00119423043393 -0.000778706159505 -0.000810989479909 -0.0000122801791869 -0.000703739832019 -0.0000577767391220 -0.00160031849584 -0.0000859484727680 -0.00129225793198 0.000709525730626 0.00194815072190 0.00704498179796 -0.00170598406641 -0.000887326864320 0.00105794181789 0.00769141613184 0.00183841196486 0.00703976394709 0.00253512626718 -0.000157851898824 0.00380145301972 0.00282754988117 -0.000447805262856 -0.00297371351107 -0.0000265482259803
internal_count=0
leaf_count=0

Tree=19
num_leaves=25
num_cat=0
split_feature=2 0 6 5 3 0 4 5 5 4 4 3 6 0 4 4 0 3 6 6 4 6 3 0
threshold=0.0250240889661 0.343093506709 -1.74435456000 0.202809048023 0.160000000000 0.122142078077 285.894000000 0.255743121518 0.846658885456 209.041000000 301.585000000 0.620000000000 -3.44827759203 0.112018384471 18.1280000000 61.5620000000 0.343093506709 0.200000000000 3.12711454809 -1.56343556650 296.634000000 1.05611607815 0.300000000000 0.229651356831
decision_type=2 2 2 2 2 2 2 2 2 2 2 2 2 2 2 2 2 2 2 2 2 2 2 2
left_child=1 2 3 4 -1 -3 7 -5 -7 -9 11 -10 13 14 -13 -14 17 -16 19 20 -19 -21 23 -23
right_child=12 9 6 5 -2 -4 8 -6 -8 10 -12 -11 18 16 15 -15 -18 -17 22 21 -20 -22 -25 -24
leaf_value=0.000258198469237 -0.000820150537149 0.000399631950545 0.00287524716721 -0.000185219950113 -0.000949523747487 -0.0000629591687911 0.000434832053014 -0.00619717557535 -0.00117791721387 0.000724008427299 0.00295190213492 -0.00111133494819 0.00142678762596 -0.000708160992298 0.00212201261666 -0.00158575092999 0.00510081226850 0.000687714695409 -0.000659574441483 -0.000378799598160 0.000241195297201 0.00102121635781 0.00338722469097 -0.00562801966496
internal_count=0
leaf_count=0

Tree=20
num_leaves=26
num_cat=0
split_feature=6 0 4 4 5 0 2 5 0 3 0 6 3 0 0 4 4 0 0 4 0 0 3 0 0
threshold=-3.44827759203 0.134248472990 68.0050000000 31.7810000000 0.180896362483 0.0884655380988 -0.0463132080856 0.255743121518 0.414119908303 0.300000000000 0.290580110192 3.12711454809 0.0700000000000 0.181738281104 0.171931751285 129.235000000 301.585000000 0.254639150384 0.414119908303 242.361000000 0.209685758227 0.0825172907107 0.0200000000000 0.517462192691 0.290580110192
decision_type=2 2 2 2 2 2 2 2 2 2 2 2 2 2 2 2 2 2 2 2 2 2 2 2 2
left_child=1 2 3 4 -1 -3 -5 -6 9 10 -8 12 13 14 -12 -14 17 -16 -18 20 21 -20 -22 24 -24
right_child=11 8 6 5 -2 -4 7 -7 -11 -10 -9 19 16 15 -13 -15 18 -17 -19 23 22 -21 -23 -26 -25
leaf_value=0.000849257126636 -0.000746711530499 0.000629223631235 0.00330039194180 -0.00170961247848 -0.000248493421866 0.00200296114372 0.00231847234001 0.00640109333608 -0.00180809567849 0.00628403400427 -0.0000196225258256 -0.00168566450045 0.00459117764837 0.000546892245376 -0.000178898543100 -0.000748953115377 0.000354479608791 0.00191098931516 -0.000235180744654 0.00102036235759 0.00810541224564 0.00341842266405 -0.000347293014580 0.00117432378626 -0.00274778872665
internal_count=0
leaf_count=0

Tree=21
num_leaves=30
num_cat=0
split_feature=2 0 2 0 0 6 5 0 0 4 5 5 4 5 2 6 6 0 5 5 5 0 4 0 5 4 5 4 0
threshold=0.0564789899857 0.290580110192 0.0160115775968 0.171931751285 0.163629200511 -0.533537461998 0.180896362483 0.171931751285 0.149678275743 300.671000000 0.428287952565 0.362930428979 285.894000000 0.309954110468 -0.0463132080856 4.46399276889 -1.74435456000 0.194190662069 0.276234258249 0.699558116609 0.380240934175 0.209685758227 290.636000000 0.138846704622 0.176072688503 109.675000000 0.219219701849 91.1430000000 0.254639150384
decision_type=2 2 2 2 2 2 2 2 2 2 2 2 2 2 2 2 2 2 2 2 2 2 2 2 2 2 2 2 2
left_child=1 2 3 4 -1 -3 7 -5 -7 10 11 -9 -11 -13 -14 16 17 18 -16 -18 21 -20 -22 24 -24 -25 27 -27 -29
right_child=15 9 6 5 -2 -4 8 -6 -8 13 12 -10 -12 14 -15 23 20 19 -17 -19 22 -21 -23 26 25 -26 28 -28 -30
leaf_value=-0.0000879188344072 0.000610427285943 0.00112129011499 -0.000979460538715 -0.000141218398536 -0.00290015329472 0.000189688897161 0.000904005644432 -0.00152402770813 -0.00554807403759 0.00205894300566 -0.000526393687879 0.00593202420675 0.00116709729367 -0.000839601151075 0.000357530978102 0.00188052548127 0.00344577883088 -0.000442265351062 0.000124240753266 0.00194240095283 -0.00384337411381 0.00000320793515930 -0.00124483520040 0.000389414753406 0.00231918984272 0.00778867062038 0.00411374478203 0.000757142655748 0.00375987632026
internal_count=0
leaf_count=0

Tree=22
num_leaves=26
num_cat=0
split_feature=2 6 6 0 3 2 4 3 1 0 4 2 4 3 0 2 4 0 0 3 6 6 5 6 0
threshold=0.0788458258632 1.67981501632 -1.98411417907 0.115267515989 0.0700000000000 -0.0920344685632 295.963000000 0.520000000000 -0.110793042921 0.0796868920859 121.110000000 -0.00742285718935 174.833000000 0.240000000000 0.181738281104 0.0378050173546 294.589000000 0.414119908303 0.122142078077 0.110000000000 3.12711454809 2.69963239358 0.583538721700 1.89947833490 0.517462192691
decision_type=2 2 2 2 2 2 2 2 2 2 2 2 2 2 2 2 2 2 2 2 2 2 2 2 2
left_child=1 2 3 4 -1 -3 7 -5 -7 10 11 -9 -11 14 -13 -15 17 18 19 -17 -19 22 -22 -23 -25
right_child=16 9 6 5 -2 -4 8 -6 -8 13 12 -10 -12 15 -14 -16 21 -21 20 -18 -20 24 23 -24 -26
leaf_value=0.000248764900090 -0.000345250659221 0.00361940458606 0.000863443202234 -0.000320361877179 -0.00247542178317 -0.00106527132197 -0.0000278049300226 -0.00170227788231 -0.000347539020153 0.000737660334542 -0.000173225820728 0.000623000830116 0.00291973724821 -0.000286188251963 -0.00364708612836 0.000480292681176 -0.00186046678019 0.000916025904672 0.00254203545487 0.00611670369747 0.00206548769302 -0.000437838962273 0.00178908717543 0.000245990478045 -0.00375717685293
internal_count=0
leaf_count=0

Tree=23
num_leaves=26
num_cat=0
split_feature=2 3 0 6 0 4 4 0 3 0 4 4 0 4 3 5 4 0 0 3 5 4 4 5 5
threshold=0.0788458258632 0.100000000000 0.163629200511 -0.921995449452 0.0970062156631 7.13600000000 269.097000000 0.209685758227 0.0100000000000 0.0796868920859 301.925000000 149.862000000 0.0384225646286 299.331000000 0.450000000000 0.105263510771 294.589000000 0.414119908303 0.194190662069 0.130000000000 0.214593296673 274.180000000 301.925000000 0.336676690650 0.583538721700
decision_type=2 2 2 2 2 2 2 2 2 2 2 2 2 2 2 2 2 2 2 2 2 2 2 2 2
left_child=1 2 3 4 -1 -3 7 -5 -7 10 11 -9 -11 14 -13 -15 17 18 19 -17 -19 -21 23 -23 -24
right_child=16 9 6 5 -2 -4 8 -6 -8 13 12 -10 -12 15 -14 -16 22 21 20 -18 -20 -22 -26 24 -25
leaf_value=-0.0000756311141949 0.000969468731557 -0.000737703356585 -0.0000524011609540 0.000858958089731 0.00319439052376 -0.00120868795630 0.000102702538232 -0.000379278276781 -0.00000542040983260 -0.000486744236013 0.00221279569819 -0.000496199321619 -0.00184136522752 0.00520703277444 -0.0000507408447503 0.000944641564816 -0.000781868772892 0.00703006122241 0.00155696874909 0.0106105625575 0.000897243997138 -0.00270857091320 0.00170468699439 -0.000331238960642 0.00191127284615
internal_count=0
leaf_count=0

Tree=24
num_leaves=29
num_cat=0
split_feature=6 6 0 3 4 3 2 3 3 0 4 5 2 4 3 5 0 0 4 0 3 5 3 5 3 0 4 4
threshold=3.12711454809 -3.44827759203 0.134248472990 0.160000000000 109.675000000 0.300000000000 0.0378050173546 0.220000000000 0.240000000000 0.254639150384 7.13600000000 0.170135564840 0.0307278359821 109.675000000 0.400000000000 0.193632465857 0.138846704622 0.0825172907107 161.091000000 0.0767907251380 0.0700000000000 0.210329250239 0.140000000000 0.225011847205 0.270000000000 0.254639150384 220.178000000 290.636000000
decision_type=2 2 2 2 2 2 2 2 2 2 2 2 2 2 2 2 2 2 2 2 2 2 2 2 2 2 2 2
left_child=1 2 3 4 -1 -3 7 -5 -7 10 11 -9 -11 14 -13 -15 17 18 19 -17 -19 22 -21 -23 25 26 -25 -27
right_child=16 9 6 5 -2 -4 8 -6 -8 13 12 -10 -12 15 -14 -16 24 21 20 -18 -20 23 -22 -24 -29 27 -26 -28
leaf_value=0.00102219796660 -0.000247444015441 -0.00191641811584 0.000629150624598 0.00530741918950 0.00212608946619 0.00159025599026 -0.00131867004089 -0.00282154937165 -0.000327344840414 -0.0000838200642029 0.000196487671323 -0.000622466870510 -0.00760634223516 0.000991238411322 -0.000534216701514 -0.000294379722821 -0.00161066244046 -0.000280821207351 0.000130340912153 0.000511417305001 -0.00122633649253 0.00305991273672 0.000383120186256 0.00208469599318 -0.000516885954704 0.00677307725369 -0.000344419152001 -0.00273010991014
internal_count=0
leaf_count=0

Tree=25
num_leaves=31
num_cat=0
split_feature=2 0 2 4 5 0 4 3 4 5 5 4 0 2 4 4 0 4 3 3 6 6 0 6 3 4 5 3 2 4
threshold=0.0250240889661 0.254639150384 0.00332142086982 220.178000000 0.264300404471 0.229651356831 220.178000000 0.330000000000 250.346000000 0.583538721700 0.362930428979 138.519000000 0.414119908303 0.0160115775968 294.589000000 250.346000000 0.209685758227 31.7810000000 0.0500000000000 0.130000000000 3.63460238305 -2.96000796093 0.254639150384 0.00164940264443 0.300000000000 257.325000000 0.699558116609 0.0800000000000 0.0629563975573 294.589000000
decision_type=2 2 2 2 2 2 2 2 2 2 2 2 2 2 2 2 2 2 2 2 2 2 2 2 2 2 2 2 2 2
left_child=1 2 3 4 -1 -3 7 -5 -7 10 11 -9 -11 14 -13 16 17 18 -16 -18 21 -20 -22 24 25 -24 -26 28 -28 -30
right_child=15 9 6 5 -2 -4 8 -6 -8 13 12 -10 -12 -15 -14 23 20 19 -17 -19 22 -21 -23 27 26 -25 -27 29 -29 -31
leaf_value=-0.000332059811015 -0.00158388837025 -0.0000389905514484 0.00109582657555 0.000220492964065 0.00473085028436 -0.00115989080638 0.00000522578018436 -0.00315158864382 -0.0000573459262426 -0.00501658741428 -0.000452731036891 0.00399457803748 -0.0000285799987925 -0.00258595109130 0.000173578643352 -0.000767972833761 0.000762594408850 -0.0000388993875437 0.00351302905556 0.000680542964260 0.00196638030187 0.00625923936504 -0.00278108693534 -0.000120492154100 0.00391070395215 -0.000134437157438 -0.000379800808646 0.00132046986828 -0.00303997764837 -0.000499010109047
internal_count=0
leaf_count=0

Tree=26
num_leaves=27
num_cat=0
split_feature=6 0 3 0 2 4 5 5 0 4 0 2 5 6 4 3 5 4 2 1 0 4 6 0 3 2
threshold=-3.44827759203 0.194190662069 0.160000000000 0.0825172907107 0.0564789899857 209.041000000 0.219219701849 0.144156252642 0.108971897536 290.636000000 0.254639150384 0.0701174124133 0.288528704112 1.67981501632 109.675000000 0.360000000000 0.247510686524 129.235000000 -0.0235859411537 -0.110793042921 0.0854769959227 39.2000000000 3.12711454809 0.0796868920859 0.520000000000 -0.0920344685632
decision_type=2 2 2 2 2 2 2 2 2 2 2 2 2 2 2 2 2 2 2 2 2 2 2 2 2 2
left_child=1 2 3 4 -1 -3 7 -5 -7 10 11 -9 -11 14 15 16 -14 18 -17 -19 21 22 -21 -23 25 -25
right_child=13 9 6 5 -2 -4 8 -6 -8 -13 12 -10 -12 20 17 -16 -15 19 -18 -20 24 23 -22 -24 -27 -26
leaf_value=0.000173654499350 -0.00110396631647 0.00130225985193 -0.000703750276308 0.000331063288115 -0.00172422039652 0.000542539963453 0.00137534414336 0.00431072582146 0.00133153446083 0.00436406508735 0.00951647987771 -0.000332660156428 -0.000238488917444 -0.00231827596125 -0.00250718995533 -0.000881080198335 0.000705847426272 -0.000745425272574 -0.0000655569361961 -0.00154460367025 -0.000411252380309 -0.0000709411008569 0.000999174160207 -0.00357395581504 0.000720790254352 0.00397999621640
internal_count=0
leaf_count=0

Tree=27
num_leaves=26
num_cat=0
split_feature=2 0 3 0 6 5 5 0 6 4 6 6 5 3 5 5 0 3 0 2 4 5 2 6 6
threshold=0.0788458258632 0.290580110192 0.100000000000 0.163629200511 -4.16299320173 0.380240934175 0.184536450026 0.0884655380988 -2.96000796093 296.634000000 1.89947833490 0.694744546333 0.0637739078459 0.270000000000 0.699558116609 0.583538721700 0.414119908303 0.0700000000000 0.171931751285 0.106785338614 280.187000000 0.699558116609 0.186657368888 2.10951526032 -0.921995449452
decision_type=2 2 2 2 2 2 2 2 2 2 2 2 2 2 2 2 2 2 2 2 2 2 2 2 2
left_child=1 2 3 4 -1 -3 7 -5 -7 10 11 -9 13 -12 -14 16 17 18 -16 -18 -20 22 -22 24 -24
right_child=15 9 6 5 -2 -4 8 -6 -8 12 -11 -10 14 -13 -15 21 20 19 -17 -19 -21 23 -23 -26 -25
leaf_value=0.000875894452672 -0.0000174793085989 0.00124197521637 -0.00139825026841 -0.000177363130356 -0.00101099554444 0.000860594516743 -0.000107307839739 -0.00173390260665 -0.00543461671407 0.00341585459148 -0.00148108942004 0.00699964641446 -0.00121734706766 0.000120642731106 0.000713921421105 0.00247877390193 -0.000796279649475 0.000676283499141 0.0103783587400 0.000949265372971 -0.000461379998812 -0.00424782116988 -0.000928882600859 0.000137585757989 0.00223753566057
internal_count=0
leaf_count=0

Tree=28
num_leaves=26
num_cat=0
split_feature=2 6 5 3 0 4 0 6 4 0 6 4 0 4 4 4 1 5 4 4 0 0 5 5 6
threshold=0.0788458258632 -1.74435456000 0.202809048023 0.150000000000 0.0970062156631 263.523000000 0.138846704622 -4.16299320173 285.894000000 0.229651356831 2.10951526032 91.1430000000 0.0796868920859 297.573000000 91.1430000000 301.925000000 -0.110793042921 0.699558116609 300.024000000 301.325000000 0.682234376366 0.105893585049 0.202809048023 0.348718018311 -0.317772996000
decision_type=2 2 2 2 2 2 2 2 2 2 2 2 2 2 2 2 2 2 2 2 2 2 2 2 2
left_child=1 2 3 4 -1 -3 7 -5 -7 10 11 -9 -11 14 -13 -15 17 -17 -18 -19 21 22 -21 -23 -25
right_child=16 9 6 5 -2 -4 8 -6 -8 13 12 -10 -12 15 -14 -16 20 18 19 -20 24 23 -22 -24 -26
leaf_value=-0.000129942586762 0.000807226694732 -0.00136129946683 0.000396619669150 0.00173737635240 0.0000273899166644 0.00243483787159 -0.00148876395894 -0.000406142634429 -0.0000172044902263 -0.000170045880763 0.000653434504300 0.00184352638254 -0.00145500078488 0.0000679972939569 0.00248550524211 -0.00253544031023 0.000534441366662 -0.000234050835776 -0.000542856217579 -0.000990551864659 0.000281382717500 0.00116199163089 -0.0000877735524570 0.00802040754955 0.00130564864194
internal_count=0
leaf_count=0

Tree=29
num_leaves=26
num_cat=0
split_feature=2 6 0 4 0 1 0 6 4 6 6 0 6 6 0 4 5 5 2 5 0 4 1 6 6
threshold=0.0250240889661 -4.16299320173 0.134248472990 61.5620000000 0.0796868920859 -0.110793042921 0.682234376366 0.00160462105105 91.1430000000 0.356683929754 -0.317772996000 0.149678275743 1.89947833490 -0.533537461998 0.0796868920859 91.1430000000 0.255743121518 0.214593296673 0.0463525146024 0.583538721700 0.414119908303 295.415000000 -0.0342735764360 2.69963239358 1.89947833490
decision_type=2 2 2 2 2 2 2 2 2 2 2 2 2 2 2 2 2 2 2 2 2 2 2 2 2
left_child=1 2 3 -1 -2 6 7 -5 9 -8 -10 12 13 14 -12 -14 17 -16 -18 20 21 -20 -22 24 -24
right_child=11 5 -4 4 -3 8 -7 -6 10 -9 -11 19 16 15 -13 -15 18 -17 -19 23 22 -21 -23 -26 -25
leaf_value=0.00240574641177 0.000324248116698 -0.00337693021031 0.00587719153837 -0.00109840290893 -0.00261135521398 0.000159062910136 -0.000588105453477 0.000458651519946 0.000139769439486 -0.0000766281577658 -0.000719922870480 0.000392231681666 -0.00100313239961 0.0000985484968728 0.000195606073870 0.00164074693637 -0.00209148730010 -0.0000335621165698 0.000925314784655 -0.00145988362122 -0.00221575672269 0.00759234775922 -0.000224702977647 0.00433364755219 -0.00209701340264
internal_count=0
leaf_count=0

Tree=30
num_leaves=29
num_cat=0
split_feature=2 6 6 0 3 3 0 4 4 0 0 4 5 3 6 6 5 1 2 0 5 6 1 1 6 6 4 3
threshold=0.0788458258632 1.89947833490 -2.25805384524 0.209685758227 0.160000000000 0.190000000000 0.254639150384 91.1430000000 295.415000000 0.163629200511 0.0767907251380 39.2000000000 0.255743121518 0.240000000000 4.46399276889 2.69963239358 0.846658885456 -0.110793042921 0.186657368888 0.414119908303 0.348718018311 -1.20751980449 -0.00100644623660 -0.110793042921 -0.921995449452 0.00159311773172 298.768000000 0.450000000000
decision_type=2 2 2 2 2 2 2 2 2 2 2 2 2 2 2 2 2 2 2 2 2 2 2 2 2 2 2 2
left_child=1 2 3 4 -1 -3 7 -5 -7 10 11 -9 -11 14 -13 -15 17 18 -17 20 -19 -21 23 24 -23 -25 -27 -28
right_child=16 9 6 5 -2 -4 8 -6 -8 13 12 -10 -12 15 -14 -16 22 19 -18 21 -20 -22 26 25 -24 -26 27 -29
leaf_value=0.000278064822477 -0.000299643311444 0.00521664619869 0.00147970602484 -0.000238644127779 -0.0000293286488262 -0.00174519328679 -0.0000357690899171 -0.00123632481120 -0.0000415483360101 0.000584279911940 -0.000977623426311 0.00124224355029 0.00499533001125 0.00167028251590 -0.00346959580516 -0.000483105706887 -0.00218810374703 0.000851154648565 -0.000479836365024 0.00736982175118 0.00298044362013 -0.000134682110496 0.00153695003887 -0.000395175994397 0.000188346305265 -0.00308447454590 -0.00000803758226454 -0.000942982486709
internal_count=0
leaf_count=0

Tree=31
num_leaves=25
num_cat=0
split_feature=6 6 5 3 0 2 0 2 3 0 4 2 0 5 5 6 0 5 5 5 0 3 5 2
threshold=3.12711454809 -3.44827759203 0.190578051278 0.160000000000 0.144204971510 0.00693132738139 0.194190662069 -0.0358469295132 0.0300000000000 0.229651356831 3.50100000000 0.0000310937041279 0.209685758227 0.428287952565 0.210329250239 1.89947833490 0.194190662069 0.309954110468 0.264300404471 0.247510686524 0.155996149483 0.300000000000 0.214593296673 0.106785338614
decision_type=2 2 2 2 2 2 2 2 2 2 2 2 2 2 2 2 2 2 2 2 2 2 2 2
left_child=1 2 3 4 -1 -3 7 -5 -7 10 11 -9 -11 14 -13 -15 17 18 19 -17 -19 22 -22 -23
right_child=16 9 6 5 -2 -4 8 -6 -8 13 12 -10 -12 15 -14 -16 21 -21 20 -18 -20 -25 23 -24
leaf_value=-0.0000396487587954 0.00171365936500 -0.000430152980308 -0.00499422954281 -0.00127350272260 0.00106398012216 0.00426980947096 0.00206280798346 -0.00166061648164 0.000722227660054 -0.0000440886452959 0.000792272003363 -0.0000378811238810 -0.00178972589650 -0.000130843598009 0.00280040510310 0.000248613861081 -0.00124969381102 0.000330233011855 0.00398115686385 -0.00140516291386 0.00723157641432 0.00443736536240 0.00107023208016 -0.00224666423721
internal_count=0
leaf_count=0

Tree=32
num_leaves=28
num_cat=0
split_feature=6 6 0 4 3 2 4 4 4 0 5 3 5 6 4 5 4 0 0 4 3 0 3 4 0 4 4
threshold=2.38119576508 -0.188270048229 0.115267515989 109.675000000 0.200000000000 0.0341612049037 285.894000000 269.097000000 295.487000000 0.108971897536 0.184536450026 0.520000000000 0.231628923655 0.00156638046203 295.963000000 0.184536450026 269.097000000 0.343093506709 0.194190662069 186.209000000 0.240000000000 0.209685758227 0.450000000000 285.894000000 0.0546774710927 295.415000000 298.345000000
decision_type=2 2 2 2 2 2 2 2 2 2 2 2 2 2 2 2 2 2 2 2 2 2 2 2 2 2 2
left_child=1 2 3 4 -1 -3 7 -5 -7 10 11 -9 -11 14 -13 -15 17 18 19 -17 -19 22 23 -22 -24 -26 -27
right_child=16 9 6 5 -2 -4 8 -6 -8 13 12 -10 -12 15 -14 -16 21 -21 20 -18 -20 25 24 -23 -25 26 -28
leaf_value=-0.000566421871681 0.000775835591611 -0.0000474990121819 0.000742576828933 0.000647619649829 0.00498234908687 -0.00215190637619 -0.000135805716205 -0.000130170314444 -0.00142533350308 0.000333338070655 0.00000457312723614 -0.00131176207444 0.000105188122371 -0.000781830453664 0.0000401852800561 0.000561922236930 -0.000298920811097 0.00277812151475 -0.00288813516280 0.00855735007277 -0.000643514322287 -0.0000987470035898 -0.000118373926462 0.00131746831568 -0.00430528481716 0.00142091159422 -0.00186024368190
internal_count=0
leaf_count=0

Tree=33
num_leaves=28
num_cat=0
split_feature=6 5 0 4 3 4 0 3 2 3 2 4 5 6 0 2 4 6 4 6 4 4 0 5 0 4 5
threshold=-1.74435456000 0.190578051278 0.343093506709 18.1280000000 0.0700000000000 83.0590000000 0.125917911476 0.0900000000000 0.0629563975573 0.200000000000 -0.0235859411537 209.041000000 0.699558116609 1.67981501632 0.343093506709 -0.0920344685632 250.346000000 1.36084153804 280.187000000 -0.00158533903855 301.925000000 269.097000000 0.343093506709 0.173263955765 0.149678275743 290.636000000 0.699558116609
decision_type=2 2 2 2 2 2 2 2 2 2 2 2 2 2 2 2 2 2 2 2 2 2 2 2 2 2 2
left_child=1 2 3 4 -1 -3 7 8 -6 -8 11 -10 -12 14 15 16 -14 -16 19 -18 -20 22 23 -22 25 -25 -27
right_child=13 6 -5 5 -2 -4 10 9 -7 -9 12 -11 -13 21 18 17 -15 -17 20 -19 -21 24 -24 -23 26 -26 -28
leaf_value=-0.000358354009689 -0.00208108415121 0.000823083621235 -0.000196961496184 -0.00475899153414 0.00130302972007 -0.0000855980221425 -0.00136502504164 0.000199696434314 0.00764752666986 0.000607974174757 0.00121546381061 -0.000950979036859 0.00367368904622 -0.000380004831396 -0.0000515768533248 -0.000492793265082 0.000304394250683 -0.00547680905196 -0.000249509807980 0.00251423992216 -0.000311727998695 0.000493109239011 0.00704908045863 -0.000580937830630 0.00000267142880400 -0.00232220441349 0.000975247409072
internal_count=0
leaf_count=0

Tree=34
num_leaves=28
num_cat=0
split_feature=6 6 0 5 4 3 1 4 4 2 5 2 0 3 4 3 0 5 2 0 4 4 0 4 3 2 6
threshold=2.10951526032 -2.25805384524 0.181738281104 0.202809048023 12.1930000000 0.0300000000000 -0.110793042921 269.097000000 7.13600000000 0.00172505952972 0.193632465857 0.00891728888768 0.414119908303 0.100000000000 295.415000000 0.250000000000 0.171931751285 0.176072688503 0.0463525146024 0.0705981981764 295.415000000 257.325000000 0.125917911476 109.675000000 0.360000000000 -0.0000386225448742 2.69963239358
decision_type=2 2 2 2 2 2 2 2 2 2 2 2 2 2 2 2 2 2 2 2 2 2 2 2 2 2 2
left_child=1 2 3 4 -1 -3 -5 -6 9 10 -8 -10 13 -12 -14 16 17 18 -16 -18 21 -20 23 -23 -24 -26 -27
right_child=15 8 6 5 -2 -4 7 -7 12 11 -9 -11 14 -13 -15 22 20 19 -17 -19 -22 -21 25 24 -25 26 -28
leaf_value=-0.00100836249738 0.000107551906999 -0.000145006314928 0.00110500059427 -0.00279431420964 0.00134412355525 0.00436531276163 -0.00219688406909 0.0000776392696842 0.00355865213589 -0.000375355651221 0.0000157510071184 -0.000168598147151 -0.00328130518773 -0.0000951620904603 0.000148925293302 -0.00137794535289 -0.000435461696487 0.000835659217235 0.00171810198818 0.00759388333156 -0.00149642819735 0.00189700385859 -0.000997659038833 0.000323545791194 -0.00562314126181 0.00153057228591 -0.00179598957680
internal_count=0
leaf_count=0

Tree=35
num_leaves=24
num_cat=0
split_feature=2 1 3 2 3 3 0 2 5 4 6 4 6 3 0 5 4 4 0 6 4 4 4
threshold=0.0788458258632 -0.110793042921 0.330000000000 0.0143131816471 0.0100000000000 0.0700000000000 0.163629200511 0.0629563975573 0.255743121518 295.415000000 -0.0393778238203 301.585000000 -0.317772996000 0.620000000000 0.118469451877 0.182771288847 298.768000000 257.325000000 0.229651356831 1.89947833490 161.091000000 280.187000000 296.387000000
decision_type=2 2 2 2 2 2 2 2 2 2 2 2 2 2 2 2 2 2 2 2 2 2 2
left_child=1 2 3 4 -1 6 7 -5 -7 10 -9 -11 13 14 15 -13 -15 18 19 -18 -20 -22 -23
right_child=12 5 -4 -3 -2 9 8 -6 -8 11 -10 -12 17 -17 16 -14 -16 21 20 -19 -21 22 -24
leaf_value=-0.00173237877052 -0.000231725629107 0.000729014914724 -0.00310556845140 0.0000664047329689 -0.000925400024608 0.00220166690702 0.000342389902364 0.0000126316527485 -0.000403111518171 0.0000158851036509 0.000665202772239 0.000206643116580 -0.000804578227384 0.00122646098297 -0.000447300212429 0.00345084800181 -0.00167041923269 0.000285957676500 -0.000259965652585 0.00339270743102 -0.00298809675307 0.00152726927431 -0.000460093990588
internal_count=0
leaf_count=0

Tree=36
num_leaves=23
num_cat=0
split_feature=6 6 0 2 4 2 3 2 3 3 2 4 6 0 0 0 2 2 0 4 3 1
threshold=2.10951526032 -2.96000796093 0.171931751285 -0.0621989847686 149.862000000 -0.0139132110991 0.400000000000 0.0512919125761 0.620000000000 0.300000000000 -0.0358469295132 53.2960000000 1.05611607815 0.517462192691 0.155996149483 0.343093506709 -0.0920344685632 0.186657368888 0.229651356831 280.187000000 0.330000000000 -0.0550003212777
decision_type=2 2 2 2 2 2 2 2 2 2 2 2 2 2 2 2 2 2 2 2 2 2
left_child=1 2 3 4 -1 -3 7 -5 9 10 -8 -10 13 -12 -14 16 -16 18 -17 -20 21 -21
right_child=15 8 6 5 -2 -4 -7 -6 12 11 -9 -11 14 -13 -15 19 17 -19 -18 20 -23 -22
leaf_value=-0.00253600493518 -0.000168921702244 0.00136904164486 -0.0000907013725936 0.00353265114790 0.00153650144364 -0.00105227039826 -0.000589666221984 -0.0000789676756303 0.00440701947335 0.000126145025323 -0.000264722868167 -0.00221091739803 -0.000405052541684 0.00383210182241 -0.00200951262830 0.000254448768892 0.00171106322975 -0.00167973360783 0.00591404303143 -0.000225272410397 -0.00120116981981 0.00230637911563
internal_count=0
leaf_count=0

Tree=37
num_leaves=28
num_cat=0
split_feature=6 0 3 0 5 5 3 2 0 1 0 3 6 0 4 4 3 6 5 4 2 5 0 0 4 0 4
threshold=-2.57230732359 0.181738281104 0.160000000000 0.155996149483 0.247510686524 0.255743121518 0.220000000000 0.0378050173546 0.118469451877 -0.0550003212777 0.414119908303 0.220000000000 0.00156638046203 0.0913496526281 121.110000000 61.5620000000 0.520000000000 -0.0393778238203 0.170135564840 295.415000000 -0.0358469295132 0.309954110468 0.108971897536 0.414119908303 269.097000000 0.343093506709 280.187000000
decision_type=2 2 2 2 2 2 2 2 2 2 2 2 2 2 2 2 2 2 2 2 2 2 2 2 2 2 2
left_child=1 2 3 4 -1 -3 7 -5 -7 -9 11 -10 13 14 15 -13 -15 18 -17 -19 21 22 -21 -23 25 -25 -27
right_child=12 9 6 5 -2 -4 8 -6 -8 10 -12 -11 20 17 16 -14 -16 19 -18 -20 24 23 -22 -24 26 -26 -28
leaf_value=0.000324803591980 0.00174332161910 -0.000154272109248 -0.00139800525581 -0.00183640794936 -0.000465409088570 -0.000405661387606 0.00252259422279 -0.00277130925669 0.00203236687213 -0.00138825201230 0.00612619333812 0.000134127505762 -0.00121296927342 0.0000187023721825 -0.000353559443198 -0.000977289914177 0.000176890581278 -0.00121452427209 -0.0000198176490325 -0.000409094331492 -0.00240155218153 -0.000118643386246 0.00414004472404 0.000244291632259 0.00463992710689 -0.000813034133134 0.00000881835928011
internal_count=0
leaf_count=0

Tree=38
num_leaves=24
num_cat=0
split_feature=5 0 0 4 3 4 4 5 4 6 0 2 4 4 2 4 6 0 0 4 0 5 5
threshold=0.184536450026 0.517462192691 0.229651356831 53.2960000000 0.0500000000000 68.0050000000 61.5620000000 0.166239422794 296.634000000 -2.25805384524 0.0940994497662 0.0341612049037 109.675000000 75.2040000000 -0.0920344685632 53.2960000000 4.46399276889 0.343093506709 0.194190662069 269.097000000 0.138846704622 0.214593296673 0.219219701849
decision_type=2 2 2 2 2 2 2 2 2 2 2 2 2 2 2 2 2 2 2 2 2 2 2
left_child=1 2 3 4 -1 -3 -5 -6 -8 10 11 12 -10 -12 -14 -15 17 18 -17 -19 21 -21 -23
right_child=9 8 6 5 -2 -4 7 -7 -9 16 14 13 -11 -13 15 -16 20 19 -18 -20 22 -22 -24
leaf_value=-9.56049907227e-7 -0.000950442189458 0.000821856314748 -0.0000872154311122 0.00470985085213 0.00116113119169 -0.00292817057380 -0.00590952165410 0.000222485504550 0.00171330641389 -0.000444389786728 -0.00189980165344 -0.000545376040522 0.00476200492764 -0.000571498300881 0.00106933688752 0.0000117465945531 0.000415678044561 0.00175571169684 -0.000608043295118 -0.000215011875401 0.000870606526058 0.00286619334626 0.000698636068845
internal_count=0
leaf_count=0

Tree=39
num_leaves=23
num_cat=0
split_feature=6 5 5 2 0 4 4 3 6 2 6 4 3 0 6 6 1 3 2 0 5 2
threshold=-4.16299320173 0.380240934175 0.190578051278 0.0906318398359 0.138846704622 109.675000000 83.0590000000 0.240000000000 1.67981501632 -0.0920344685632 -1.98411417907 209.041000000 0.190000000000 0.171931751285 1.24972593729 -0.533537461998 -0.0242454277731 0.300000000000 0.186657368888 0.414119908303 0.309954110468 0.0906318398359
decision_type=2 2 2 2 2 2 2 2 2 2 2 2 2 2 2 2 2 2 2 2 2 2
left_child=1 2 3 4 -1 6 -4 -6 9 10 11 -9 -11 14 -13 -15 17 18 -17 20 -20 -22
right_child=8 -8 5 -3 -2 7 -5 -7 16 13 12 -10 -12 15 -14 -16 19 -19 -18 21 -21 -23
leaf_value=-0.000165497190182 -0.00280704002105 0.00147690528280 0.00166335875014 0.00366632554809 0.000842609794801 -0.00100642875742 0.00479847896573 0.00713956818799 0.000199659702137 -0.00190769959350 0.000641283319333 -0.0000188950147008 -0.000383762663339 0.000219913617592 -0.000580411621518 -0.000165510724471 -0.00152024363535 -0.00275318257708 0.000362305595102 -0.000721899514214 -0.000529400200861 0.00451761427779
internal_count=0
leaf_count=0

Tree=40
num_leaves=30
num_cat=0
split_feature=6 0 0 5 5 5 3 2 3 4 6 3 4 5 3 1 2 0 2 0 0 5 0 4 5 0 2 3 3
threshold=1.67981501632 0.290580110192 0.194190662069 0.309954110468 0.255743121518 0.348718018311 0.0200000000000 0.0906318398359 0.360000000000 297.573000000 -3.44827759203 0.110000000000 121.110000000 0.309954110468 0.360000000000 -0.00100644623660 -0.0358469295132 0.122142078077 -0.0621989847686 0.0884655380988 0.0767907251380 0.264300404471 0.0854769959227 39.2000000000 0.180896362483 0.0767907251380 0.0224878535967 0.0600000000000 0.240000000000
decision_type=2 2 2 2 2 2 2 2 2 2 2 2 2 2 2 2 2 2 2 2 2 2 2 2 2 2 2 2 2
left_child=1 2 3 4 -1 -3 7 -5 -7 10 11 -9 -11 14 -13 -15 17 18 19 -17 -19 -21 23 24 -23 -25 27 -27 -29
right_child=16 9 6 5 -2 -4 8 -6 -8 13 12 -10 -12 15 -14 -16 22 21 20 -18 -20 -22 26 25 -24 -26 28 -28 -30
leaf_value=-0.0000434289035163 -0.000492294942446 0.000405775456481 0.00000558549909680 0.00516001806254 0.00109590934572 0.0000308136643340 0.00214389673150 0.00353393945684 0.000179717624674 -0.00538798456631 -0.00119825225683 -0.000603866908744 0.00497146344631 0.000317664210634 -0.000596802632866 -0.000112146133328 0.00296903472124 -0.000117410351204 -0.00254305143219 -0.00431738692980 -0.00154413755918 -0.000292997608163 -0.00152968160600 -0.0000498440607587 0.00106053593275 0.00227155456071 0.000800279094382 0.000622192614233 -0.00118276634361
internal_count=0
leaf_count=0

Tree=41
num_leaves=32
num_cat=0
split_feature=2 0 4 2 5 5 6 4 4 6 5 3 4 5 4 6 4 0 0 3 5 6 3 0 4 6 5 3 3 0 6
threshold=0.0113190938622 0.105893585049 53.2960000000 -0.00194628349384 0.190578051278 0.170135564840 0.00156638046203 161.091000000 161.091000000 -2.57230732359 0.196653192402 0.180000000000 174.833000000 0.450699210863 186.209000000 -0.639900322360 263.523000000 0.290580110192 0.0940994497662 0.200000000000 0.348718018311 -0.393563675711 0.270000000000 0.343093506709 295.415000000 -0.00154789991806 0.390566090098 0.400000000000 0.520000000000 0.517462192691 1.24972593729
decision_type=2 2 2 2 2 2 2 2 2 2 2 2 2 2 2 2 2 2 2 2 2 2 2 2 2 2 2 2 2 2 2
left_child=1 2 3 4 -1 -3 7 -5 -7 10 11 -9 -11 14 -13 -15 17 18 19 -17 -19 22 -21 -23 25 26 -25 -27 29 -29 -31
right_child=16 9 6 5 -2 -4 8 -6 -8 13 12 -10 -12 15 -14 -16 24 21 20 -18 -20 23 -22 -24 28 27 -26 -28 30 -30 -32
leaf_value=-0.000547979490870 -0.00235474139589 -0.00143582868345 0.000678067390882 -0.000403475412518 0.00000862338941743 0.000988062199971 0.0000734401215252 -0.00247806672231 0.000466124990108 0.00439010985883 0.000534118524524 -0.000240602160886 -0.00115223728923 -0.00115742963636 0.000277702131331 -0.000191820324844 -0.00207054473150 0.000428351198398 -0.00104964981794 0.00258733330962 -0.00413666673042 0.00219925237379 0.00689166816847 -0.000872297061628 0.00280518466590 -0.00113410348613 -0.00760160287630 6.70089279596e-7 -0.000596226588136 0.000127402460259 0.00353874988232
internal_count=0
leaf_count=0

Tree=42
num_leaves=26
num_cat=0
split_feature=6 0 4 3 5 3 4 5 6 5 6 6 0 4 5 0 2 0 5 3 4 4 0 3 3
threshold=1.67981501632 0.0613114103404 53.2960000000 0.0500000000000 0.184536450026 0.520000000000 301.585000000 0.170135564840 -1.98411417907 0.0719817403797 0.00156638046203 -0.393563675711 0.0940994497662 294.589000000 0.176072688503 0.149678275743 0.0224878535967 0.0970062156631 0.162127479443 0.200000000000 269.097000000 257.325000000 0.290580110192 0.620000000000 0.400000000000
decision_type=2 2 2 2 2 2 2 2 2 2 2 2 2 2 2 2 2 2 2 2 2 2 2 2 2
left_child=1 2 3 -1 5 -3 -5 8 9 -7 -9 12 -11 -13 15 16 17 -15 -17 -19 21 22 -21 24 -24
right_child=14 7 4 -2 6 -4 -6 11 10 -8 -10 13 -12 -14 20 19 18 -16 -18 -20 23 -23 -22 -26 -25
leaf_value=0.000928379256268 -0.00196359668841 0.00000161490555367 -0.00109019731395 0.000106640364579 0.000809820106953 0.00216464075455 0.0000884534128307 -0.00114063705369 -0.000222643001719 -0.000385184031799 0.000259110781458 -0.000412618531048 0.0000366010610008 -0.000112654508681 0.00164045930921 -0.0000740883197709 -0.00116933056293 0.0000661659744947 -0.00361646262454 0.000508034996783 0.00313194891655 0.00521586034745 -0.000312737023758 -0.00276710488875 0.00189155040388
internal_count=0
leaf_count=0

Tree=43
num_leaves=24
num_cat=0
split_feature=2 6 0 0 0 2 6 2 0 0 5 5 4 2 0 5 4 4 4 4 4 5 0
threshold=0.0788458258632 3.63460238305 0.254639150384 0.194190662069 0.171931751285 -0.0463132080856 0.499171821056 0.0250240889661 0.414119908303 0.171931751285 0.255743121518 0.219219701849 109.675000000 0.0512919125761 0.414119908303 0.496503302851 294.589000000 149.862000000 296.067000000 301.325000000 280.187000000 0.583538721700 0.682234376366
decision_type=2 2 2 2 2 2 2 2 2 2 2 2 2 2 2 2 2 2 2 2 2 2 2
left_child=1 2 3 4 -1 -3 7 -5 -7 10 11 -9 -12 -13 15 16 17 -15 -18 -19 -21 -22 -23
right_child=14 9 6 5 -2 -4 8 -6 -8 12 -11 -10 13 -14 20 18 -17 -16 19 -20 21 22 -24
leaf_value=0.00000749537719170 -0.000544771957869 0.00499156319627 0.000387763991903 -0.000347348147325 0.000770909154750 -0.00289087633812 0.000244798412356 0.0000118502616340 0.00145095999849 -0.00204838980067 0.00646731223103 -0.000290954960700 0.00299557381674 0.000113585453967 0.000919496505776 -0.00203419302892 -0.00247393147618 0.000292780182435 -0.000855032364197 0.00737887375584 0.00357661553081 -0.000788824898050 0.000508666320498
internal_count=0
leaf_count=0

Tree=44
num_leaves=23
num_cat=0
split_feature=6 0 5 4 3 2 2 5 2 5 4 1 5 3 4 2 6 6 0 6 0 2
threshold=-5.47112949248 0.134248472990 0.180896362483 46.0950000000 0.0300000000000 0.0701174124133 -0.00542589964091 0.255743121518 0.0629563975573 0.206459175384 301.925000000 -0.110793042921 0.699558116609 0.0800000000000 299.639000000 0.186657368888 5.99336119990 2.38119576508 0.414119908303 -1.01118945359 0.0577343337685 0.186657368888
decision_type=2 2 2 2 2 2 2 2 2 2 2 2 2 2 2 2 2 2 2 2 2 2
left_child=1 2 3 -1 -2 6 -4 8 -7 -8 11 12 13 -11 -13 16 -15 -17 19 -19 -20 -22
right_child=10 7 5 4 -3 -6 -5 -10 9 -9 18 15 14 -12 -14 17 -16 -18 21 20 -21 -23
leaf_value=0.00203880866626 0.000193358607672 -0.000511535031232 -0.00115530199120 0.000634096272684 -0.00175435021088 0.00452071880536 0.00147969421596 0.00240860110978 0.000575768765611 -0.000448846123060 -0.00215160711206 0.000757083461060 0.0000237017695988 -0.0000483267784891 0.000638506295788 0.00199843928929 -0.000938537347976 0.00206191110445 0.000185725964547 -0.000658637109606 0.00562703702425 0.000474858988284
internal_count=0
leaf_count=0

Tree=45
num_leaves=25
num_cat=0
split_feature=6 0 3 2 0 0 3 4 4 3 0 6 2 0 6 2 4 4 0 5 4 4 2 0
threshold=-3.44827759203 0.254639150384 0.240000000000 -0.0285947552131 0.112018384471 0.0999376819396 0.400000000000 280.187000000 230.655000000 0.0700000000000 0.209685758227 -1.74435456000 0.106785338614 0.181738281104 0.957297193633 0.0701174124133 242.361000000 295.415000000 0.343093506709 0.390566090098 121.110000000 301.925000000 0.0701174124133 0.414119908303
decision_type=2 2 2 2 2 2 2 2 2 2 2 2 2 2 2 2 2 2 2 2 2 2 2 2
left_child=1 2 3 -1 -2 6 -4 8 -7 10 11 12 -10 -12 15 -14 -16 18 19 -18 -20 22 -22 -24
right_child=9 7 5 4 -3 -6 -5 -9 -8 17 14 13 -11 -13 16 -15 -17 21 20 -19 -21 23 -23 -25
leaf_value=0.00300574200610 -0.000147639016734 0.000757876200288 0.000565192771843 -0.000851378574354 -0.00291162318973 0.00252037366019 0.00744576628672 -0.00106898304715 0.000284249182905 0.00252766389881 6.36218200252e-7 -0.00109029244059 0.000401844881007 -0.00257287260424 0.00311621767660 -0.000106065468605 -0.000166974701595 -0.00121404853483 -0.00875467305781 -0.000287092346719 0.0000495795263879 -0.000492425319967 0.000369086242344 0.00234177803259
internal_count=0
leaf_count=0

Tree=46
num_leaves=24
num_cat=0
split_feature=6 3 0 6 4 2 4 2 2 4 0 4 5 0 0 5 4 0 0 2 2 5 0
threshold=5.99336119990 0.100000000000 0.163629200511 -4.16299320173 109.675000000 0.0463525146024 269.097000000 0.0250240889661 0.106785338614 301.585000000 0.155996149483 99.7900000000 0.699558116609 0.414119908303 0.0577343337685 0.846658885456 274.180000000 0.138846704622 0.108971897536 0.0512919125761 0.0906318398359 0.219219701849 0.0854769959227
decision_type=2 2 2 2 2 2 2 2 2 2 2 2 2 2 2 2 2 2 2 2 2 2 2
left_child=1 2 3 4 -1 -3 7 -5 -7 10 11 -9 -11 14 -13 -15 17 18 19 -17 -20 -21 -23
right_child=16 9 6 5 -2 -4 8 -6 -8 13 12 -10 -12 15 -14 -16 22 20 -19 -18 21 -22 -24
leaf_value=0.00138999419505 -0.000433746269151 0.0000334678462529 -0.000368045985336 0.00376809817680 0.000501279397843 -0.000756664446086 0.00126553477310 -0.000275275402052 0.0000451705357408 -0.000657445387446 0.000157708569646 0.00132680204229 -0.000453257335190 0.00609175247858 0.00114792594227 -0.000838312849954 0.000918989807802 0.000897554029628 0.00521854878183 0.00276533038047 -0.000313552422070 0.000204384604066 -0.00269904481068
internal_count=0
leaf_count=0

Tree=47
num_leaves=26
num_cat=0
split_feature=2 6 6 0 0 3 4 0 3 4 0 5 0 2 4 1 5 4 3 4 0 0 5 4 6
threshold=0.0788458258632 0.00166511256195 -0.188270048229 0.0884655380988 0.0825172907107 0.110000000000 280.187000000 0.343093506709 0.620000000000 250.346000000 0.290580110192 0.362930428979 0.0940994497662 -0.0285947552131 295.415000000 -0.110793042921 0.699558116609 301.325000000 0.300000000000 296.634000000 0.414119908303 0.517462192691 0.583538721700 242.361000000 -0.759825048687
decision_type=2 2 2 2 2 2 2 2 2 2 2 2 2 2 2 2 2 2 2 2 2 2 2 2 2
left_child=1 2 3 4 -1 -3 7 -5 -7 10 11 -9 13 -12 -14 16 -16 -17 19 20 -19 -21 23 -23 -25
right_child=15 9 6 5 -2 -4 8 -6 -8 12 -11 -10 14 -13 -15 18 17 -18 22 21 -20 -22 24 -24 -26
leaf_value=-0.0000831749489157 -0.000976811232155 0.000663580945420 0.0000412209703660 -0.000443300782898 -0.00385812302550 0.0000472462399681 -0.000720471933832 0.000346369822396 -0.00239892921406 0.00351224115530 -0.000396341599196 0.0000654882516369 -0.00279731686675 -0.0000677713550686 -0.00156902370632 0.0000591121765115 -0.000575256760297 0.000395812797603 0.00263963009785 -0.000276049183155 -0.00250934009383 -0.0000607482756193 0.00783207799849 0.00331033397049 -0.000865023753238
internal_count=0
leaf_count=0

Tree=48
num_leaves=24
num_cat=0
split_feature=3 0 2 6 4 4 4 0 0 5 3 4 5 0 0 3 6 5 0 3 2 0 5
threshold=0.100000000000 0.122142078077 0.131736237535 0.00156638046203 18.1280000000 3.50100000000 3.50100000000 0.149678275743 0.134248472990 0.264300404471 0.0800000000000 138.519000000 0.0224613373885 0.343093506709 0.0677780034658 0.400000000000 4.46399276889 0.184536450026 0.254639150384 0.210000000000 0.0100485269302 0.0970062156631 0.247510686524
decision_type=2 2 2 2 2 2 2 2 2 2 2 2 2 2 2 2 2 2 2 2 2 2 2
left_child=1 2 3 4 -1 -3 7 8 -6 10 -9 -11 13 14 15 -13 17 18 -17 -19 21 -21 -23
right_child=12 6 -5 5 -2 -4 9 -8 -7 11 -10 -12 16 -16 -15 -14 20 19 -18 -20 22 -22 -24
leaf_value=-0.000655731224735 -0.00000791588021544 0.00166319441900 0.0000530651228126 -0.00137272696437 0.000858690744548 -0.000498196709584 -0.00305363922559 0.000438612626374 0.00191780844692 -0.00362072184728 0.000162149382016 0.000194895844806 -0.000538496445258 -0.00116020420904 0.00538669526153 -0.000239308085456 -0.00242427850425 -0.000208725197738 0.0000609150061984 -0.00000445687778704 -0.00261139688253 0.00287676627368 0.0000410157111117
internal_count=0
leaf_count=0

Tree=49
num_leaves=20
num_cat=0
split_feature=6 5 3 0 5 2 0 6 4 3 5 5 3 5 4 0 4 2 4
threshold=-2.57230732359 0.496503302851 0.450000000000 0.194190662069 0.327316199516 0.0512919125761 0.0546774710927 5.99336119990 3.50100000000 0.0200000000000 0.193632465857 0.184536450026 0.620000000000 0.199870253522 280.187000000 0.194190662069 220.178000000 0.131736237535 297.269000000
decision_type=2 2 2 2 2 2 2 2 2 2 2 2 2 2 2 2 2 2 2
left_child=1 2 3 4 -1 -3 -5 8 9 10 -8 12 -11 -13 15 16 -15 -17 -19
right_child=7 -7 6 5 -2 -4 -6 14 11 -10 -9 13 -12 -14 18 17 -16 -18 -20
leaf_value=0.000113129103643 -0.00150280717880 0.00355561699562 0.00125914470018 -0.000124890101909 -0.00331771908482 0.00425850767679 -0.000264228522398 0.00155514611673 0.00371938396346 -0.0000924901601811 -0.00131622536683 0.000362652185036 -0.0000288002630918 0.000646897034794 -0.00118062663128 0.00432402593025 0.00154931267107 -0.00289680615756 -0.0000497376975532
internal_count=0
leaf_count=0

Tree=50
num_leaves=28
num_cat=0
split_feature=6 5 4 6 0 0 0 3 2 4 5 2 6 0 4 4 4 6 2 3 6 4 0 5 0 2 4
threshold=-4.16299320173 0.190578051278 99.7900000000 -5.47112949248 0.105893585049 0.0940994497662 0.105893585049 0.130000000000 -0.0235859411537 121.110000000 0.210329250239 0.0906318398359 -0.533537461998 0.108971897536 109.675000000 75.2040000000 129.235000000 -1.01118945359 0.106785338614 0.0300000000000 0.00156638046203 274.180000000 0.171931751285 0.583538721700 0.414119908303 -0.0196421286680 274.180000000
decision_type=2 2 2 2 2 2 2 2 2 2 2 2 2 2 2 2 2 2 2 2 2 2 2 2 2 2 2
left_child=1 2 3 4 -1 -3 7 -5 -8 10 -9 -11 13 14 15 -13 -15 18 -17 -19 21 22 -21 -23 25 -25 -27
right_child=12 8 6 5 -2 -4 -7 -6 9 11 -10 -12 20 17 16 -14 -16 19 -18 -20 24 23 -22 -24 26 -26 -28
leaf_value=0.000246646882043 0.00340749378777 0.000753058897700 -0.00149685418233 -0.000608877133017 0.000197230516555 -0.00462048017927 0.00345348768325 0.00313888584374 0.00101730117077 -0.000968100979220 0.00117860372142 -0.000302661272451 -0.00144411621175 0.000659973286375 -0.0000295205770670 0.000442373947203 -0.000921565757320 0.00520170851617 0.00100184494079 -0.000262661760510 -0.00156662231589 -0.0000635941722365 0.000405339377929 -0.000417847423678 0.0000570747156526 0.00995719254064 -0.0000662281155297
internal_count=0
leaf_count=0

Tree=51
num_leaves=26
num_cat=0
split_feature=2 4 3 0 5 5 4 3 5 0 0 4 6 4 0 5 0 3 4 3 3 6 4 6 0
threshold=0.00530037505362 149.862000000 0.400000000000 0.209685758227 0.231628923655 0.182771288847 174.833000000 0.220000000000 0.255743121518 0.129881372420 0.108971897536 186.209000000 -0.188270048229 263.523000000 0.414119908303 0.348718018311 0.194190662069 0.0500000000000 274.180000000 0.110000000000 0.0500000000000 0.00000000000 301.925000000 -4.16299320173 0.414119908303
decision_type=2 2 2 2 2 2 2 2 2 2 2 2 2 2 2 2 2 2 2 2 2 2 2 2 2
left_child=1 2 3 4 -1 -3 7 8 -6 -8 11 -10 -12 14 15 16 -14 -16 19 20 -19 -21 23 -23 -25
right_child=13 6 -5 5 -2 -4 10 9 -7 -9 12 -11 -13 18 -18 17 -15 -17 22 21 -20 -22 24 -24 -26
leaf_value=-0.000161706288479 -0.00122375893926 -0.000280941039568 0.00315491343783 -0.00256776703396 0.000855867878670 -0.00144986690134 0.00110350125659 0.00414158820442 0.00119759294861 0.0000121840240359 0.000575780384634 -0.000425844152392 0.000199226465272 0.00103065215809 0.00289283569622 -0.00197388222554 0.00623143444091 -0.000544627623487 0.00153009491954 0.0000670398753471 -0.00657435335638 -0.00134588587530 -0.0000348610348425 -0.000477586805305 0.00368663558056
internal_count=0
leaf_count=0

Tree=52
num_leaves=21
num_cat=0
split_feature=3 3 0 3 0 4 5 0 4 4 4 2 2 4 5 6 6 6 4 5
threshold=0.330000000000 0.270000000000 0.144204971510 0.100000000000 0.105893585049 220.178000000 0.348718018311 0.209685758227 290.636000000 61.5620000000 39.2000000000 0.0378050173546 0.0143131816471 285.894000000 0.0113770840000 4.46399276889 -1.35785148083 -1.56343556650 83.0590000000 0.193632465857
decision_type=2 2 2 2 2 2 2 2 2 2 2 2 2 2 2 2 2 2 2 2
left_child=1 2 3 4 -1 -3 7 -5 -7 10 -9 12 -11 -13 -15 16 17 -16 -18 -20
right_child=14 9 6 5 -2 -4 8 -6 -8 11 -10 13 -12 -14 15 19 18 -17 -19 -21
leaf_value=-0.0000287751448126 0.000222857677074 -0.000373240888699 0.0000892668441121 0.000259159880633 0.000969173433115 -0.00151491065145 -0.00000211482412746 0.00131636634835 0.00333713669986 -0.000543015106996 0.00117045362210 -0.00349955795063 -0.000558883871453 0.00286424426061 -0.000183758192590 -0.00407965397653 0.00414827842241 0.000390316940232 -0.000930248085511 -0.00291998074765
internal_count=0
leaf_count=0

Tree=53
num_leaves=23
num_cat=0
split_feature=6 2 3 4 0 1 5 2 0 6 2 5 0 2 0 5 0 3 3 5 3 0
threshold=1.67981501632 -0.0920344685632 0.190000000000 269.097000000 0.149678275743 0.0318349021497 0.450699210863 0.186657368888 0.343093506709 -3.44827759203 0.0788458258632 0.176072688503 0.149678275743 0.0201396879119 0.0999376819396 0.162127479443 0.229651356831 0.520000000000 0.300000000000 0.178604681288 0.360000000000 0.0854769959227
decision_type=2 2 2 2 2 2 2 2 2 2 2 2 2 2 2 2 2 2 2 2 2 2
left_child=1 2 -1 4 -2 -4 7 8 -6 -9 -10 12 13 14 -12 -14 -16 18 19 -18 -20 -22
right_child=11 6 3 5 -3 -5 9 -8 -7 10 -11 17 16 15 -13 -15 -17 21 20 -19 -21 -23
leaf_value=-0.00175668989487 0.00118298004369 0.00725959792436 -0.000863405453814 0.000722586896729 -0.0000100763880378 -0.000952510814171 0.00206243064839 0.00314670871106 0.000320023008527 -0.000535067820821 0.000106850966426 0.00213471593868 -0.0000281269799284 -0.000939420698960 -0.00324575642850 -0.000261300131037 0.00246524146581 0.000402474812371 -0.00255077335030 0.000235145282115 0.000138618757975 0.00440615810407
internal_count=0
leaf_count=0

Tree=54
num_leaves=25
num_cat=0
split_feature=6 3 2 3 0 0 4 3 5 4 6 4 4 4 0 2 3 4 0 6 6 3 0 0
threshold=0.00000000000 0.450000000000 0.186657368888 0.0600000000000 0.171931751285 0.414119908303 297.269000000 0.0500000000000 0.184536450026 295.415000000 -0.00162989992655 230.655000000 280.187000000 263.523000000 0.343093506709 0.186657368888 0.330000000000 280.187000000 0.0970062156631 0.00164940264443 1.89947833490 0.450000000000 0.149678275743 0.414119908303
decision_type=2 2 2 2 2 2 2 2 2 2 2 2 2 2 2 2 2 2 2 2 2 2 2 2
left_child=1 2 3 4 -1 -3 7 -5 9 -8 -9 -11 -12 14 15 16 -14 18 19 -18 -20 22 -22 -24
right_child=13 8 6 5 -2 -4 -7 -6 11 10 -10 12 -13 17 -17 -16 -15 21 20 -19 -21 23 -23 -25
leaf_value=-0.0000142160214570 0.000746417187204 -0.000180195858986 0.000882708306051 0.00105341515792 0.00564288961270 -0.000490570723847 -0.00433856495896 -0.0000320604456664 -0.00243387466321 0.00262730602189 -0.00255776794786 -0.000336614789200 0.000143985782884 0.00163465414802 -0.00292060149785 0.00457894777326 0.00107312663565 -0.0000809735833346 -0.00551282662876 0.000520586853921 0.0000102521346125 -0.000374257709395 0.0000856208887206 0.00160221971376
internal_count=0
leaf_count=0

Tree=55
num_leaves=31
num_cat=0
split_feature=6 0 0 0 4 4 5 5 3 4 4 4 6 5 5 5 0 2 6 6 2 4 5 5 1 6 0 5 3 6
threshold=0.0365145228218 0.343093506709 0.209685758227 0.155996149483 99.7900000000 46.0950000000 0.309954110468 0.247510686524 0.150000000000 295.415000000 285.894000000 274.180000000 -0.00154789991806 0.0637739078459 -0.000190755394413 0.362930428979 0.181738281104 -0.0196421286680 0.173935450622 2.69963239358 0.0419243274418 220.178000000 0.214593296673 0.362930428979 -0.0550003212777 1.05611607815 0.343093506709 0.699558116609 0.240000000000 2.10951526032
decision_type=2 2 2 2 2 2 2 2 2 2 2 2 2 2 2 2 2 2 2 2 2 2 2 2 2 2 2 2 2 2
left_child=1 2 3 4 -1 -3 7 -5 -7 10 11 -9 -11 14 -13 -15 17 18 -17 -18 21 -20 -22 24 25 -24 -26 28 -28 -30
right_child=16 9 6 5 -2 -4 8 -6 -8 13 12 -10 -12 15 -14 -16 23 20 19 -19 22 -21 -23 27 26 -25 -27 29 -29 -31
leaf_value=-0.000216836023200 0.00000826918700646 -0.00249143409188 -0.000290935042633 0.000139901749381 0.00258402758421 -0.00213453890137 0.000513261791626 -0.00264571696831 0.00164094127416 -0.00372574702298 -0.00587021923747 -0.00169642186589 0.00595911470907 -0.00121812283999 0.0000579026916285 0.00157095896301 -0.000644749893889 0.000294531319673 0.000485252104296 -0.0000124503805976 -0.000575127497776 0.000297354260811 -0.00240851797429 -0.0000109381235076 0.000902951432188 0.00548725219715 0.000305164414968 -0.00296562317729 0.0000834258416269 0.00206872098466
internal_count=0
leaf_count=0

Tree=56
num_leaves=30
num_cat=0
split_feature=2 0 3 3 5 0 4 5 4 4 6 4 3 0 2 2 0 4 6 4 3 3 6 6 3 4 4 0 2
threshold=-0.0463132080856 0.181738281104 0.200000000000 0.160000000000 0.210329250239 0.108971897536 99.7900000000 0.190578051278 149.862000000 290.636000000 0.957297193633 220.178000000 0.450000000000 0.414119908303 -0.0920344685632 -0.0358469295132 0.0970062156631 91.1430000000 0.0365145228218 290.636000000 0.130000000000 0.300000000000 0.00156638046203 -0.533537461998 0.770000000000 274.180000000 257.325000000 0.209685758227 0.0113190938622
decision_type=2 2 2 2 2 2 2 2 2 2 2 2 2 2 2 2 2 2 2 2 2 2 2 2 2 2 2 2 2
left_child=1 2 3 4 -1 -3 7 -5 -7 10 11 -9 13 -12 -14 16 17 18 -16 -18 -20 -21 23 24 -23 -25 27 -27 -29
right_child=15 9 6 5 -2 -4 8 -6 -8 12 -11 -10 14 -13 -15 22 20 19 -17 -19 21 -22 26 25 -24 -26 28 -28 -30
leaf_value=-0.000741579112477 0.00158977618741 -0.000726624675603 -0.00376909281977 -0.000214152246506 0.00406262637992 -0.00178529495443 0.000344368683742 0.00371107548951 0.00644929391397 0.00103864624583 -0.000255104271909 0.00135428434479 -0.00221603082909 -0.0000171174207137 0.00241203784668 -0.000435846891586 -0.00168990188575 0.0000274022566730 0.00106103189490 -0.00524129749584 0.000218462043354 0.0000708613882596 -0.00137529261214 -0.000542744846917 -0.00000448025513098 0.0000881338242008 0.00110120036085 0.0000578236719306 -0.000283838112558
internal_count=0
leaf_count=0

Tree=57
num_leaves=19
num_cat=0
split_feature=4 0 5 3 0 6 4 0 5 5 6 5 2 4 2 4 4 3
threshold=138.519000000 0.343093506709 0.276234258249 0.100000000000 0.209685758227 5.99336119990 174.833000000 0.229651356831 0.288528704112 0.247510686524 0.00156638046203 0.264300404471 0.0906318398359 209.041000000 -0.0235859411537 250.346000000 186.209000000 0.0100000000000
decision_type=2 2 2 2 2 2 2 2 2 2 2 2 2 2 2 2 2 2
left_child=1 2 3 4 -1 -3 7 8 9 -7 -9 -11 13 14 -13 -15 -17 -18
right_child=6 -6 -5 5 -2 -4 12 11 10 -8 -10 -12 16 15 -14 -16 17 -19
leaf_value=-0.00000337681347068 0.00249454340181 -0.000427995307171 0.00143377622841 -0.00290878635966 -0.00316091586622 0.000553882831751 -0.000549972177067 0.000184457147776 0.00391071475442 0.00428041896828 0.000742432033437 -0.00378294343980 -0.000225577618035 0.000284243377160 -0.0000253666560610 0.00282590844722 -0.00168788942789 0.000476781294437
internal_count=0
leaf_count=0

Tree=58
num_leaves=23
num_cat=0
split_feature=2 3 0 4 4 6 6 2 6 4 0 6 2 2 5 5 1 4 3 0 3 3
threshold=0.106785338614 0.0700000000000 0.0767907251380 25.0140000000 18.1280000000 -1.01118945359 -0.921995449452 0.0629563975573 1.55086319495 109.675000000 0.343093506709 5.99336119990 0.0701174124133 0.0629563975573 0.362930428979 0.166239422794 -0.110793042921 298.345000000 0.300000000000 0.682234376366 0.620000000000 0.360000000000
decision_type=2 2 2 2 2 2 2 2 2 2 2 2 2 2 2 2 2 2 2 2 2 2
left_child=1 2 3 4 -1 -3 7 -5 -7 10 11 -9 13 -12 -14 -16 17 -17 -18 20 -20 -22
right_child=15 9 6 5 -2 -4 8 -6 -8 12 -11 -10 14 -13 -15 16 19 18 -19 21 -21 -23
leaf_value=-0.000806247428448 -0.00242052806342 -0.000196947594563 -0.0000108923370461 0.00106133743363 -0.000272538136723 -0.000112115235257 0.000485723152619 -0.000350448607558 0.00285835006173 -0.00563350192480 0.0000257533129780 0.00133957503505 0.000321505802337 -0.00252687334262 0.00247156147669 -0.00256230925577 0.000114571195241 -0.000998531175263 0.000410508730169 -0.00208939072004 0.00166880541169 0.00394082366986
internal_count=0
leaf_count=0

Tree=59
num_leaves=25
num_cat=0
split_feature=5 0 5 0 0 2 0 5 1 4 2 5 5 4 6 5 4 3 6 4 3 6 3 6
threshold=0.348718018311 0.209685758227 0.190578051278 0.194190662069 0.115267515989 0.0100485269302 0.171931751285 0.255743121518 -0.00563626658963 300.671000000 0.00394576604567 0.0956275319750 0.150170913566 257.325000000 -2.25805384524 0.390566090098 230.655000000 0.250000000000 -2.25805384524 294.589000000 0.190000000000 -1.35785148083 0.450000000000 -0.317772996000
decision_type=2 2 2 2 2 2 2 2 2 2 2 2 2 2 2 2 2 2 2 2 2 2 2 2
left_child=1 2 3 4 -1 6 -4 -6 9 10 -8 -11 -12 14 -14 16 -15 -17 19 -19 -20 22 -22 -24
right_child=13 8 5 -3 -2 7 -5 -7 11 -10 -9 12 -13 18 15 17 -16 -18 21 20 -21 23 -23 -25
leaf_value=-0.0000536646271742 0.000268633522910 -0.00274111270222 0.0000620400832539 -0.00116135342415 0.000464511980653 -0.0000973639198535 -0.000856878562177 -0.00395915755499 0.00142791475928 0.00504200386782 -0.00340612121186 0.00105499633861 -0.00517917406760 -0.00118090429485 0.00208922961165 -0.00412344927461 0.000168917253872 0.00397249164520 -0.00144632219249 0.000778922355880 -0.0000319796059114 -0.00260144420070 0.000483647446910 -0.0000882612807607
internal_count=0
leaf_count=0

Tree=60
num_leaves=21
num_cat=0
split_feature=1 6 6 3 0 6 0 4 6 6 6 4 6 0 5 0 6 2 6 4
threshold=-0.110793042921 -1.56343556650 -0.639900322360 0.330000000000 0.682234376366 0.840927859192 0.122142078077 109.675000000 0.0365145228218 -1.01118945359 0.173935450622 174.833000000 2.38119576508 0.108971897536 0.348718018311 0.414119908303 -0.188270048229 -0.0000386225448742 -3.44827759203 230.655000000
decision_type=2 2 2 2 2 2 2 2 2 2 2 2 2 2 2 2 2 2 2 2
left_child=1 -1 -2 4 -3 -5 7 8 9 -7 -9 12 -11 -13 15 16 -15 -17 -19 -20
right_child=6 2 3 5 -4 -6 14 11 10 -8 -10 13 -12 -14 18 17 -16 -18 19 -21
leaf_value=-0.00275086924035 0.00208293577442 -0.000553151457192 0.000870091931048 -0.000734940205988 -0.00345559050857 -0.0000955419953576 -0.000686517478786 0.00232149397676 0.00000556540118646 0.000224137445709 0.00222627997472 0.0000102068222943 -0.000580357831022 0.000702476584090 0.0000313714706412 -0.00229884039602 0.00499702961300 0.00329214347015 -0.00240390517222 -0.000211949385370
internal_count=0
leaf_count=0

Tree=61
num_leaves=28
num_cat=0
split_feature=2 5 0 2 0 6 4 2 4 6 6 5 3 3 5 0 6 5 2 2 4 5 3 6 3 5 4
threshold=0.0419243274418 0.450699210863 0.517462192691 -0.0285947552131 0.163629200511 0.0365145228218 295.487000000 -0.0000386225448742 263.523000000 0.00000000000 -1.74435456000 0.846658885456 0.0800000000000 0.0500000000000 0.170135564840 0.115267515989 3.12711454809 0.184536450026 0.0629563975573 0.106785338614 285.894000000 0.348718018311 0.270000000000 -0.921995449452 0.140000000000 0.699558116609 296.067000000
decision_type=2 2 2 2 2 2 2 2 2 2 2 2 2 2 2 2 2 2 2 2 2 2 2 2 2 2 2
left_child=1 2 3 4 -1 -3 -5 -6 9 -8 -10 -11 13 14 15 -13 -15 18 -17 -19 21 22 -21 -23 25 -25 -27
right_child=12 8 6 5 -2 -4 7 -7 10 -9 11 -12 20 17 16 -14 -16 19 -18 -20 24 23 -22 -24 26 -26 -28
leaf_value=-0.000103091624712 -0.00176223201928 -0.0000376986685970 0.000136892229809 -0.00548546609724 0.00222038793124 -0.00158078654735 -0.00163105129144 0.00707597625271 0.00199521612363 -0.0000879612783290 0.000488538722186 0.0000505079803937 0.00166610687211 -0.000357671334976 0.000142846247313 -0.00284236987088 0.000486924008812 0.00142984314197 -0.000581848374692 -0.000277253338483 -0.00212275590753 0.000525173845207 -0.00393486560741 -0.00191709006030 -0.000129993339423 0.00220936549136 0.000121966102392
internal_count=0
leaf_count=0

Tree=62
num_leaves=21
num_cat=0
split_feature=6 0 5 4 4 0 4 0 2 0 2 6 5 4 4 5 2 4 5 5
threshold=-3.44827759203 0.414119908303 0.327316199516 197.846000000 31.7810000000 0.122142078077 269.097000000 0.343093506709 0.131736237535 0.209685758227 -0.0621989847686 3.63460238305 0.219219701849 149.862000000 300.024000000 0.406518748812 0.0906318398359 269.097000000 0.309954110468 0.699558116609
decision_type=2 2 2 2 2 2 2 2 2 2 2 2 2 2 2 2 2 2 2 2
left_child=1 2 3 4 -1 -3 -5 8 9 10 -8 -10 -12 -13 15 16 -15 -17 -19 -20
right_child=7 -7 6 5 -2 -4 -6 14 12 11 -9 -11 13 -14 18 17 -16 -18 19 -21
leaf_value=-0.000503597110172 0.000653234779816 0.0000348081537706 -0.00216892099356 0.00334302221605 0.000996064649382 0.00512553236927 -0.000605276345609 0.0000150513139442 0.000266358119786 0.00252609722328 0.00168364041762 -0.00343800772644 -0.00111040519694 -0.00225151013103 0.00142449603489 0.00343481938039 -0.000416968929940 0.00654476198769 -0.00175828649615 0.0000444038228288
internal_count=0
leaf_count=0

Tree=63
num_leaves=21
num_cat=0
split_feature=3 3 4 0 5 0 4 4 4 5 5 4 5 3 6 4 4 6 5 0
threshold=0.620000000000 0.100000000000 186.209000000 0.254639150384 0.264300404471 0.0913496526281 209.041000000 230.655000000 295.963000000 0.348718018311 0.327316199516 230.655000000 0.00211406723812 0.330000000000 -2.96000796093 285.894000000 301.925000000 1.05611607815 0.0719817403797 0.0767907251380
decision_type=2 2 2 2 2 2 2 2 2 2 2 2 2 2 2 2 2 2 2 2
left_child=1 2 3 4 -1 6 -4 -6 9 10 -8 -10 13 -12 -14 -16 17 18 -17 -19
right_child=15 8 5 -3 -2 7 -5 -7 12 11 -9 -11 14 -13 -15 16 -21 19 -18 -20
leaf_value=0.000187554302423 -0.000728349217074 0.00237128309237 0.000449388036126 -0.0000104745850903 -0.000936769886889 -0.0000921032626439 -0.000268334154039 0.00109402455608 -0.00349015949611 -0.000456876414439 -0.000174706564336 0.00324259552645 -0.00135628156765 0.0000483055024679 0.00304068123632 -0.00179599610320 -0.0000465714002370 -0.000157514468819 0.00362032599516 0.00294881826975
internal_count=0
leaf_count=0

Tree=64
num_leaves=28
num_cat=0
split_feature=6 5 2 4 3 0 0 4 2 0 0 5 0 6 6 4 0 5 5 0 4 5 4 3 3 3 1
threshold=-0.0393778238203 0.239248435297 -0.0920344685632 83.0590000000 0.450000000000 0.254639150384 0.155996149483 186.209000000 0.0512919125761 0.209685758227 0.194190662069 0.699558116609 0.414119908303 -1.74435456000 0.00156638046203 295.415000000 0.343093506709 0.390566090098 0.406518748812 0.290580110192 301.925000000 0.186961022519 3.50100000000 0.00000000000 0.330000000000 0.250000000000 -0.0342735764360
decision_type=2 2 2 2 2 2 2 2 2 2 2 2 2 2 2 2 2 2 2 2 2 2 2 2 2 2 2
left_child=1 2 3 -1 5 -3 -5 8 9 -7 -9 12 -11 -13 15 16 17 -15 -17 20 -19 -21 23 -23 25 -25 -27
right_child=14 7 4 -2 6 -4 -6 11 10 -8 -10 13 -12 -14 22 19 18 -16 -18 21 -20 -22 24 -24 26 -26 -28
leaf_value=0.00378587967582 0.0000500056077546 -0.0000560045318765 0.00242058857738 -0.000288137058165 -0.00425258388800 0.00228537509152 0.00577226809173 0.000856648163742 -0.00127194831228 0.000139762939860 0.00350087089245 -0.00234103728483 -0.000312254989135 -0.000226630020398 -0.00161828111888 -0.00576603750874 -0.00171747081484 0.0000398785223337 -0.000466826298720 0.00281997835870 0.0000572509051525 -0.000662190029016 0.00493444007790 0.0000602730231730 -0.000645520733790 -0.00144600226291 0.000672126779383
internal_count=0
leaf_count=0

Tree=65
num_leaves=26
num_cat=0
split_feature=5 1 6 5 0 3 0 2 6 6 3 3 3 6 0 0 6 5 6 6 4 5 0 6 5
threshold=0.184536450026 -0.110793042921 0.304150562930 -0.000190755394413 0.290580110192 0.0500000000000 0.134248472990 0.0113190938622 -0.00154789991806 0.499171821056 0.240000000000 0.140000000000 0.130000000000 1.89947833490 0.181738281104 0.194190662069 -2.25805384524 0.406518748812 2.69963239358 -3.44827759203 250.346000000 0.188123166072 0.229651356831 4.46399276889 0.336676690650
decision_type=2 2 2 2 2 2 2 2 2 2 2 2 2 2 2 2 2 2 2 2 2 2 2 2 2
left_child=1 2 3 -1 5 6 -4 -6 -8 -9 11 12 13 -11 -13 16 -15 -17 19 20 -19 -21 23 -23 -25
right_child=10 4 -3 -2 8 7 -5 -7 9 -10 18 15 14 -12 -14 17 -16 -18 22 21 -20 -22 24 -24 -26
leaf_value=-0.00134554260774 -0.00328639775931 0.000449339374647 0.0000114160158815 0.00162225812887 -0.0000756382151679 -0.000777061865902 -0.00164747284155 0.00800522317065 0.000746596731076 -0.0000196299415513 0.000388504934028 0.0000789150673922 -0.00461312790234 -0.00123132990679 0.000241537368738 0.00281685155951 -0.0000741365793189 -0.00256474313065 0.000198020635410 0.00311819879433 -0.0000488550444198 -0.00116376979831 0.00166624756891 -0.00543923431568 -0.00157279177455
internal_count=0
leaf_count=0

Tree=66
num_leaves=18
num_cat=0
split_feature=4 2 6 5 5 1 4 3 6 6 2 0 2 6 0 0 5
threshold=3.50100000000 0.0276585150284 0.00166511256195 0.202809048023 0.186961022519 -0.110793042921 297.176000000 0.120000000000 -1.20751980449 -0.00166398820067 0.0788458258632 0.155996149483 -0.0358469295132 4.46399276889 0.682234376366 0.118469451877 0.846658885456
decision_type=2 2 2 2 2 2 2 2 2 2 2 2 2 2 2 2 2
left_child=1 2 3 4 -1 6 7 -6 -8 -9 11 12 -11 -13 15 -15 -17
right_child=5 -5 -4 -3 -2 10 8 -7 9 -10 14 13 -12 -14 16 -16 -18
leaf_value=-0.000475655029445 -0.00248968953774 0.00159347879662 0.00211598752378 -0.00260574536894 -0.000789178151695 -0.00482182732159 -0.00114743235400 0.00158420409165 -0.000160582353366 -0.000307154135708 0.00000862283508932 -0.000291147243195 0.00144049141624 -0.000467305690935 0.000290271581550 0.00372837414918 -0.00124675392806
internal_count=0
leaf_count=0

Tree=67
num_leaves=17
num_cat=0
split_feature=1 6 3 4 5 6 5 3 2 4 0 0 2 2 5 4
threshold=-0.110793042921 -1.56343556650 0.400000000000 301.325000000 0.327316199516 -3.44827759203 0.406518748812 0.240000000000 -0.0285947552131 250.346000000 0.254639150384 0.209685758227 0.0419243274418 -0.0621989847686 0.105263510771 296.387000000
decision_type=2 2 2 2 2 2 2 2 2 2 2 2 2 2 2 2
left_child=1 -1 3 4 -2 6 7 8 -6 -8 11 12 -11 -13 -15 -16
right_child=5 2 -5 -4 -3 10 -10 9 -7 -9 14 13 -12 -14 15 -17
leaf_value=-0.00223071196122 -0.00100936292848 0.000402829159392 0.00134001112353 -0.00129665166295 0.00244373698580 0.000277867144309 -0.00170714665712 0.000842640537129 0.00428193000233 0.0000433342691485 -0.000214949857663 0.00438730938612 0.000306426607605 0.00265260297507 -0.000856737406600 0.000148423212985
internal_count=0
leaf_count=0

Tree=68
num_leaves=21
num_cat=0
split_feature=4 3 0 0 2 6 5 3 3 2 5 4 5 2 4 5 0 6 0 6
threshold=3.50100000000 0.0200000000000 0.125917911476 0.0913496526281 0.000413192406746 0.00000000000 0.186961022519 0.300000000000 0.280000000000 -0.0920344685632 0.210329250239 7.13600000000 0.288528704112 0.0127242326278 285.894000000 0.0224613373885 0.343093506709 -4.16299320173 0.134248472990 -3.44827759203
decision_type=2 2 2 2 2 2 2 2 2 2 2 2 2 2 2 2 2 2 2 2
left_child=1 2 3 4 -1 -3 -5 8 9 10 -8 -10 13 -12 -14 16 -16 18 -18 -20
right_child=7 -7 6 5 -2 -4 -6 15 12 11 -9 -11 14 -13 -15 17 -17 19 -19 -21
leaf_value=0.00316256051101 -0.000100849064377 -0.00153427453393 0.00112927557832 0.000416229373673 0.00179535429463 0.00236868035466 0.00387331628700 -0.000838913055842 -0.000546035596144 0.00000663531305516 -0.000262173055746 0.00263104675964 -0.00337476884557 -0.000139603936021 -0.000599266912337 0.00585023682565 -0.000116223363992 -0.00483691040921 0.00282403722454 0.000123620491667
internal_count=0
leaf_count=0

Tree=69
num_leaves=23
num_cat=0
split_feature=6 0 4 0 0 5 0 5 3 3 0 0 4 0 6 4 6 6 2 0 5 0
threshold=-5.47112949248 0.254639150384 91.1430000000 0.0796868920859 0.108971897536 0.206459175384 0.0613114103404 0.255743121518 0.180000000000 0.100000000000 0.209685758227 0.194190662069 138.519000000 0.0825172907107 -1.01118945359 7.13600000000 2.69963239358 1.05611607815 -0.0920344685632 0.194190662069 0.450699210863 0.343093506709
decision_type=2 2 2 2 2 2 2 2 2 2 2 2 2 2 2 2 2 2 2 2 2 2
left_child=1 2 3 -1 -2 6 -4 -6 9 10 11 -9 -11 14 -13 -15 17 18 -17 -19 21 -21
right_child=8 -8 5 4 -3 7 -5 -7 16 13 12 -10 -12 15 -14 -16 20 19 -18 -20 -23 -22
leaf_value=-0.000143577886459 0.00302199905662 0.00106485799139 0.000199416837138 -0.00183799939004 0.00118518225499 -0.000482372205015 0.00410192582676 -0.00000191594091461 -0.00111885796278 0.00345619898747 0.000234358058805 -0.000391235067109 0.000202097082330 -0.00284980647138 -0.000420586670526 0.00119013059553 0.0000343417147080 0.000142552662035 0.00199825770061 -0.000486447592643 0.00341385820771 -0.00404220581592
internal_count=0
leaf_count=0

Tree=70
num_leaves=23
num_cat=0
split_feature=6 0 2 3 5 3 0 3 5 0 2 0 0 5 6 5 6 3 5 2 1 4
threshold=-5.47112949248 0.254639150384 0.0629563975573 0.0200000000000 0.206459175384 0.0100000000000 0.125917911476 0.0600000000000 0.450699210863 0.290580110192 -0.0358469295132 0.105893585049 0.155996149483 0.362930428979 -0.00154789991806 0.406518748812 -1.74435456000 0.130000000000 0.699558116609 -0.0920344685632 0.00000000000 269.097000000
decision_type=2 2 2 2 2 2 2 2 2 2 2 2 2 2 2 2 2 2 2 2 2 2
left_child=1 2 3 -1 -2 6 -4 -6 9 10 11 -9 -11 14 -13 -15 17 -17 -18 20 -20 -22
right_child=8 -8 5 4 -3 7 -5 -7 16 13 12 -10 -12 15 -14 -16 19 18 -19 21 -21 -23
leaf_value=0.00220277704984 -0.000324856880103 0.00171699076018 -0.000720957203823 -0.00189878459152 0.00225533854022 -0.000983947529484 0.00305545717187 -0.0000234560505047 -0.000901341626218 0.0000143028377270 -0.000199378339478 -0.00120637576585 0.000780432922531 -0.00478344015286 -0.000835660011832 -0.000756447562401 0.00492049553304 0.000281434318611 -0.00187827487150 -0.000202119057529 0.00136094319945 0.0000779567675637
internal_count=0
leaf_count=0

Tree=71
num_leaves=23
num_cat=0
split_feature=4 3 0 5 5 6 4 2 0 2 5 6 6 4 0 3 5 5 3 5 1 5
threshold=186.209000000 0.450000000000 0.209685758227 0.288528704112 0.255743121518 -0.921995449452 46.0950000000 0.106785338614 0.0913496526281 0.0224878535967 0.450699210863 -0.921995449452 -0.759825048687 269.097000000 0.0339659474563 0.330000000000 0.186961022519 0.176072688503 0.240000000000 0.190578051278 -0.110793042921 0.247510686524
decision_type=2 2 2 2 2 2 2 2 2 2 2 2 2 2 2 2 2 2 2 2 2 2
left_child=1 2 3 4 -1 -3 -5 -6 9 10 11 -9 -11 -13 -14 16 17 -16 -18 20 -20 -22
right_child=8 -8 6 5 -2 -4 7 -7 15 13 12 -10 -12 14 -15 19 18 -17 -19 21 -21 -23
leaf_value=0.000113747519280 -0.000602410863428 0.00415766026473 0.000585084332922 0.00446776308572 0.00114788197026 -0.00105669324864 -0.00331751080003 -0.0000969063303459 0.0000618448500701 0.00266743632047 -6.92939659468e-7 -0.00119878908591 -0.000726668698278 -0.0000266386955146 -0.000939279896795 -0.00457195609154 0.00000708365666064 -0.000643737273370 -0.00274593088041 0.00575185932012 -0.00329480904469 -0.000100969531596
internal_count=0
leaf_count=0

Tree=72
num_leaves=23
num_cat=0
split_feature=0 3 0 2 4 4 4 5 3 0 2 0 5 2 6 2 5 1 3 4 3 6
threshold=0.682234376366 0.0700000000000 0.171931751285 0.0463525146024 75.2040000000 109.675000000 294.589000000 0.428287952565 0.0100000000000 0.171931751285 -0.0621989847686 0.102939009049 0.184536450026 0.00224572624709 1.89947833490 0.0113190938622 0.583538721700 -0.0242454277731 0.400000000000 296.699000000 0.520000000000 0.840927859192
decision_type=2 2 2 2 2 2 2 2 2 2 2 2 2 2 2 2 2 2 2 2 2 2
left_child=1 2 3 4 -1 -3 7 -5 -7 10 11 -9 -11 14 -13 -15 17 18 -17 -20 21 -21
right_child=16 9 6 5 -2 -4 8 -6 -8 13 12 -10 -12 15 -14 -16 19 -19 -18 20 -23 -22
leaf_value=0.000267009504952 -0.0000125429862508 -0.000550581305253 0.000142590207333 0.000750062627483 0.00494675070457 -0.00161079051553 0.000395515398775 -0.000233053373780 -0.00139501403006 -0.000172312030655 0.0000843299348741 0.000344780451469 -0.00309811985115 -0.00182808842515 -0.000410372041832 0.000866078057407 -0.00121085903024 0.00691347440595 -0.00246938315770 -0.000447339645387 0.000518246890248 0.00160406504111
internal_count=0
leaf_count=0

Tree=73
num_leaves=25
num_cat=0
split_feature=0 0 4 6 5 4 0 2 4 5 2 6 2 5 4 4 5 4 5 5 1 1 2 3
threshold=0.517462192691 0.112018384471 109.675000000 0.0365145228218 0.162127479443 46.0950000000 0.102939009049 0.0701174124133 197.846000000 0.178604681288 -0.0100191214894 -1.01118945359 -0.00316618721456 0.348718018311 269.097000000 230.655000000 0.336676690650 297.176000000 0.190578051278 0.496503302851 -0.0242454277731 -0.00100644623660 -0.00145244348072 0.620000000000
decision_type=2 2 2 2 2 2 2 2 2 2 2 2 2 2 2 2 2 2 2 2 2 2 2 2
left_child=1 2 3 4 -1 -3 7 -5 -7 10 11 -9 -11 14 -13 -15 17 -17 -18 20 -20 22 -22 -24
right_child=16 9 6 5 -2 -4 8 -6 -8 13 12 -10 -12 15 -14 -16 19 18 -19 21 -21 23 -23 -25
leaf_value=0.000365281035055 -0.000576143374077 -0.000195954050003 0.000526379459056 0.0000103979987692 -0.00154744644859 0.00208149030966 -0.000207156694747 0.000377895429698 0.00561832523908 -0.00278139254676 0.000469338202246 0.000239745870115 -0.00170534997629 -0.00233508731685 0.0000135106708831 -0.00478418103320 0.00167318430119 -0.00154737536034 -0.000737424061476 0.00451107884208 0.00314248070661 -0.0000763693328123 -0.000264762392870 -0.00199551476129
internal_count=0
leaf_count=0

Tree=74
num_leaves=30
num_cat=0
split_feature=6 0 5 2 4 5 0 4 0 5 4 6 3 3 5 0 0 5 3 5 4 5 4 3 6 2 6 2 0
threshold=-0.188270048229 0.0913496526281 0.450699210863 -0.0920344685632 294.589000000 0.150170913566 0.0645542814157 294.589000000 0.414119908303 0.406518748812 269.097000000 -1.01118945359 0.520000000000 0.620000000000 0.225011847205 0.229651356831 0.171931751285 0.219219701849 0.170000000000 0.173263955765 269.097000000 0.206459175384 294.589000000 0.450000000000 1.24972593729 0.00606301911809 2.38119576508 0.186657368888 0.517462192691
decision_type=2 2 2 2 2 2 2 2 2 2 2 2 2 2 2 2 2 2 2 2 2 2 2 2 2 2 2 2 2
left_child=1 2 3 4 -1 -3 -5 8 9 -7 -9 12 -11 -13 15 16 17 -15 -17 20 -19 -21 23 24 -23 -25 27 -27 -29
right_child=14 7 6 5 -2 -4 -6 11 10 -8 -10 13 -12 -14 22 19 18 -16 -18 21 -20 -22 26 25 -24 -26 28 -28 -30
leaf_value=-0.00245409624056 -0.00000113962061390 0.0000762109532824 -0.000169802814152 0.00260001182219 -0.0000444641980394 0.000379449240956 -0.00156616727046 -0.000136119164281 0.00508186220127 -0.000497341765058 -0.00203908464846 -0.000374829369697 0.00278607153581 -0.00000580803442331 0.000989546542966 0.000556619608310 -0.00202404295990 -0.00280278196482 0.00127647175439 0.00383743008011 -0.000581983283391 -0.000631687436956 0.000139221194640 -0.00553973311734 0.000697930123787 0.0000677274935968 0.000829995562127 -0.000370434203955 -0.00272093283672
internal_count=0
leaf_count=0

Tree=75
num_leaves=18
num_cat=0
split_feature=1 5 6 2 5 6 0 3 6 5 2 4 6 5 6 5 4
threshold=-0.110793042921 0.846658885456 -1.56343556650 -0.0000386225448742 0.299871788117 -0.921995449452 0.682234376366 0.360000000000 -0.639900322360 0.406518748812 0.0419243274418 121.110000000 -1.20751980449 0.0224613373885 -0.921995449452 0.583538721700 297.912000000
decision_type=2 2 2 2 2 2 2 2 2 2 2 2 2 2 2 2 2
left_child=1 2 -1 -2 -3 -5 7 8 9 -7 -9 12 -11 -13 -15 -16 -17
right_child=6 5 3 4 -4 -6 14 11 10 -8 -10 13 -12 -14 15 16 -18
leaf_value=-0.00303986845481 0.000948755983237 -0.00199263096982 -0.000228200262567 0.0000733880008938 0.00133947212276 0.0000895017085926 0.00145042043190 0.0000161015522559 -0.000268371184724 -0.00604514233181 -0.0000264879735543 0.00182713520602 -0.000174445870013 0.00521215351238 0.00241551494369 -0.00288130183855 -0.000332323505089
internal_count=0
leaf_count=0

Tree=76
num_leaves=28
num_cat=0
split_feature=6 0 5 4 5 2 6 4 5 2 0 2 4 1 2 2 3 4 4 6 0 0 6 6 4 3 0
threshold=-0.188270048229 0.0970062156631 0.450699210863 18.1280000000 0.178604681288 0.0629563975573 -0.759825048687 285.894000000 0.428287952565 0.0629563975573 0.343093506709 0.131736237535 297.269000000 -0.00100644623660 0.186657368888 -0.0285947552131 0.330000000000 290.636000000 285.894000000 0.00156638046203 0.155996149483 0.163629200511 2.38119576508 1.67981501632 300.858000000 0.240000000000 0.343093506709
decision_type=2 2 2 2 2 2 2 2 2 2 2 2 2 2 2 2 2 2 2 2 2 2 2 2 2 2 2
left_child=1 2 3 4 -1 -3 -5 8 9 -7 -9 12 -11 -13 15 16 17 -15 -17 20 -19 -21 23 24 -23 26 -26
right_child=14 7 6 5 -2 -4 -6 11 10 -8 -10 13 -12 -14 22 19 18 -16 -18 21 -20 -22 25 -25 -24 -28 -27
leaf_value=-0.000114736205870 -0.00208968268239 0.0000385812826687 -0.00112802190072 0.00245960733330 -0.0000744047095442 0.000666309837029 -0.000306120483400 0.00151729077979 0.00594332527610 -0.00165874140863 -0.000351173891644 -0.000788471204238 0.00249614651581 -0.00113467145985 0.0000779389166686 0.00227306976214 -0.0000712755711631 -0.0000278913006783 -0.000618179516763 -0.00000356072074133 0.000291461483636 -0.00000769760813939 -0.00140299601335 0.00279888582561 -0.00246569912656 0.000544117809496 -0.00474220847581
internal_count=0
leaf_count=0

Tree=77
num_leaves=23
num_cat=0
split_feature=2 0 0 4 4 4 0 0 6 5 2 0 0 0 5 2 0 0 1 2 2 6
threshold=-0.0463132080856 0.118469451877 0.108971897536 46.0950000000 75.2040000000 174.833000000 0.163629200511 0.138846704622 1.55086319495 0.583538721700 -0.0196421286680 0.343093506709 0.254639150384 0.171931751285 0.846658885456 -0.00864875519606 0.0884655380988 0.0736749476407 -0.00780143216173 0.0419243274418 0.0378050173546 3.12711454809
decision_type=2 2 2 2 2 2 2 2 2 2 2 2 2 2 2 2 2 2 2 2 2 2
left_child=1 2 3 -1 -2 6 7 -5 9 -8 11 12 13 -11 -14 16 17 -16 -18 20 -20 -22
right_child=10 5 -4 4 -3 8 -7 -6 -10 -9 15 14 -13 -12 -15 19 18 -17 -19 21 -21 -23
leaf_value=-0.00149441895997 0.00121482715153 -0.0000706567055913 -0.00187612608423 0.00243093777101 -0.000204003031106 0.00511961259768 0.00185001099259 -0.000179191002323 -0.00222322941681 -0.000166602158756 -0.00192415536908 0.00204572688712 -0.00354836399176 -0.000100196599200 0.0000768410831283 -0.000499829800808 0.00250982950342 0.000623520727446 -0.0000183567009325 0.000540621157053 -0.000227040580609 0.000205887372802
internal_count=0
leaf_count=0

Tree=78
num_leaves=25
num_cat=0
split_feature=2 6 0 6 4 4 5 5 0 4 5 5 4 3 5 5 4 2 0 0 5 4 5 3
threshold=-0.0463132080856 0.356683929754 0.149678275743 -3.44827759203 209.041000000 53.2960000000 0.299871788117 0.496503302851 0.171931751285 61.5620000000 0.239248435297 0.390566090098 250.346000000 0.520000000000 0.380240934175 0.327316199516 230.655000000 0.0100485269302 0.343093506709 0.149678275743 0.0224613373885 295.487000000 0.583538721700 0.520000000000
decision_type=2 2 2 2 2 2 2 2 2 2 2 2 2 2 2 2 2 2 2 2 2 2 2 2
left_child=1 2 3 4 -1 -3 -5 -6 9 -8 -9 -11 13 14 15 -13 -15 18 19 -18 -20 22 -22 -24
right_child=12 8 6 5 -2 -4 7 -7 11 10 -10 -12 17 -17 16 -14 -16 21 20 -19 -21 23 -23 -25
leaf_value=-0.00198040420550 -0.000165885691521 0.00190413379560 0.000304580441356 0.00608997001164 0.00263381472454 -0.000124692930766 -0.00143750770209 0.00112198998483 -0.000524241470161 -0.00339287911103 0.0000444530921006 0.0000916083993201 0.00135307662253 -0.00623406730659 0.000247754150856 -0.00388707876118 0.0000365922048274 -0.000535520116755 0.00250673341857 0.000210628125163 -0.000405038580348 -0.00412651577032 -0.0000937625638674 0.000610570224093
internal_count=0
leaf_count=0

Tree=79
num_leaves=23
num_cat=0
split_feature=3 2 4 3 6 3 2 4 2 4 4 3 4 5 5 5 5 4 4 6 0 0
threshold=0.360000000000 -0.0920344685632 75.2040000000 0.300000000000 -1.35785148083 0.270000000000 0.0419243274418 68.0050000000 0.0788458258632 39.2000000000 263.523000000 0.450000000000 263.523000000 0.288528704112 0.214593296673 0.406518748812 0.0333198346893 300.388000000 161.091000000 2.38119576508 0.517462192691 0.0736749476407
decision_type=2 2 2 2 2 2 2 2 2 2 2 2 2 2 2 2 2 2 2 2 2 2
left_child=1 2 -1 4 -2 6 7 -5 -7 -9 -10 12 13 14 -12 -14 -16 -17 -19 20 -20 -22
right_child=11 5 3 -4 -3 9 8 -6 -8 10 -11 18 16 15 -13 -15 17 -18 19 21 -21 -23
leaf_value=0.00403219339664 -0.00283886827302 0.000507936540165 0.00372110721702 0.000208064839036 -0.00000353486238407 -0.000321470172306 0.000159597897430 0.00190340973774 -0.000828603242891 -0.0000194102854240 0.00146646358590 -0.00112049634653 0.00619247442110 0.00162448762502 0.00211143093790 -0.000234137959062 0.000736820708965 -0.00485347749361 -0.000209680696321 0.00139322989967 -0.0000226038804647 -0.00585654246915
internal_count=0
leaf_count=0

Tree=80
num_leaves=29
num_cat=0
split_feature=2 0 0 4 5 2 5 5 6 2 4 6 1 5 2 1 2 0 4 6 5 0 4 3 5 4 3 2
threshold=0.0250240889661 0.171931751285 0.125917911476 91.1430000000 0.231628923655 -0.0621989847686 0.176072688503 0.166239422794 -0.00154789991806 -0.0463132080856 294.589000000 0.694744546333 0.0568086626595 0.846658885456 -0.0235859411537 -0.0242454277731 0.0276585150284 0.112018384471 31.7810000000 -0.0393778238203 0.336676690650 0.155996149483 220.178000000 0.330000000000 0.276234258249 250.346000000 0.130000000000 0.131736237535
decision_type=2 2 2 2 2 2 2 2 2 2 2 2 2 2 2 2 2 2 2 2 2 2 2 2 2 2 2 2
left_child=1 2 3 4 -1 -3 7 -5 -7 10 11 -9 -11 14 -13 -15 17 18 -17 -18 21 -20 23 24 -23 26 -26 -28
right_child=16 9 6 5 -2 -4 8 -6 -8 13 12 -10 -12 15 -14 -16 22 20 19 -19 -22 -21 25 -25 -24 27 -27 -29
leaf_value=-0.000163261460711 -0.00202481952675 0.000480073986270 -0.00000747079911906 0.0000928159928513 0.00395691476985 0.000831499766346 -0.000250048334398 0.00318957502179 -0.000580695766484 -0.000706977461121 0.000671436356982 -0.00281042793993 -0.000466177956217 0.00175556248884 0.000488884074651 -0.00244999126692 -0.00112671576671 0.000795476605861 0.00164276532472 0.00505519359780 -0.000593945218220 0.0000481561146499 -0.000638758763857 -0.00220637480950 0.000619817801775 0.00285033664108 -0.000187890652856 0.000510836918173
internal_count=0
leaf_count=0

Tree=81
num_leaves=21
num_cat=0
split_feature=6 2 2 6 6 0 4 4 4 1 3 4 5 5 4 5 0 5 5 3
threshold=5.99336119990 0.0463525146024 0.0180465538770 4.46399276889 2.38119576508 0.0854769959227 250.346000000 230.655000000 280.187000000 -0.00100644623660 0.620000000000 280.187000000 0.380240934175 0.288528704112 280.187000000 0.247510686524 0.194190662069 0.225011847205 0.199870253522 0.100000000000
decision_type=2 2 2 2 2 2 2 2 2 2 2 2 2 2 2 2 2 2 2 2
left_child=1 2 3 4 -1 -3 7 -5 -7 10 11 -9 13 -12 -14 16 17 18 -16 -20
right_child=15 9 6 5 -2 -4 8 -6 -8 12 -11 -10 14 -13 -15 19 -19 -18 -17 -21
leaf_value=-0.0000223186843766 0.000339760309093 -0.000281548268053 -0.00213498248362 0.000210028347534 0.00301385155818 -0.00131074333022 -0.000116147400058 0.00166132664724 -0.0000668782486059 0.00225292241773 -0.000238468488026 0.000476323565925 -0.00220221051992 -0.000363595180298 0.000414188694327 -0.00118509050943 0.00208472642145 0.00312948752546 0.000199410385570 -0.00310565820263
internal_count=0
leaf_count=0

Tree=82
num_leaves=22
num_cat=0
split_feature=5 0 0 4 3 2 6 6 5 4 4 0 6 4 2 4 6 6 6 0 1
threshold=0.450699210863 0.343093506709 0.254639150384 31.7810000000 0.270000000000 0.0906318398359 -0.00158533903855 -1.35785148083 0.336676690650 300.671000000 299.331000000 0.414119908303 0.173935450622 285.894000000 -0.0235859411537 280.187000000 1.67981501632 2.38119576508 1.89947833490 0.517462192691 -0.0242454277731
decision_type=2 2 2 2 2 2 2 2 2 2 2 2 2 2 2 2 2 2 2 2 2
left_child=1 2 3 4 -1 -3 7 -5 -7 10 11 -9 -12 14 -14 16 -15 18 19 -18 -21
right_child=13 9 6 5 -2 -4 8 -6 -8 12 -11 -10 -13 17 15 -17 -16 20 -20 -19 -22
leaf_value=-0.000231652645120 0.00168259162338 -0.00000243684408127 0.000326357397283 0.000590665661510 0.00448955095741 0.000465912070664 -0.00291783190486 -0.00234984709157 -0.000354983739652 -0.00580653847215 0.000292031018069 0.00588178383286 0.00538410996202 -0.00100653755586 0.00470887317196 0.00436496871585 0.000221848516619 -0.000370863987268 0.00274881166078 0.0000787704593780 -0.00290195719960
internal_count=0
leaf_count=0

Tree=83
num_leaves=22
num_cat=0
split_feature=3 3 2 3 3 6 3 0 0 4 2 5 5 4 4 0 0 5 2 6 6
threshold=0.450000000000 0.360000000000 -0.0621989847686 0.330000000000 0.210000000000 4.46399276889 0.330000000000 0.134248472990 0.149678275743 109.675000000 0.0127242326278 0.0956275319750 0.288528704112 161.091000000 296.634000000 0.209685758227 0.105893585049 0.299871788117 0.106785338614 -2.25805384524 -1.20751980449
decision_type=2 2 2 2 2 2 2 2 2 2 2 2 2 2 2 2 2 2 2 2 2
left_child=1 2 3 4 -1 6 -4 -6 9 -8 -9 -11 -12 -14 15 16 -15 -17 19 -19 -21
right_child=13 8 5 -3 -2 7 -5 -7 11 10 -10 12 -13 14 18 17 -16 -18 20 -20 -22
leaf_value=-0.00113552586067 0.000339734807979 -0.00308000725282 -0.0000330136021920 0.000470866567292 -0.000465561214610 0.00154474216573 -0.00137226154932 0.0000739691777078 -0.000866571156218 0.00668271122642 -0.00129215316187 0.00160847455203 -0.00428310128419 -0.000455831895482 0.00223537597457 -0.00599949319716 -0.00106800913528 0.00168626093404 0.00000580256826784 -0.00373727455606 0.000118883168837
internal_count=0
leaf_count=0

Tree=84
num_leaves=23
num_cat=0
split_feature=5 0 5 0 2 3 4 4 2 2 5 0 3 0 0 6 6 2 0 5 2 6
threshold=0.184536450026 0.149678275743 0.182771288847 0.144204971510 0.0906318398359 0.170000000000 83.0590000000 300.024000000 -0.0100191214894 -0.00145244348072 0.225011847205 0.414119908303 0.00000000000 0.129881372420 0.229651356831 -0.639900322360 -1.35785148083 -0.0621989847686 0.155996149483 0.299871788117 0.131736237535 -0.317772996000
decision_type=2 2 2 2 2 2 2 2 2 2 2 2 2 2 2 2 2 2 2 2 2 2
left_child=1 2 3 4 -1 6 -4 8 -7 -8 11 12 13 -11 -13 16 17 -16 -18 20 -20 -22
right_child=10 7 5 -3 -2 -6 -5 -10 9 -9 15 -15 14 -12 -14 19 18 -17 -19 21 -21 -23
leaf_value=-0.0000135093105616 -0.000867432190495 0.00177754356506 -0.00105151510251 0.000317158452439 -0.00393164720453 0.00150504272225 -0.00364855949551 -0.000922322647340 0.00197585038011 -0.000113559174561 -0.00112397092422 0.000195014140832 0.00150799211543 0.00570025226216 -0.00136119977162 0.0000663305307373 0.000127851022990 0.00249407336328 -0.000496807816853 0.00140075732135 -0.000700042738334 0.0000771176075980
internal_count=0
leaf_count=0

Tree=85
num_leaves=23
num_cat=0
split_feature=4 0 5 3 5 2 0 4 0 4 3 3 6 2 0 4 0 6 4 4 0 4
threshold=7.13600000000 0.138846704622 0.196653192402 0.0100000000000 0.170135564840 0.00172505952972 0.118469451877 3.50100000000 0.163629200511 3.50100000000 0.280000000000 0.220000000000 2.69963239358 0.0463525146024 0.254639150384 53.2960000000 0.138846704622 3.63460238305 39.2000000000 109.675000000 0.254639150384 300.671000000
decision_type=2 2 2 2 2 2 2 2 2 2 2 2 2 2 2 2 2 2 2 2 2 2
left_child=1 2 3 4 -1 -3 7 -5 9 -8 11 12 13 -11 -13 16 -15 -17 -19 20 -20 -22
right_child=10 8 6 5 -2 -4 -7 -6 -10 -9 18 15 14 -12 -14 17 -16 -18 19 21 -21 -23
leaf_value=-0.00205696586489 0.000259219634797 -0.00296774188499 -0.000450785313091 0.00147660922624 -0.000904253423139 0.00417676148417 -0.00425804522417 -0.00205161714252 0.00111657334296 1.61696373348e-7 -0.000243381432863 0.0000712834285312 0.00171646260087 -0.000100685960091 -0.00318304721183 0.000392199195938 0.00401637045132 0.00271670739380 -0.000680738691356 -0.00323802896174 -0.000226119362595 0.000347128436435
internal_count=0
leaf_count=0

Tree=86
num_leaves=24
num_cat=0
split_feature=1 5 3 2 2 6 5 2 5 4 6 5 0 0 4 3 3 0 4 2 4 4 0
threshold=-0.110793042921 0.0637739078459 0.140000000000 0.0000310937041279 0.186657368888 0.00159311773172 0.390566090098 0.0378050173546 0.699558116609 301.068000000 2.10951526032 0.348718018311 0.517462192691 0.194190662069 280.187000000 0.170000000000 0.620000000000 0.254639150384 18.1280000000 0.0463525146024 25.0140000000 295.963000000 0.414119908303
decision_type=2 2 2 2 2 2 2 2 2 2 2 2 2 2 2 2 2 2 2 2 2 2 2
left_child=1 2 3 -1 5 6 -4 -6 -8 -9 11 12 13 -11 15 -14 -16 18 19 -18 -20 22 -22
right_child=10 4 -3 -2 8 7 -5 -7 9 -10 17 14 -13 -12 16 -15 -17 21 20 -19 -21 -24 -23
leaf_value=-0.000497858392399 -0.00119313701728 -0.00378488392885 -0.000568648740842 -0.000123927411964 0.000767711414381 -0.0000517925095580 -0.00216615304554 0.000257839244386 -0.000530721655371 -0.0000417113606464 0.000543954525265 0.00432519570244 -0.00218782756500 -0.000163441260928 0.0000298650602851 -0.000659071548400 0.00154538877946 -0.000265873128921 -0.00132707173052 0.0000659960312812 0.00125036051804 0.00564402508084 -0.00108943332743
internal_count=0
leaf_count=0

Tree=87
num_leaves=20
num_cat=0
split_feature=1 6 3 3 5 6 0 0 2 0 4 2 5 4 5 3 3 4 2
threshold=-0.110793042921 -2.25805384524 0.330000000000 0.220000000000 0.0333198346893 0.840927859192 0.194190662069 0.171931751285 0.0341612049037 0.163629200511 3.50100000000 0.106785338614 0.264300404471 186.209000000 0.105263510771 0.280000000000 0.0300000000000 290.636000000 0.00224572624709
decision_type=2 2 2 2 2 2 2 2 2 2 2 2 2 2 2 2 2 2 2
left_child=1 -1 3 4 -2 -5 7 8 9 -7 -9 12 -11 -13 15 -15 17 -17 -19
right_child=6 2 5 -4 -3 -6 14 11 10 -8 -10 13 -12 -14 16 -16 18 -18 -20
leaf_value=-0.00233797265541 -0.00149727740474 0.000304862609515 0.00114048376139 0.000208157408553 -0.00343886884087 0.0000164274619781 0.000738638600252 -0.00172573251467 -0.000134585071437 -0.000125967874245 -0.00141384241234 0.00307823939886 -0.00117929958968 -0.000952575956408 0.00568312184931 0.00173211141820 -0.00186570139034 0.000366420653629 -0.000266235239087
internal_count=0
leaf_count=0

Tree=88
num_leaves=19
num_cat=0
split_feature=6 4 0 5 3 5 4 0 5 3 2 2 6 4 3 6 0 2
threshold=-5.47112949248 280.187000000 0.254639150384 0.202809048023 0.0700000000000 0.255743121518 121.110000000 0.254639150384 0.264300404471 0.300000000000 0.00125903560597 0.0127242326278 -4.16299320173 186.209000000 0.150000000000 -1.74435456000 0.0970062156631 0.186657368888
decision_type=2 2 2 2 2 2 2 2 2 2 2 2 2 2 2 2 2 2
left_child=1 2 3 4 -1 -3 7 8 9 -7 -10 -11 13 -13 -14 16 -16 -18
right_child=6 -6 -5 5 -2 -4 12 10 -9 -8 11 -12 15 14 -15 17 -17 -19
leaf_value=0.000488624033256 -0.00111159988995 0.00188512904833 0.0000817611948352 0.00418210544865 -0.00109824979904 -0.000105504081122 0.000830804860162 -0.00223817164699 -0.00646946023662 0.00215141347143 -0.00380978113779 0.000510269924805 -0.000522106085905 -0.00270485510390 -0.0000621853195348 0.000868981215783 0.0000263199121300 -0.000760199250246
internal_count=0
leaf_count=0

Tree=89
num_leaves=25
num_cat=0
split_feature=2 6 3 5 5 5 3 0 4 3 4 4 2 0 3 5 0 4 6 3 0 4 3 3
threshold=-0.0621989847686 -0.533537461998 0.360000000000 0.406518748812 0.299871788117 0.276234258249 0.620000000000 0.171931751285 61.5620000000 0.180000000000 294.589000000 300.388000000 -0.0463132080856 0.149678275743 0.110000000000 0.184536450026 0.0796868920859 290.636000000 4.46399276889 0.300000000000 0.155996149483 53.2960000000 0.330000000000 0.220000000000
decision_type=2 2 2 2 2 2 2 2 2 2 2 2 2 2 2 2 2 2 2 2 2 2 2 2
left_child=1 2 3 4 -1 -4 -5 8 -7 -8 -10 -11 13 14 15 -13 -15 -17 19 20 -19 -21 23 -23
right_child=12 7 5 -3 -2 6 -6 10 9 -9 11 -12 18 17 16 -14 -16 -18 22 21 -20 -22 -25 -24
leaf_value=0.000875170739935 -0.00232307614340 0.00379556128057 0.000674351601077 -0.00272135958242 0.0000485015944235 -0.00241033332340 0.00110254214516 -0.000331444727458 -0.00494023972976 0.0000411225289893 -0.00179563815177 -0.000569878609156 0.00240817425203 0.000254983339544 -0.00133377148099 0.00470083357687 0.000717233271450 0.0000114890734442 -0.000177155448155 0.00459790030854 0.000126820481636 0.000389276109877 0.00404565788685 -0.00240478544191
internal_count=0
leaf_count=0

Tree=90
num_leaves=26
num_cat=0
split_feature=5 3 0 0 4 6 5 5 0 0 6 3 6 4 0 3 4 4 2 6 4 3 0 0 5
threshold=0.184536450026 0.0700000000000 0.209685758227 0.0796868920859 91.1430000000 0.957297193633 0.0333198346893 0.0956275319750 0.517462192691 0.181738281104 -2.96000796093 0.160000000000 -1.98411417907 285.894000000 0.414119908303 0.520000000000 257.325000000 263.523000000 0.0378050173546 -2.96000796093 298.768000000 0.200000000000 0.682234376366 0.229651356831 0.496503302851
decision_type=2 2 2 2 2 2 2 2 2 2 2 2 2 2 2 2 2 2 2 2 2 2 2 2 2
left_child=1 2 3 4 -1 -3 -5 8 9 -7 11 -10 -12 14 15 16 -14 -17 -18 20 -20 -21 23 -23 -25
right_child=13 7 6 5 -2 -4 -6 10 -9 -8 12 -11 -13 19 17 -16 -15 18 -19 22 21 -22 24 -24 -26
leaf_value=-0.000459752121427 -0.00000963699842902 0.000555638980009 -0.000339235911430 -0.00137375116412 0.00530469691709 0.0000307685260184 0.00263093052559 -0.00114060000591 0.0000679668438035 -0.00261230790208 0.000507911527734 -0.000411668330613 0.000147482248323 0.00109467096336 -0.00229743110274 0.00766048484892 -0.000881414222585 0.000349541466535 -0.00233590751688 -0.000845196439725 0.00143041510075 0.0000512746598717 -0.000220495256866 0.00221478989552 -0.0000849319780236
internal_count=0
leaf_count=0

Tree=91
num_leaves=26
num_cat=0
split_feature=6 0 4 4 3 5 0 2 2 3 3 6 2 0 6 4 0 6 6 1 3 6 6 0 0
threshold=-2.96000796093 0.129881372420 75.2040000000 53.2960000000 0.160000000000 0.184536450026 0.118469451877 -0.0358469295132 -0.0235859411537 0.210000000000 0.0500000000000 -4.16299320173 0.186657368888 0.682234376366 2.10951526032 109.675000000 0.229651356831 1.24972593729 -0.921995449452 -0.00563626658963 0.170000000000 1.24972593729 1.55086319495 0.517462192691 0.343093506709
decision_type=2 2 2 2 2 2 2 2 2 2 2 2 2 2 2 2 2 2 2 2 2 2 2 2 2
left_child=1 2 3 4 -1 -3 7 -5 -8 10 -9 -11 13 14 15 -13 -15 18 -17 20 -20 -21 23 -23 -25
right_child=12 8 6 5 -2 -4 -7 -6 9 11 -10 -12 19 17 16 -14 -16 -19 -18 22 21 -22 24 -24 -26
leaf_value=0.000211435144461 -0.00158805394731 0.000540512520706 0.00268137742338 -0.00102898584274 0.0000893770051341 -0.00193853014580 0.00517290482463 0.0000421919542456 0.00140699012653 -0.00220854011592 0.00105543476679 -0.000182334842688 9.63617838163e-7 0.0000662985714253 0.00127118156591 0.00246497307947 -0.000319776762808 0.00441185073436 -0.00107332774748 -0.000616362852984 0.00204195645194 0.00156752133922 -0.00238554965043 -0.00357381945098 -0.000846102426432
internal_count=0
leaf_count=0

Tree=92
num_leaves=25
num_cat=0
split_feature=6 2 0 2 4 0 3 0 5 5 5 5 2 0 6 0 0 6 0 5 4 4 6 4
threshold=-2.57230732359 -0.00542589964091 0.134248472990 -0.0358469295132 61.5620000000 0.0489001869889 0.0900000000000 0.105893585049 0.193632465857 0.173263955765 0.188123166072 0.173263955765 0.106785338614 0.517462192691 2.10951526032 0.171931751285 0.163629200511 -1.98411417907 0.343093506709 0.428287952565 274.180000000 290.636000000 2.69963239358 299.035000000
decision_type=2 2 2 2 2 2 2 2 2 2 2 2 2 2 2 2 2 2 2 2 2 2 2 2
left_child=1 2 3 4 -1 -3 7 8 -6 -8 11 -10 -12 14 15 16 -14 -16 19 -18 -20 -22 23 -23
right_child=13 6 -5 5 -2 -4 10 9 -7 -9 12 -11 -13 21 18 17 -15 -17 20 -19 -21 22 -25 -24
leaf_value=0.00186389833016 -0.00103371244441 -0.000198989827316 0.00216564617666 0.00491247197373 -0.000120592200391 0.000896226187113 0.00266118376785 0.000519937413242 -0.00103639220146 -0.00366037447252 0.000266114967717 -0.00140551735418 -0.00000498271159813 0.00101334583667 -0.00188027158001 -0.000156640695683 0.000105885742688 -0.00171307332487 0.00552812815043 0.00141037482302 0.00219422271832 -0.000848468800645 0.0000740669967001 -0.00356222283336
internal_count=0
leaf_count=0

Tree=93
num_leaves=31
num_cat=0
split_feature=6 0 4 4 3 0 4 0 3 4 6 3 2 2 5 3 0 6 0 4 5 2 3 3 4 4 0 3 6 3
threshold=-0.188270048229 0.254639150384 186.209000000 161.091000000 0.130000000000 0.144204971510 209.041000000 0.209685758227 0.190000000000 285.894000000 -1.01118945359 0.360000000000 0.00530037505362 0.0788458258632 0.699558116609 0.520000000000 0.254639150384 0.00156638046203 0.0913496526281 53.2960000000 0.144156252642 -0.0196421286680 0.0700000000000 0.0300000000000 295.415000000 269.097000000 0.414119908303 0.520000000000 3.63460238305 0.520000000000
decision_type=2 2 2 2 2 2 2 2 2 2 2 2 2 2 2 2 2 2 2 2 2 2 2 2 2 2 2 2 2 2
left_child=1 2 3 4 -1 -3 7 -5 -7 10 11 -9 -11 14 -13 -15 17 18 19 -17 -19 22 -21 -23 25 26 -25 -27 29 -29
right_child=16 9 6 5 -2 -4 8 -6 -8 13 12 -10 -12 15 -14 -16 24 21 20 -18 -20 23 -22 -24 28 27 -26 -28 -31 -30
leaf_value=0.000241311077669 -0.000248584130997 0.000294761107856 0.00209689890082 -0.00100054605982 -0.00443635751249 -0.0000460460274131 0.000362823320696 0.00184410554486 -0.00302925481734 0.00602162056176 0.00196312830781 -0.00188856485063 -0.000509633007098 -0.000278630792742 0.00215433417106 0.000842061273552 -0.0000242859038535 -0.00301558652070 -0.000266653393008 0.000903063211961 -0.000550269903673 -0.0000611207209250 0.000136561858514 -0.000563330363248 0.00454575393389 -0.00195567763148 -0.00549654726618 -0.0000526061939386 0.000961607639851 -0.00282695352142
internal_count=0
leaf_count=0

Tree=94
num_leaves=19
num_cat=0
split_feature=4 6 0 0 0 5 0 6 5 4 0 2 2 0 2 4 3 6
threshold=3.50100000000 0.00166511256195 0.155996149483 0.112018384471 0.0970062156631 0.193632465857 0.112018384471 -4.16299320173 0.362930428979 121.110000000 0.181738281104 -0.0118109891517 0.0629563975573 0.144204971510 0.00273487033660 83.0590000000 0.770000000000 5.99336119990
decision_type=2 2 2 2 2 2 2 2 2 2 2 2 2 2 2 2 2 2
left_child=1 2 3 4 -1 -3 -6 8 9 10 -8 -10 13 14 -13 -15 17 -17
right_child=7 6 -5 5 -2 -4 -7 12 -12 11 -9 -11 16 15 -14 -16 -19 -18
leaf_value=-0.000555200967354 -0.00252155981698 -0.000526329070367 0.00229749542777 -0.00337711555221 0.00255934677754 -0.000851440566913 0.000389259992575 0.00352000436375 0.000871642408833 -0.000609952462498 0.00257894727189 -0.0000600013819445 0.0000658289847229 0.000825594992345 0.0000741585117185 -0.000185473060898 0.000646128150312 -0.00183480208200
internal_count=0
leaf_count=0

Tree=95
num_leaves=24
num_cat=0
split_feature=3 2 6 3 0 4 6 4 3 4 5 4 4 3 2 6 6 0 2 4 2 3 3
threshold=0.160000000000 0.131736237535 -1.20751980449 0.160000000000 0.0970062156631 7.13600000000 1.67981501632 18.1280000000 0.130000000000 274.180000000 0.348718018311 296.387000000 46.0950000000 0.300000000000 0.0564789899857 0.621018953211 -4.16299320173 0.0796868920859 -0.0235859411537 174.833000000 0.0160115775968 0.220000000000 0.190000000000
decision_type=2 2 2 2 2 2 2 2 2 2 2 2 2 2 2 2 2 2 2 2 2 2 2
left_child=1 2 3 4 -1 6 -4 -6 9 10 -8 -10 13 14 15 -13 17 18 -17 -19 21 -21 -23
right_child=12 8 5 -3 -2 7 -5 -7 -12 11 -9 -11 16 -16 -15 -14 20 19 -18 -20 22 -22 -24
leaf_value=-0.0000356123611971 0.000435706403247 -0.00161984390575 -0.000788712397726 0.000399175509094 0.000467241902710 -0.0000503971011112 -0.000124776140146 -0.00302718299287 0.00426743536266 -0.000595964962347 -0.00458423785948 0.00129863600224 -0.000141809294817 -0.00209713505503 0.00386503618419 0.00174829136568 -0.000185995255002 -0.000694996871407 -0.00390168164725 -0.000277623872185 0.0000808876639183 0.00127170021172 0.000181423368331
internal_count=0
leaf_count=0

Tree=96
num_leaves=27
num_cat=0
split_feature=2 2 0 4 2 0 4 5 6 0 0 0 2 6 4 3 3 5 6 6 1 4 0 4 3 6
threshold=0.0906318398359 0.00606301911809 0.125917911476 53.2960000000 0.0000310937041279 0.105893585049 174.833000000 0.190578051278 2.38119576508 0.229651356831 0.209685758227 0.181738281104 0.0250240889661 3.63460238305 296.387000000 0.110000000000 0.0900000000000 0.166239422794 -4.16299320173 0.621018953211 -0.00379448529161 301.925000000 0.517462192691 209.041000000 0.150000000000 -2.57230732359
decision_type=2 2 2 2 2 2 2 2 2 2 2 2 2 2 2 2 2 2 2 2 2 2 2 2 2 2
left_child=1 2 3 4 -1 -3 7 -5 -7 10 11 -9 -11 14 -13 16 17 -16 -17 -19 21 22 -21 24 -24 -26
right_child=15 9 6 5 -2 -4 8 -6 -8 13 12 -10 -12 -15 -14 20 19 18 -18 -20 23 -23 -22 25 -25 -27
leaf_value=-0.000791538746561 0.000511487621552 0.0000574316014695 -0.000387490721262 0.00175654420864 0.000493204334740 -0.00000929153091129 -0.00236840775608 -0.0000399301046974 -0.000708658550155 -0.00177484819575 0.00230585243900 -0.00122763051899 0.000288908827382 0.00259937791454 0.00160311820718 0.000467239922563 -0.000700333644874 -0.00000379644288027 0.00388483881768 0.00144597658400 -0.00139931671288 0.00280870506257 -0.00214876181731 0.000524782726608 -0.00582862252361 -0.00114738407930
internal_count=0
leaf_count=0

Tree=97
num_leaves=27
num_cat=0
split_feature=6 3 2 3 3 4 4 0 4 4 4 4 3 2 4 0 0 6 4 5 4 6 2 1 6 2
threshold=0.00156638046203 0.450000000000 0.186657368888 0.400000000000 0.330000000000 294.589000000 296.067000000 0.290580110192 301.585000000 250.346000000 280.187000000 298.345000000 0.330000000000 0.0419243274418 186.209000000 0.171931751285 0.229651356831 1.24972593729 109.675000000 0.202809048023 285.894000000 3.12711454809 -0.0196421286680 -0.0242454277731 0.694744546333 0.0160115775968
decision_type=2 2 2 2 2 2 2 2 2 2 2 2 2 2 2 2 2 2 2 2 2 2 2 2 2 2
left_child=1 2 3 4 -1 -3 -5 8 9 -7 -10 -11 13 14 15 -13 -15 18 -17 -19 21 22 -21 24 -24 -26
right_child=12 7 6 5 -2 -4 -6 10 -9 -8 11 -12 20 17 16 -14 -16 19 -18 -20 23 -23 -22 25 -25 -27
leaf_value=-0.0000245961346813 -0.000453212818011 0.00170699540096 -0.00000984016222088 0.00310097900010 -0.000218511823236 0.00164453693758 -0.0000889169464903 0.00186381776914 -0.00445011084879 0.000271060828929 -0.00102443322285 0.000245350572779 0.00197736982370 0.0000266097814303 -0.00106154655870 -0.00209145243849 -0.000451450104305 -0.000551716743976 0.000240227201350 0.00536697434556 0.00123780701118 -0.00159474653239 0.000198987268421 -0.00215423172673 -0.000126284789825 0.00180890140255
internal_count=0
leaf_count=0

Tree=98
num_leaves=23
num_cat=0
split_feature=6 5 0 0 0 5 4 4 2 4 6 2 1 0 6 2 6 4 0 6 4 4
threshold=-0.393563675711 0.231628923655 0.343093506709 0.254639150384 0.171931751285 0.105263510771 285.894000000 274.180000000 -0.0358469295132 301.925000000 -3.44827759203 -0.0920344685632 0.0137766365484 0.155996149483 2.38119576508 -0.0196421286680 2.10951526032 46.0950000000 0.108971897536 0.00156638046203 295.415000000 269.097000000
decision_type=2 2 2 2 2 2 2 2 2 2 2 2 2 2 2 2 2 2 2 2 2 2
left_child=1 2 3 4 -1 -4 7 8 -6 10 -9 12 13 14 -12 16 17 -16 -18 20 -20 -22
right_child=11 6 5 -3 -2 -5 9 -8 -7 -11 -10 15 -15 -14 -13 19 18 -17 -19 21 -21 -23
leaf_value=0.0000203583526277 -0.00114289763738 0.00286134269299 0.00114614815874 -0.00559381704829 -0.000407341018099 0.000907883874194 0.00415434650593 -0.00176860573280 0.0000187982977016 0.00143021258177 -0.00147456326859 0.00126136951439 -0.00505634195632 0.00125209191784 -0.00209166152721 -0.000276942595533 -0.0000572970725726 0.00318798911481 -0.000244018423211 0.0000852610619335 0.000183775324168 -0.0000323734033833
internal_count=0
leaf_count=0

Tree=99
num_leaves=25
num_cat=0
split_feature=2 6 3 0 0 0 3 5 0 0 4 2 4 0 6 1 3 3 6 5 0 4 4 6
threshold=0.186657368888 -1.35785148083 0.150000000000 0.290580110192 0.229651356831 0.149678275743 0.200000000000 0.348718018311 0.125917911476 0.118469451877 68.0050000000 0.000822058847802 83.0590000000 0.209685758227 -0.188270048229 -0.0342735764360 0.400000000000 0.200000000000 1.36084153804 0.846658885456 0.343093506709 230.655000000 295.487000000 -0.533537461998
decision_type=2 2 2 2 2 2 2 2 2 2 2 2 2 2 2 2 2 2 2 2 2 2 2 2
left_child=1 2 3 4 -1 6 -4 -6 9 10 -8 -10 13 -12 -14 16 17 18 -16 20 21 -20 -22 -24
right_child=15 8 5 -3 -2 7 -5 -7 12 11 -9 -11 14 -13 -15 19 -19 -18 -17 23 22 -21 -23 -25
leaf_value=0.0000625427854209 -0.00150914492020 0.00135960309985 -0.00108546159312 0.000303488321561 -0.00103288574831 -0.00293176014812 -0.000182358297589 0.0000230733290077 -0.00137823989612 0.0000338125934182 0.000408174998320 0.00269383587939 0.000616404582883 -0.000110532853754 -0.000352809827025 -0.00116372962435 0.00112697823484 -0.00165150007242 0.00190967647623 -0.00125630655399 0.00599677189725 0.00325391367270 -0.00151611726918 -0.000365150902049
internal_count=0
leaf_count=0

Tree=100
num_leaves=19
num_cat=0
split_feature=2 0 4 5 3 2 0 0 6 6 1 6 4 0 0 6 4 1
threshold=0.186657368888 0.682234376366 138.519000000 0.276234258249 0.330000000000 0.0788458258632 0.414119908303 0.517462192691 1.05611607815 -0.921995449452 -0.00228690419108 2.38119576508 298.345000000 0.343093506709 0.517462192691 0.621018953211 242.361000000 -0.0342735764360
decision_type=2 2 2 2 2 2 2 2 2 2 2 2 2 2 2 2 2 2
left_child=1 2 3 4 -1 6 -4 -6 9 -8 -9 12 13 -12 -14 -15 -17 -18
right_child=11 8 5 -3 -2 7 -5 -7 -11 10 -10 16 14 -13 15 -16 17 -19
leaf_value=-0.0000460000307586 -0.00134768149816 -0.00295038086475 -0.0000246556288077 0.000631350357733 0.000568878222214 -0.00231914805993 0.00250544589499 0.0000923163910137 -0.00184814213330 0.00297365632474 -0.000753801978497 0.00467424620614 0.00117805280901 -0.00204499351936 0.000385063878015 -0.0000724721291073 -0.000986238914336 -0.00634120742051
internal_count=0
leaf_count=0

Tree=101
num_leaves=28
num_cat=0
split_feature=4 0 0 3 3 3 5 2 6 2 0 6 3 5 4 6 2 3 6 5 5 4 6 4 4 3 5
threshold=75.2040000000 0.171931751285 0.112018384471 0.200000000000 0.0700000000000 0.220000000000 0.173263955765 0.0224878535967 1.89947833490 0.0201396879119 0.229651356831 0.00000000000 0.150000000000 0.202809048023 109.675000000 -1.98411417907 -0.0100191214894 0.0700000000000 -0.00154789991806 0.225011847205 0.162127479443 301.925000000 -1.98411417907 129.235000000 129.235000000 0.770000000000 0.583538721700
decision_type=2 2 2 2 2 2 2 2 2 2 2 2 2 2 2 2 2 2 2 2 2 2 2 2 2 2 2
left_child=1 2 3 4 -1 -3 7 -5 -7 10 11 -9 13 -12 15 16 -15 -16 19 -18 -20 22 23 -22 -24 26 -26
right_child=14 9 6 5 -2 -4 8 -6 -8 12 -11 -10 -14 -13 21 18 17 -17 20 -19 -21 25 24 -23 -25 -28 -27
leaf_value=0.000222499618279 -0.000628597157923 0.00301239575152 0.000337268294454 0.00250639044991 0.000432885754284 0.000175119405334 0.00102106820408 -0.00162810114310 0.0000989145178659 0.00296204516082 0.000144493029248 -0.00262689316699 -0.00407545675900 0.00250627138981 0.00125001050250 -0.00145341055888 -0.00147811790692 0.000771528952417 0.00214175956624 -0.000470085146748 -0.00163420881293 -0.000163435459742 0.000570159261649 -0.0000299449135989 0.000478991009583 -0.00122415723096 0.00316874119232
internal_count=0
leaf_count=0

Tree=102
num_leaves=20
num_cat=0
split_feature=1 5 2 2 0 3 5 4 6 0 5 3 0 3 3 4 4 5 1
threshold=-0.110793042921 0.299871788117 0.00172505952972 -0.00194628349384 0.517462192691 0.0400000000000 0.699558116609 300.858000000 -5.47112949248 0.254639150384 0.255743121518 0.250000000000 0.517462192691 0.450000000000 0.330000000000 280.187000000 294.589000000 0.450699210863 0.00646074603173
decision_type=2 2 2 2 2 2 2 2 2 2 2 2 2 2 2 2 2 2 2
left_child=1 2 3 -1 5 -4 -6 -7 9 10 11 -9 13 14 -13 -15 17 -17 -19
right_child=8 4 -3 -2 6 -5 7 -8 12 -12 -11 -10 16 15 -14 -16 18 -18 -20
leaf_value=-0.00150115217649 -0.000189326721734 -0.00302803304439 0.00000782868665718 0.00203512582515 -0.00101164894858 0.000818668625393 -0.000503598835446 0.000222412625488 0.00205331552371 -0.00126780085880 0.00305840853838 -0.0000104941804796 0.000389634291500 -0.00221253610738 -0.000165614150622 -0.00149690747496 0.00846621220011 0.000222708492726 -0.00185281035765
internal_count=0
leaf_count=0

Tree=103
num_leaves=20
num_cat=0
split_feature=4 0 0 0 2 2 0 0 0 0 4 5 5 4 5 1 2 4 6
threshold=7.13600000000 0.163629200511 0.138846704622 0.125917911476 0.0160115775968 0.0000310937041279 0.682234376366 0.517462192691 0.414119908303 0.254639150384 269.097000000 0.450699210863 0.0818898291044 296.067000000 0.583538721700 -0.0178287481748 0.0127242326278 296.699000000 1.55086319495
decision_type=2 2 2 2 2 2 2 2 2 2 2 2 2 2 2 2 2 2 2
left_child=1 2 3 4 -1 -3 7 8 9 -7 -9 12 -11 -13 15 16 -15 -18 -19
right_child=6 -6 -5 5 -2 -4 14 11 10 -8 -10 13 -12 -14 17 -17 -16 18 -20
leaf_value=-0.000239115275253 -0.000954034252484 0.000439305208135 0.00322795382801 -0.00260920296207 0.00175319371530 0.00000493903041283 -0.000363747191139 0.00502976388608 -0.0000265116638759 0.000893167779413 -0.00360633531048 0.00234584883757 -0.000624787729268 0.000801347026296 -0.000427464745806 0.00626906873625 -0.00223783638812 -0.000337433970869 0.00104784352638
internal_count=0
leaf_count=0

Tree=104
num_leaves=22
num_cat=0
split_feature=2 0 0 6 5 3 3 3 0 2 6 0 0 0 5 5 1 3 3 5 6
threshold=-0.0920344685632 0.0884655380988 0.0677780034658 -1.20751980449 0.214593296673 0.270000000000 0.210000000000 0.360000000000 0.682234376366 0.0276585150284 -3.44827759203 0.138846704622 0.414119908303 0.290580110192 0.336676690650 0.699558116609 -0.0104333823096 0.620000000000 0.400000000000 0.583538721700 -0.00159800977387
decision_type=2 2 2 2 2 2 2 2 2 2 2 2 2 2 2 2 2 2 2 2 2
left_child=1 2 3 -1 -4 6 -5 -7 9 10 11 -9 -11 14 -13 -15 17 18 -17 -20 -21
right_child=8 4 -3 -2 5 7 -6 -8 16 13 12 -10 -12 15 -14 -16 19 -19 -18 20 -22
leaf_value=-0.000250386145650 0.000198463360373 -0.00231412491573 0.00540587079933 0.00124782566019 -0.00341685914085 0.00471229195383 -0.0000299201428396 0.000129119909060 0.00349468598338 0.0000226691451460 -0.000457269365989 -0.000162136095296 0.000493443532805 -0.00124871413726 0.0000239331812381 0.0000369109001192 -0.00124806408043 0.00132643443981 0.00598057042610 0.00100254004010 -0.000681233987416
internal_count=0
leaf_count=0

Tree=105
num_leaves=29
num_cat=0
split_feature=2 4 6 2 0 2 5 6 4 3 0 0 4 3 2 6 4 2 3 5 5 6 6 6 5 3 0 2
threshold=0.0463525146024 12.1930000000 -0.00159800977387 -0.00252248284379 0.129881372420 0.0000310937041279 0.199870253522 0.304150562930 25.0140000000 0.170000000000 0.125917911476 0.129881372420 39.2000000000 0.250000000000 0.0378050173546 0.00164940264443 7.13600000000 0.0701174124133 0.170000000000 0.166239422794 0.699558116609 3.12711454809 2.38119576508 0.840927859192 0.348718018311 0.0300000000000 0.209685758227 0.186657368888
decision_type=2 2 2 2 2 2 2 2 2 2 2 2 2 2 2 2 2 2 2 2 2 2 2 2 2 2 2 2
left_child=1 2 3 -1 -2 6 -4 -6 9 10 -8 -10 13 -12 -14 16 17 -16 19 -18 -20 22 23 -22 -24 26 -26 -28
right_child=15 8 5 4 -3 7 -5 -7 12 11 -9 -11 14 -13 -15 21 18 -17 20 -19 -21 25 24 -23 -25 27 -27 -29
leaf_value=0.00152258018994 -0.000566274644516 -0.00326072953020 0.000722219264587 -0.00155810584508 0.00437790591664 0.000722660345759 -0.000528062851389 0.00260956662085 -0.000560933497667 -0.00340551027484 0.000524440354846 0.00300799503824 -0.00000380113084275 0.000430295630051 0.00328705409806 -0.000349608400716 0.000870610214407 -0.000324976480905 0.00103293323422 -0.000376500651648 -0.00136021100363 -0.000194027263893 -0.00183021431515 0.00112475926858 -0.000853342484423 0.00118144895401 0.00127476551921 -0.00203151602210
internal_count=0
leaf_count=0

Tree=106
num_leaves=19
num_cat=0
split_feature=5 0 6 0 4 6 6 4 0 5 2 2 5 6 4 4 4 6
threshold=0.450699210863 0.254639150384 0.00156638046203 0.105893585049 39.2000000000 -0.0393778238203 1.05611607815 18.1280000000 0.125917911476 0.348718018311 -0.0235859411537 -0.00742285718935 0.428287952565 1.55086319495 250.346000000 257.325000000 263.523000000 -0.317772996000
decision_type=2 2 2 2 2 2 2 2 2 2 2 2 2 2 2 2 2 2
left_child=1 2 3 4 -1 -3 7 -5 -7 10 -9 -10 13 -12 -15 -16 -17 -18
right_child=14 9 6 5 -2 -4 8 -6 -8 12 11 -11 -14 -13 15 16 17 -19
leaf_value=0.000338247589257 -0.0000253660251881 -0.0000211344298520 -0.000748139084866 0.00126392207925 0.000111040518492 0.0000320059074841 -0.000303923791423 -0.00292199889534 0.00317964641831 -0.000230496429073 -0.00317581911870 0.00121665645301 0.00155341163024 0.00326477577346 -0.00350584887364 0.00471381844796 0.000524997022118 0.0000116893255186
internal_count=0
leaf_count=0

Tree=107
num_leaves=22
num_cat=0
split_feature=5 0 4 3 0 6 5 0 4 4 6 0 4 4 0 2 3 6 6 4 1
threshold=0.450699210863 0.343093506709 31.7810000000 0.0600000000000 0.163629200511 1.67981501632 0.255743121518 0.290580110192 242.361000000 300.671000000 2.38119576508 0.414119908303 290.636000000 285.894000000 0.414119908303 -0.00383152918995 0.180000000000 2.38119576508 1.89947833490 295.415000000 -0.0550003212777
decision_type=2 2 2 2 2 2 2 2 2 2 2 2 2 2 2 2 2 2 2 2 2
left_child=1 2 3 4 -1 -3 7 -5 -7 10 11 -9 -11 14 15 -14 -15 18 19 -18 -21
right_child=13 9 6 5 -2 -4 8 -6 -8 -13 12 -10 -12 17 -17 16 -16 20 -20 -19 -22
leaf_value=0.0000110096892662 0.00300155278322 -0.000460155398416 -0.00139703852564 0.0000367216851385 0.00266517364199 -0.000325272603986 0.0000539168046194 -0.00284097673586 -0.000552593108621 0.00275197371478 -0.000491890983801 0.00312632423691 0.00283561372690 0.00130318907857 -0.00197909699885 0.00546296207062 -0.000694901291357 0.0000971822144699 0.00247895055331 0.000313968920797 -0.00259248991881
internal_count=0
leaf_count=0

Tree=108
num_leaves=18
num_cat=0
split_feature=4 3 3 6 5 0 0 3 0 0 3 3 3 5 2 4 4
threshold=7.13600000000 0.120000000000 0.0600000000000 3.12711454809 0.188123166072 0.517462192691 0.194190662069 0.130000000000 0.144204971510 0.155996149483 0.240000000000 0.150000000000 0.250000000000 0.0406782379433 -0.000953355809694 295.963000000 285.894000000
decision_type=2 2 2 2 2 2 2 2 2 2 2 2 2 2 2 2 2
left_child=1 2 3 4 -1 6 7 8 -6 -8 11 -10 -12 -14 15 -15 -17
right_child=5 -5 -4 -3 -2 13 10 9 -7 -9 12 -11 -13 14 16 -16 -18
leaf_value=-0.0000206032511831 -0.00102875496092 -0.00207236944045 -0.00287498736108 0.00281099096694 0.0000119662561781 0.000424606634743 -0.0000117737209220 -0.000697840083216 0.000288224034797 0.00150653688814 -0.00256960491027 -0.00000753754973151 -0.00411258750807 -0.00487575090896 -0.000461615140455 0.00451205910429 -0.000335691172599
internal_count=0
leaf_count=0

Tree=109
num_leaves=25
num_cat=0
split_feature=5 0 0 0 4 4 4 6 4 4 5 5 6 4 2 2 6 0 6 4 6 0 0 3
threshold=0.450699210863 0.138846704622 0.125917911476 0.122142078077 83.0590000000 61.5620000000 7.13600000000 -2.96000796093 301.325000000 269.097000000 0.406518748812 0.0956275319750 0.304150562930 280.187000000 -0.00638163028529 0.0113190938622 -1.35785148083 0.682234376366 -0.759825048687 294.589000000 1.67981501632 0.682234376366 0.517462192691 0.250000000000
decision_type=2 2 2 2 2 2 2 2 2 2 2 2 2 2 2 2 2 2 2 2 2 2 2 2
left_child=1 2 3 4 -1 -3 -5 -6 9 10 -8 -10 13 14 -13 -14 17 -16 -18 20 -20 22 -22 -24
right_child=12 8 6 5 -2 -4 7 -7 -12 11 -9 -11 19 16 15 -15 18 -17 -19 21 -21 23 -23 -25
leaf_value=-0.000114806645754 0.0000132548483979 0.000392059078384 -0.000931211193866 0.00246752576722 0.00181669995221 -0.00000204846971824 -0.0000829229985533 -0.00180314214641 0.000660484579552 -0.00204002294739 0.00317175144650 0.00365480413528 -0.00219752405280 0.00197375257788 -0.000849539691507 0.00112157522005 0.00136760789893 0.000183201075613 -0.00426864515360 0.00103941562193 -0.0000846052122077 0.00232000767858 0.000673658033219 -0.00117625052396
internal_count=0
leaf_count=0

Tree=110
num_leaves=20
num_cat=0
split_feature=0 4 0 5 5 0 2 2 5 6 5 5 4 4 5 2 4 5 2
threshold=0.343093506709 31.7810000000 0.181738281104 0.144156252642 0.178604681288 0.149678275743 0.0906318398359 0.0629563975573 0.202809048023 -0.533537461998 0.188123166072 0.390566090098 121.110000000 294.589000000 0.186961022519 -0.00383152918995 301.925000000 0.336676690650 0.131736237535
decision_type=2 2 2 2 2 2 2 2 2 2 2 2 2 2 2 2 2 2 2
left_child=1 2 3 -1 -2 6 7 -5 -7 10 -9 -11 -13 14 -14 -15 17 -17 -19
right_child=12 5 -4 4 -3 9 8 -6 -8 11 -10 -12 13 16 15 -16 18 -18 -20
leaf_value=-0.00175321416949 0.0000612391009943 -0.000393283554422 -0.00196282314466 -0.00000910575199388 -0.000542651585016 -0.000169348358427 0.00112662723042 -0.00128710418016 0.000848981395454 0.000157496553811 -0.000597876119072 -0.00575514781099 0.00322989541715 0.00138639796796 -0.00226974551025 -0.000866861633031 0.000111070969100 0.00348143552447 0.0000198876993867
internal_count=0
leaf_count=0

Tree=111
num_leaves=27
num_cat=0
split_feature=6 3 3 3 2 0 4 0 0 6 0 0 3 2 0 0 2 0 3 5 4 2 5 4 6 4
threshold=-0.00154789991806 0.330000000000 0.250000000000 0.240000000000 0.0629563975573 0.155996149483 290.636000000 0.229651356831 0.254639150384 -0.00158533903855 0.682234376366 0.517462192691 0.620000000000 0.00172505952972 0.290580110192 0.254639150384 0.186657368888 0.209685758227 0.0700000000000 0.450699210863 263.523000000 0.00332142086982 0.406518748812 280.187000000 1.24972593729 290.636000000
decision_type=2 2 2 2 2 2 2 2 2 2 2 2 2 2 2 2 2 2 2 2 2 2 2 2 2 2
left_child=1 2 3 4 -1 -3 7 -5 -7 10 11 -9 -11 -13 15 16 17 -15 -18 -19 21 -21 -22 24 -24 -26
right_child=14 9 6 5 -2 -4 8 -6 -8 13 12 -10 -12 -14 20 18 -17 -16 19 -20 23 22 -23 25 -25 -27
leaf_value=0.00000949468328142 -0.000330260445024 -0.000315069142539 -0.00386249693724 0.000223553859271 0.00328084632076 0.000133692107990 -0.00135262216483 -0.000206653781983 -0.00232748204087 -0.000453405070287 0.00354865579599 -0.00556198653730 0.000317597499235 0.0000314355477783 0.000694942993509 -0.00199268047890 0.00225634144439 -0.00265288835895 0.000114472173014 0.00562739887561 -0.0000736399338998 0.00475775658198 -0.00615469503672 -0.00141345321047 0.00390905469647 0.000127521695699
internal_count=0
leaf_count=0

Tree=112
num_leaves=21
num_cat=0
split_feature=4 6 0 5 6 3 0 0 0 0 6 6 2 2 5 0 6 6 5 5
threshold=3.50100000000 1.24972593729 0.155996149483 0.202809048023 -0.00158533903855 0.130000000000 0.254639150384 0.194190662069 0.163629200511 0.209685758227 3.63460238305 1.36084153804 0.186657368888 0.106785338614 0.846658885456 0.254639150384 -0.00159800977387 1.89947833490 0.583538721700 0.288528704112
decision_type=2 2 2 2 2 2 2 2 2 2 2 2 2 2 2 2 2 2 2 2
left_child=1 2 3 4 -1 6 7 8 -6 -8 11 -10 -12 14 15 -14 -16 18 -18 -20
right_child=5 -5 -4 -3 -2 13 10 9 -7 -9 12 -11 -13 17 16 -15 -17 19 -19 -21
leaf_value=-0.00133646132299 0.000529974276446 0.00314879540828 -0.00207232189188 0.00203384836634 0.00000548498148219 0.000486499552900 -0.00122106777326 0.000166990016294 0.000593887471458 -0.00124868324648 0.00370771646998 0.000817228049122 -0.0000439556619295 -0.000483521725088 -0.000343795084817 0.000707882520131 0.00142289778542 -0.000457968138806 -0.00101259966546 -0.00342462856923
internal_count=0
leaf_count=0

Tree=113
num_leaves=20
num_cat=0
split_feature=2 6 0 6 5 6 0 3 0 6 2 0 3 5 0 2 4 6 1
threshold=-0.0920344685632 0.304150562930 0.0884655380988 -1.98411417907 0.276234258249 -1.35785148083 0.122142078077 0.300000000000 0.517462192691 1.36084153804 0.186657368888 0.155996149483 0.210000000000 0.309954110468 0.254639150384 0.131736237535 285.894000000 2.69963239358 0.00646074603173
decision_type=2 2 2 2 2 2 2 2 2 2 2 2 2 2 2 2 2 2 2
left_child=1 2 3 -1 -3 -4 7 -6 9 10 11 -9 -11 14 -13 -15 -17 18 -18
right_child=8 6 4 -2 5 -5 -8 -7 16 13 12 -10 -12 15 -14 -16 17 -20 -19
leaf_value=0.0000435447261925 -0.00172534802019 0.00521520011182 -0.000410635295749 0.00217499025375 0.000815698113376 -0.000102758494648 -0.00203838701684 0.0000199486180027 -0.000158143156808 0.000280196062202 0.00260838067827 -0.000120044572607 0.00112628403314 -0.000529510389911 -0.00264500676484 0.00394354043472 0.000433229186413 -0.00157854806004 -0.00189519012795
internal_count=0
leaf_count=0

Tree=114
num_leaves=24
num_cat=0
split_feature=2 6 6 5 0 4 4 6 6 3 4 5 0 0 0 3 5 0 6 6 4 0 4
threshold=-0.0621989847686 -1.01118945359 -1.35785148083 0.264300404471 0.118469451877 250.346000000 274.180000000 -0.188270048229 1.05611607815 0.770000000000 297.827000000 0.450699210863 0.290580110192 0.209685758227 0.129881372420 0.360000000000 0.210329250239 0.343093506709 1.24972593729 -2.57230732359 263.523000000 0.290580110192 280.187000000
decision_type=2 2 2 2 2 2 2 2 2 2 2 2 2 2 2 2 2 2 2 2 2 2 2
left_child=1 2 3 4 -1 -3 7 -6 -7 10 -9 12 13 14 -12 -14 17 -16 -18 -20 21 -21 -23
right_child=11 6 -5 5 -2 -4 9 8 -8 -11 -10 19 16 15 -13 -15 18 -17 -19 20 22 -22 -24
leaf_value=-0.000579769973110 0.00396721134693 -0.00442126724868 -0.0000730313098660 0.00550387179203 -0.00342814851821 0.00169077503235 -0.00186059945724 0.00101412152397 -0.000366056263631 -0.00166990959974 0.0000160002114806 -0.000165999985535 0.0000335375240819 0.00449788194676 0.00264862528688 -0.0000789472670202 -0.00204929698839 0.000969104851908 0.00284852120632 -0.000280773225235 0.00510715049516 -0.00165795960269 0.000166252973786
internal_count=0
leaf_count=0

Tree=115
num_leaves=19
num_cat=0
split_feature=0 6 0 4 5 0 4 6 5 0 2 4 3 4 6 1 1 2
threshold=0.517462192691 1.67981501632 0.343093506709 3.50100000000 0.196653192402 0.0645542814157 280.187000000 -0.00158533903855 0.0818898291044 0.343093506709 0.186657368888 31.7810000000 0.250000000000 290.636000000 2.69963239358 0.00448140388919 -0.00563626658963 -0.0285947552131
decision_type=2 2 2 2 2 2 2 2 2 2 2 2 2 2 2 2 2 2
left_child=1 2 3 4 -1 -3 7 -5 -7 10 11 -9 -12 -14 15 16 -15 -17
right_child=13 9 6 5 -2 -4 8 -6 -8 12 -11 -10 -13 14 -19 17 -16 -18
leaf_value=0.00000106185568026 0.00210295528336 0.0000184978749995 -0.000109269860997 0.000109795357388 -0.00498906259111 0.00146302018133 -0.000236925651525 -0.000334962276545 0.000194568818841 -0.00132763286850 0.000616560598680 0.00337285737742 0.00469782895359 -0.000195356761016 0.00128993479101 -0.00100356448089 -0.00199365721177 -0.00251680857387
internal_count=0
leaf_count=0

Tree=116
num_leaves=24
num_cat=0
split_feature=0 2 0 0 3 2 0 3 4 6 2 3 0 4 2 4 5 1 6 6 1 3 6
threshold=0.682234376366 -0.0358469295132 0.108971897536 0.0913496526281 0.210000000000 -0.0920344685632 0.181738281104 0.330000000000 174.833000000 0.00156638046203 0.186657368888 0.520000000000 0.254639150384 3.50100000000 0.0250240889661 250.346000000 0.583538721700 -0.0178287481748 0.00159311773172 -0.00166398820067 -0.110793042921 0.620000000000 1.55086319495
decision_type=2 2 2 2 2 2 2 2 2 2 2 2 2 2 2 2 2 2 2 2 2 2 2
left_child=1 2 3 4 -1 -3 7 -5 -7 10 11 -9 -11 14 -13 -15 17 18 -17 20 -20 22 -22
right_child=16 9 6 5 -2 -4 8 -6 -8 13 12 -10 -12 15 -14 -16 19 -19 -18 21 -21 -24 -23
leaf_value=-0.000579983710408 0.000315416066065 0.00418480322831 -0.0000323949508706 -0.00236925481734 0.00100719662952 0.00431338777510 -0.000266045223384 -0.0000300563429401 -0.000815888854543 -0.00105651238999 0.00192881321001 0.00290025496437 -0.000171831954156 0.000194842688237 -0.00000502121136307 -0.000228066926865 0.00129244058067 0.00631524464502 -0.00159716491614 0.00230083091892 -0.000562983763183 0.00142055583378 -0.00232902679926
internal_count=0
leaf_count=0

Tree=117
num_leaves=20
num_cat=0
split_feature=3 4 0 0 0 6 6 3 6 0 6 0 3 6 6 6 6 0 5
threshold=0.620000000000 61.5620000000 0.229651356831 0.171931751285 0.0489001869889 1.05611607815 -0.759825048687 0.450000000000 -0.921995449452 0.144204971510 0.304150562930 0.138846704622 0.520000000000 -3.44827759203 1.05611607815 0.499171821056 -1.74435456000 0.414119908303 0.186961022519
decision_type=2 2 2 2 2 2 2 2 2 2 2 2 2 2 2 2 2 2 2
left_child=1 2 3 4 -1 -3 7 8 -6 -8 11 -10 -12 -14 15 16 -15 18 -18
right_child=13 6 -5 5 -2 -4 10 9 -7 -9 12 -11 -13 14 17 -17 -16 -20 -19
leaf_value=-0.00228662086564 0.000178299453685 -0.00254002318304 0.000952565413369 0.00374295932337 -0.0000928323362652 -0.000672878372988 0.0000700749481713 -0.00412504396761 0.0000246354102376 0.000424819048615 -0.000136192766662 0.00110239308277 0.00269287035507 -0.00137446336614 0.000338069099430 -0.00209924072777 0.000549960224897 -0.000232065079086 0.00478758140050
internal_count=0
leaf_count=0

Tree=118
num_leaves=20
num_cat=0
split_feature=4 2 5 0 5 0 2 4 2 0 0 5 6 0 0 5 6 3 6
threshold=3.50100000000 0.0341612049037 0.193632465857 0.134248472990 0.180896362483 0.125917911476 -0.00864875519606 12.1930000000 -0.0358469295132 0.122142078077 0.102939009049 0.276234258249 -2.25805384524 0.171931751285 0.155996149483 0.699558116609 -1.01118945359 0.330000000000 -0.921995449452
decision_type=2 2 2 2 2 2 2 2 2 2 2 2 2 2 2 2 2 2 2
left_child=1 2 3 4 -1 -4 7 8 -7 10 -9 -11 13 14 -13 -15 17 -17 -19
right_child=6 -6 5 -3 -2 -5 12 9 -8 11 -10 -12 16 15 -14 -16 18 -18 -20
leaf_value=0.000838518123710 -0.00143296475970 0.00319379110894 0.00287989616679 0.000935393515981 -0.00157553052817 0.00332136714138 -0.000110440763711 0.0000570601956395 -0.000513204826079 0.00104909372444 -0.0000768794280259 0.0000895410182452 -0.00187374758891 0.000979376976307 -0.00113407549505 -0.000100329147802 -0.00212190314801 0.000952581988895 -0.0000310707972766
internal_count=0
leaf_count=0

Tree=119
num_leaves=29
num_cat=0
split_feature=6 0 0 4 4 0 6 2 6 2 4 3 6 3 6 2 0 2 6 4 3 0 0 2 4 0 6 2
threshold=0.00156638046203 0.171931751285 0.125917911476 99.7900000000 68.0050000000 0.118469451877 -0.759825048687 -0.00864875519606 -0.317772996000 0.0250240889661 295.963000000 0.520000000000 -0.533537461998 0.140000000000 -1.20751980449 0.0341612049037 0.343093506709 -0.0285947552131 0.173935450622 230.655000000 0.270000000000 0.0999376819396 0.0970062156631 0.0276585150284 290.636000000 0.414119908303 3.63460238305 -0.0463132080856
decision_type=2 2 2 2 2 2 2 2 2 2 2 2 2 2 2 2 2 2 2 2 2 2 2 2 2 2 2 2
left_child=1 2 3 4 -1 -3 7 -5 -7 10 11 -9 -11 14 -13 -15 17 18 19 -17 -19 22 -21 -23 25 -25 27 -27
right_child=16 9 6 5 -2 -4 8 -6 -8 13 12 -10 -12 15 -14 -16 24 21 20 -18 -20 23 -22 -24 26 -26 -29 -28
leaf_value=-0.0000671919671042 -0.000918077023595 0.0000275898299702 -0.000779256292168 0.00145600517433 -0.000366145037752 0.00305541698376 0.000179071772121 -0.000776663869045 -0.00462753870785 -0.00114812466550 0.000306986580305 0.000232953575536 -0.00303882230741 0.00314955921856 0.000314835630507 0.00332040542735 -0.000404770874529 -0.000861576487238 0.0000929605051624 0.0000200814551740 -0.000624763798907 0.000569318661131 -0.00000696724766847 -0.000261866564589 0.00454705740196 0.00273814414796 0.000381175452467 -0.00329386882435
internal_count=0
leaf_count=0

end of trees
